sweep,kv,mas,correlation_sigma_mm,radius_mm,denoiser,ceiling_d_prime,excess,margin,bound_ok,contrast_recovery,level,benefit,delta_d_cho,delta_d_npwe,delta_d_pw,delta_ssim,divergent,erasure,estimator_d_prime_ratio,excess_response,input_d_pw,processed_d_pw,saturated,seed,stratum,task_degradation
atlas_demo,120.0,12.0,,,gaussian(1.5 px),2.4012149702459653,-0.21480688379419488,0.03417211134948208,True,0.7842649121281252,red,1.2255458490519535,-0.004102272842222643,0.3918029279847888,-0.8337429210671646,0.18855956270891644,True,False,0.7074793760585258,False,1.6988100689320071,0.8650671478648425,False,20260101,below floor,0.49078053886937156
atlas_demo,80.0,12.0,,,gaussian(1.5 px),2.9408758377279614,-0.13893364926751472,0.027544961506929918,True,0.8171398034980007,red,1.5332089564647664,-0.01745694063813641,0.49719234155637304,-1.0360166149083934,0.09839743890164547,True,False,0.8307052099177419,False,2.4430008801218213,1.406984265213428,False,20260101,below floor,0.4240754161565148
atlas_demo,120.0,200.0,,,gaussian(1.5 px),9.802919066391512,2.0788926136106056e-12,6.25e-06,True,0.8239367616213857,green,1.7813089889644163,-0.0537300976946522,1.0481324352071253,-0.733176553757291,0.5627998588337777,True,False,0.9482514723458005,False,9.295632437992472,8.562455884235181,True,20260101,above floor,0.0788732298364877
atlas_demo,120.0,50.0,,,gaussian(1.5 px),4.901459533195756,-0.009279476145966026,0.00679907485903283,True,0.8236070162548284,red,1.6917551467622416,-0.04820709131088741,0.5579570809980998,-1.1337980657641418,0.44182243140174116,True,False,0.9189690396057771,False,4.504289559887485,3.370491494123343,False,20260101,below floor,0.2517151818704265
dose,120.0,100.0,0.0,,NLM(0.6 sd),6.931710547268338,-5.774363767474533e-06,0.00010075525915850293,True,0.6819990076585336,green,1.4797511066990934,-0.862869250680582,0.4551953873309813,-1.024555719368112,0.5132810292246515,True,False,0.995213327945324,False,6.898530722100626,5.8739750027325135,True,20260101,above floor,0.14851796138064188
dose,120.0,100.0,0.0,,TV(0.4 sd),6.931710547268338,4.756362325109009e-07,6.944444444444445e-07,True,0.9157909992887568,green,0.578893395394803,-0.016991656092208096,0.5060029815245493,-0.07289041387025375,0.26511755716110164,True,False,0.995213327945324,False,6.898530722100626,6.825640308230372,True,20260101,above floor,0.010566078025388337
dose,120.0,100.0,0.0,,gaussian(1.5 px),6.931710547268338,-9.132526563870869e-07,4.78635078247818e-05,True,0.832703089294515,green,1.3945225623531217,-0.026158444852972806,0.8455029734790269,-0.5490195888740947,0.5359368514320201,True,False,0.995213327945324,False,6.898530722100626,6.349511133226531,True,20260101,above floor,0.07958500309569061
dose,120.0,12.500000000000002,0.0,,NLM(0.6 sd),2.450729766597878,-0.041451984299542666,0.01163352266467899,True,0.6186727857651273,red,0.6412691439869409,-0.18818885466629487,0.3326116082813877,-0.3086575357055532,0.14664742407933398,True,False,0.9207025672041795,False,2.256393187630366,1.9477356519248128,False,20260101,below floor,0.13679244264591195
dose,120.0,12.500000000000002,0.0,,TV(0.4 sd),2.450729766597878,-0.011769345410653775,0.009318895698092028,True,0.915580330392233,red,0.19353489464542095,0.0009595429307456271,0.2057940868836825,0.012259192238261551,0.042418854191637226,False,False,0.9207025672041795,False,2.256393187630366,2.2686523798686276,False,20260101,below floor,-0.005433092204615297
dose,120.0,12.500000000000002,0.0,,gaussian(1.5 px),2.450729766597878,-0.08075615096620936,0.014079276902309888,True,0.838263041566088,red,0.9271162749415325,-0.011580318023543423,0.3152789842103967,-0.6118372907311358,0.19728685674817573,True,False,0.9207025672041795,False,2.256393187630366,1.6445558968992302,False,20260101,below floor,0.27115721412617766
dose,120.0,200.0,0.0,,NLM(0.6 sd),9.802919066391512,2.0788926136106056e-12,6.944444444444445e-07,True,0.7338881290283087,green,1.854194940799883,-1.118205353241171,0.19395033448375454,-1.6602446063161285,0.5578453571271234,True,False,1.0038214317053815,False,9.840380252117109,8.18013564580098,True,20260101,above floor,0.1687175255203106
dose,120.0,200.0,0.0,,TV(0.4 sd),9.802919066391512,2.0788926136106056e-12,6.944444444444445e-07,True,0.9206401048091405,green,0.7474546614826361,0.0017865232009928178,0.6064441133632164,-0.1410105481194197,0.3412611131709417,True,False,1.0038214317053815,False,9.840380252117109,9.69936970399769,True,20260101,above floor,0.014329786502821573
dose,120.0,200.0,0.0,,gaussian(1.5 px),9.802919066391512,2.0788926136106056e-12,6.944444444444445e-07,True,0.830957564858199,green,1.612941093072446,-0.0546997612966571,1.0256715656813133,-0.5872695273911326,0.5640203806698589,True,False,1.0038214317053815,False,9.840380252117109,9.253110724725977,True,20260101,above floor,0.059679556312347226
dose,120.0,25.000000000000007,0.0,,NLM(0.6 sd),3.4658552736341695,-0.011141097412629697,0.005431784850267744,True,0.6234392051698951,red,0.9502440739970908,-0.24522142595050633,0.44262740143866885,-0.5076166725584219,0.26290777379790514,True,False,0.9829166658357542,False,3.4066469098297634,2.8990302372713415,False,20260101,below floor,0.14900771520926082
dose,120.0,25.000000000000007,0.0,,TV(0.4 sd),3.4658552736341695,-0.0005404029681852496,0.0035119730885035025,True,0.9042660494027654,red,0.25504904196094547,-0.010714903193639103,0.23053877836748793,-0.024510263593457537,0.09063154552091086,True,False,0.9829166658357542,False,3.4066469098297634,3.382136646236306,False,20260101,below floor,0.007194835344612294
dose,120.0,25.000000000000007,0.0,,gaussian(1.5 px),3.4658552736341695,-0.007237625190407493,0.004813222389311875,True,0.8269258246591711,red,0.6841658102840507,-0.011040854359144259,0.3492615210582759,-0.33490428922577475,0.3172051755963852,True,False,0.9829166658357542,False,3.4066469098297634,3.0717426206039886,False,20260101,below floor,0.09830906991253474
dose,120.0,3.125,0.0,,NLM(0.6 sd),1.225364883298939,-0.05482512570744924,0.019365780689274664,True,0.6083304867424328,red,0.3561619285747658,-0.08242288554973243,0.26060071238468985,-0.09556121619007596,0.030831565519680696,True,False,0.85992530117223,False,1.0537222663167145,0.9581610501266385,False,20260101,below floor,0.09068918750678978
dose,120.0,3.125,0.0,,TV(0.4 sd),1.225364883298939,-0.034869570151893736,0.018715975168098427,True,0.9182870804330399,red,0.1419396774208368,-0.0003478448801883527,0.13574144181237147,-0.00619823560846533,0.007023865666735576,True,False,0.85992530117223,False,1.0537222663167145,1.0475240307082492,False,20260101,below floor,0.005882228938875245
dose,120.0,3.125,0.0,,gaussian(1.5 px),1.225364883298939,-0.13620012570744933,0.02142973601846715,True,0.843595138674728,red,0.6567769326883057,-0.004250996532299878,0.2232750310890984,-0.4335019015992073,0.050251626345494134,True,False,0.85992530117223,False,1.0537222663167145,0.6202203647175072,False,20260101,below floor,0.41140053262280674
dose,120.0,49.99999999999999,0.0,,NLM(0.6 sd),4.901459533195756,-0.0014732261459660112,0.001669750539979198,True,0.6476326610469131,red,1.173852732067742,-0.42072413342991677,0.5131459388227548,-0.6607067932449873,0.4000996532049881,True,False,0.984230737581335,False,4.824167131582325,4.163460338337337,False,20260101,below floor,0.1369576913949654
dose,120.0,49.99999999999999,0.0,,TV(0.4 sd),4.901459533195756,-0.00027044836818823637,0.0009263405838020439,True,0.9120871504319616,red,0.3309039212864384,-0.04513853150731517,0.2883753218922429,-0.04252859939419551,0.1689914035222754,True,False,0.984230737581335,False,4.824167131582325,4.781638532188129,False,20260101,below floor,0.008815739221755825
dose,120.0,49.99999999999999,0.0,,gaussian(1.5 px),4.901459533195756,-0.0018669761459660927,0.001849396773937625,True,0.8335841934469845,red,1.1619409819168518,-0.02937099196386761,0.4727279337423096,-0.6892130481745422,0.44238895652723303,True,False,0.984230737581335,False,4.824167131582325,4.1349540834077825,False,20260101,below floor,0.14286674349702322
dose,120.0,6.25,0.0,,NLM(0.6 sd),1.7329276368170845,-0.050249169615552924,0.016019452750677343,True,0.6194226130052144,red,0.4960807626570325,-0.08352313583511894,0.3434513399966508,-0.1526294226603817,0.07138385263750686,True,False,0.896762871032294,False,1.5540251628832973,1.4013957402229156,False,20260101,below floor,0.09821554136047395
dose,120.0,6.25,0.0,,TV(0.4 sd),1.7329276368170845,-0.0263963918377752,0.014848852737695283,True,0.9198628902941591,red,0.169915461481021,-0.012459478325318685,0.17559535424902828,0.005679892768007289,0.017970402200407968,False,False,0.896762871032294,False,1.5540251628832973,1.5597050556513046,False,20260101,below floor,-0.0036549554689764285
dose,120.0,6.25,0.0,,gaussian(1.5 px),1.7329276368170845,-0.17410194739333074,0.020399759371936693,True,0.8486321167176302,red,1.0256640848975942,-0.006499683419405322,0.282646617346356,-0.7430174675512382,0.10701218928075856,True,False,0.896762871032294,False,1.5540251628832973,0.8110076953320591,False,20260101,below floor,0.4781244765513727
signal,120.0,25.0,,1.5,NLM(0.6 sd),0.8426561840065284,-0.08744352458176619,0.022033569892541762,True,0.35777766632959085,red,0.06590859569717922,-0.11308735045464424,-0.0489285563617079,-0.11483715205888712,0.25778320436219476,True,True,0.7381430789214634,False,0.62200083013479,0.5071636780759029,False,20260101,below floor,0.18462539999183192
signal,120.0,25.0,,1.5,NLM(0.6 sd),1.6853123680130568,-0.07906320022157987,0.017531224920043928,True,0.360485771457683,red,0.21866593279142488,-0.12718438702421686,-0.016770364222759016,-0.2354362970141839,0.257032623065158,True,True,0.8620559224822337,False,1.4528335080782135,1.2173972110640296,False,20260101,below floor,0.16205318483162978
signal,120.0,25.0,,3.0,NLM(0.6 sd),1.7329276368170845,-0.05157833628221964,0.016080917539027347,True,0.6104741422345352,red,0.5195606770489902,-0.11214014836322095,0.3048905735661791,-0.21467010348281113,0.25891009189811365,True,False,0.9244859638468982,False,1.6020672765997699,1.3873971731169588,False,20260101,below floor,0.13399568583563315
signal,120.0,25.0,,3.0,NLM(0.6 sd),3.465855273634169,-0.011348736301518558,0.005462765607632296,True,0.6305849942445524,red,0.9714053899677912,-0.2131213681819819,0.49533026045367246,-0.4760751295141188,0.2633156164811323,True,False,0.9912303226214004,False,3.4354608410434793,2.9593857115293605,False,20260101,below floor,0.13857678825106812
signal,120.0,25.0,,5.0,NLM(0.6 sd),2.911006412451428,-0.011841813972612414,0.007160572038201946,True,0.7405178980913452,red,0.9757742874610769,-0.17170031670550534,0.7568439055295231,-0.21893038193155379,0.26679331529234046,True,False,0.9734426016357498,False,2.833697655515069,2.614767273583515,False,20260101,below floor,0.07725961219096955
signal,120.0,25.0,,5.0,NLM(0.6 sd),5.822012824902856,-0.00023773471534405122,0.0006423037726443209,True,0.7743706053067617,amber,1.957080126160526,-0.4377431919534036,1.3844171066225526,-0.5726630195379734,0.27432386720711116,True,False,0.9882087203994452,False,5.753363843846411,5.180700824308437,False,20260101,marginal,0.09953533881756371
signal,120.0,25.0,,1.5,TV(0.4 sd),0.8426561840065284,-0.061763663470655095,0.02158716718656017,True,0.835434600338481,red,0.03886969903708881,-0.007394019195582691,0.025222895498872133,-0.013646803538216679,0.08553589251759211,True,False,0.7381430789214634,False,0.62200083013479,0.6083540265965733,False,20260101,below floor,0.02194016933266696
signal,120.0,25.0,,1.5,TV(0.4 sd),1.6853123680130568,-0.035078477999357704,0.015607683974045123,True,0.8120388286497895,red,0.06521291525854744,-0.0065463889750014825,0.06730127867662539,0.002088363418077943,0.08648571626949608,False,False,0.8620559224822337,False,1.4528335080782135,1.4549218714962915,False,20260101,below floor,-0.0014374416658660127
signal,120.0,25.0,,3.0,TV(0.4 sd),1.7329276368170845,-0.020967919615552888,0.0145632352679558,True,0.914073657188812,red,0.16969108012038392,-0.0018895645971044317,0.16110310630930091,-0.008587973811083005,0.0866488537592767,True,False,0.9244859638468982,False,1.6020672765997699,1.5934793027886869,False,20260101,below floor,0.00536055753495579
signal,120.0,25.0,,3.0,TV(0.4 sd),3.465855273634169,-0.0011542918570741634,0.0036502973486041788,True,0.9084487726889868,red,0.28063393142269444,0.0025104534582838234,0.25821410757077956,-0.022419823851914877,0.0908260475209909,True,False,0.9912303226214004,False,3.4354608410434793,3.4130410171915644,False,20260101,below floor,0.006526001863873754
signal,120.0,25.0,,5.0,TV(0.4 sd),2.911006412451428,-0.001885563972612414,0.005918073787789608,True,0.9269134701718709,red,0.223189804007226,-0.00820983095260086,0.23932447624803088,0.016134672240804893,0.09041159028192594,False,False,0.9734426016357498,False,2.833697655515069,2.8498323277558737,False,20260101,below floor,-0.005693858061887047
signal,120.0,25.0,,5.0,TV(0.4 sd),5.822012824902856,-5.0929159788437595e-05,0.00033589934927207195,True,0.9558590512148217,amber,0.5082248945330385,-0.02343129861560822,0.4729165041175283,-0.03530839041551026,0.09813218607787866,True,False,0.9882087203994452,False,5.753363843846411,5.7180554534309005,False,20260101,marginal,0.0061369993926726485
signal,120.0,25.0,,1.5,gaussian(1.5 px),0.8426561840065284,-0.14200810791509955,0.022719458352220993,True,0.6777689593579487,red,0.3753099063006522,-0.015448448312181617,0.038213963882711144,-0.33709594241794105,0.3073294027598179,True,False,0.7381430789214634,False,0.62200083013479,0.28490488771684896,False,20260101,below floor,0.5419541680432983
signal,120.0,25.0,,1.5,gaussian(1.5 px),1.6853123680130568,-0.14728056133269107,0.019844566357380536,True,0.6612096924358479,red,0.6653545600045947,-0.008124629110807025,0.08154159731817812,-0.5838129626864166,0.307973110362015,True,False,0.8620559224822337,False,1.4528335080782135,0.869020545391797,False,20260101,below floor,0.40184436787851596
signal,120.0,25.0,,3.0,gaussian(1.5 px),1.7329276368170845,-0.10608180850444182,0.01830642716563829,True,0.8389036289076635,red,0.7510631950362565,-0.006293266708595091,0.25499891445503997,-0.49606428058121654,0.3095230076311126,True,False,0.9244859638468982,False,1.6020672765997699,1.1060029960185533,False,20260101,below floor,0.3096401055229492
signal,120.0,25.0,,3.0,gaussian(1.5 px),3.465855273634169,-0.010780680745963056,0.0053775942399791185,True,0.8308120500715683,red,0.8175552583091239,-0.009866433198824076,0.40005344790291364,-0.41750181040621026,0.3175639982463431,True,False,0.9912303226214004,False,3.4354608410434793,3.017959030637269,False,20260101,below floor,0.1215271632318764
signal,120.0,25.0,,5.0,gaussian(1.5 px),2.911006412451428,-0.045685563972612475,0.010330888016145323,True,0.881243201626543,red,1.144313770891747,-0.00715279542630709,0.4509973467310331,-0.6933164241607139,0.3206480243416751,True,False,0.9734426016357498,False,2.833697655515069,2.140381231354355,False,20260101,below floor,0.24466845388792646
signal,120.0,25.0,,5.0,gaussian(1.5 px),5.822012824902856,-0.00010231804867733008,0.0004419338039751324,True,0.9068562059208977,amber,1.17399972106942,0.002754562000323091,0.9163641106597189,-0.25763561040970107,0.33620775341981,True,False,0.9882087203994452,False,5.753363843846411,5.49572823343671,False,20260101,marginal,0.04477999608616079
texture,120.0,25.0,0.0,,NLM(0.6 sd),3.465855273634169,-0.012721652968185282,0.005663438004985975,True,0.6324141732645783,red,0.9223962058576682,-0.2292773511605013,0.46963964318478757,-0.45275656267288067,0.2631997581287905,True,False,0.9671051769064817,False,3.3518465775402353,2.8990900148673546,False,20260101,below floor,0.1350767561101015
texture,120.0,25.0,0.25,,NLM(0.6 sd),3.7547370518688785,-0.023870691048445192,0.0067151461768322745,True,0.562932089069369,red,1.1151135129322443,-0.2826331020774058,0.2868765821003283,-0.828236930831916,0.546813807034136,True,False,0.9479658065152046,False,3.559362337627403,2.731125406795487,False,20260101,below floor,0.23269250283296572
texture,120.0,25.0,0.5,,NLM(0.6 sd),6.154588910664027,-0.04127867011260644,0.008191644523863914,True,0.5068008236744879,amber,3.4648678866919345,-0.3680411585897021,-0.08969423761216344,-3.554562124304098,0.45924934625061287,True,False,0.9808165663495493,False,6.036522762650504,2.4819606383464063,True,20260101,above floor,0.5888426605954464
texture,120.0,25.0,1.0,,NLM(0.6 sd),9.97053385555633,-0.09384027777688475,0.012364295982752994,True,0.5053750577152532,amber,6.468954016974667,-1.1926671030538456,-1.1999669180547614,-7.668920935029428,0.2982111017324377,True,False,0.9537056709536142,False,9.508954680479075,1.840033745449647,True,20260101,above floor,0.8064946350804415
texture,120.0,25.0,0.0,,TV(0.4 sd),3.465855273634169,-0.0034251251904074964,0.004122325423536369,True,0.9122818271132163,red,0.23308256979834097,-0.03410069431357554,0.21572502305832364,-0.017357546740017327,0.09062500595808332,True,False,0.9671051769064817,False,3.3518465775402353,3.334489030800218,False,20260101,below floor,0.005178502756159942
texture,120.0,25.0,0.25,,TV(0.4 sd),3.7547370518688785,-0.005124857715111952,0.0038247617439397235,True,0.814499624430232,red,0.5813844403649293,-0.05300850801553603,0.3118324736820526,-0.26955196668287673,0.2965128523464398,True,False,0.9479658065152046,False,3.559362337627403,3.2898103709445263,False,20260101,below floor,0.07573040930206465
texture,120.0,25.0,0.5,,TV(0.4 sd),6.154588910664027,-0.003809920112606502,0.002475639855943812,True,0.7828994547246482,amber,2.382396993188499,-0.23166252908839757,-0.08307009857785275,-2.4654670917663517,0.28580077602094833,True,False,0.9808165663495493,False,6.036522762650504,3.5710556708841525,True,20260101,above floor,0.40842504678700475
texture,120.0,25.0,1.0,,TV(0.4 sd),9.97053385555633,-0.0008798611102180942,0.0011881703748348735,True,0.7158172976981177,amber,4.839578524753514,-0.7712365153805241,-0.9224954215995114,-5.762073946353025,0.23506958962844704,True,False,0.9537056709536142,False,9.508954680479075,3.74688073412605,True,20260101,above floor,0.6059629202126687
texture,120.0,25.0,0.0,,gaussian(1.5 px),3.465855273634169,-0.0256667918570741,0.0072937680128505305,True,0.8360723189949489,red,1.0751118068590602,-0.02211100186353221,0.3475623018768812,-0.727549504982179,0.3170774083883413,True,False,0.9671051769064817,False,3.3518465775402353,2.6242970725580563,False,20260101,below floor,0.21705930989123423
texture,120.0,25.0,0.25,,gaussian(1.5 px),3.7547370518688785,-0.02592971882622297,0.006961112885523125,True,0.8359607457839792,red,1.1839191126851532,-0.02002149983500301,0.29622798917044646,-0.8876911235147067,0.2946373847423298,True,False,0.9479658065152046,False,3.559362337627403,2.6716712141126964,False,20260101,below floor,0.24939611068268575
texture,120.0,25.0,0.5,,gaussian(1.5 px),6.154588910664027,-0.01236547566816204,0.004465038400805755,True,0.8326708593984625,amber,2.8870802664039075,-0.034463591406844074,0.03230274548018652,-2.854777520923721,0.21879669563832796,True,False,0.9808165663495493,False,6.036522762650504,3.1817452417267833,True,20260101,above floor,0.4729175442834329
texture,120.0,25.0,1.0,,gaussian(1.5 px),9.97053385555633,-0.0065895833324403075,0.0032547735788635234,True,0.833027192789805,amber,5.109226283778057,-0.28041184249570694,-0.7611100837485956,-5.870336367526653,0.14222433580233773,True,False,0.9537056709536142,False,9.508954680479075,3.6386183129524223,True,20260101,above floor,0.617348232774509
atlas_demo,120.0,12.0,,,gaussian(1.5 px),2.4012149702459653,-0.12915688379419488,0.028815463295854292,True,0.8690161881701289,red,1.1123185236692632,-0.010997101883893468,0.37684347991767364,-0.7354750437515896,0.18888997748430025,True,False,0.861939196588482,False,2.069701302290043,1.3342262585384534,False,21260104,below floor,0.3553532304095356
atlas_demo,80.0,12.0,,,gaussian(1.5 px),2.9408758377279614,-0.13895864926751467,0.027546996056111217,True,0.8379359330070022,red,1.523538130774737,-0.0187800213765823,0.43945177974832506,-1.084086351026412,0.09851836344179175,True,False,0.8421153783479753,False,2.476556768762701,1.392470417736289,False,21260104,below floor,0.43773935033519396
atlas_demo,120.0,200.0,,,gaussian(1.5 px),9.802919066391512,2.0788926136106056e-12,6.25e-06,True,0.8252819496514071,green,2.0787870611151265,-0.002305032061165946,1.1800080178129333,-0.8987790433021932,0.5631278673863012,True,False,0.9785379560981656,False,9.592528387022488,8.693749343720295,True,21260104,above floor,0.09369573975075551
atlas_demo,120.0,50.0,,,gaussian(1.5 px),4.901459533195756,-0.007435726145966104,0.006105341384751506,True,0.8276096745162258,red,1.6759884416995479,-0.013031386512390775,0.5692130685112766,-1.1067753731882712,0.44124428341810806,True,False,0.9275932055986692,False,4.546560560509208,3.439785187320937,False,21260104,below floor,0.2434313495791891
dose,120.0,100.0,0.0,,NLM(0.6 sd),6.931710547268338,-2.9965859896785574e-06,7.527532077779005e-05,True,0.6765685857442839,green,1.4190371878205816,-0.6150072744155857,0.4944317779174181,-0.9246054099031635,0.5130742890395125,True,False,0.954894244089188,False,6.619050503278851,5.694445093375688,True,21260104,above floor,0.1396885262387929
dose,120.0,100.0,0.0,,TV(0.4 sd),6.931710547268338,4.756362325109009e-07,6.944444444444445e-07,True,0.9167011838361923,green,0.5187656839018233,-0.024096801500008702,0.4458643111014844,-0.07290137280033893,0.2650060422111914,True,False,0.954894244089188,False,6.619050503278851,6.546149130478512,True,21260104,above floor,0.011013871666974873
dose,120.0,100.0,0.0,,gaussian(1.5 px),6.931710547268338,-1.6076971007805696e-06,5.84645228801617e-05,True,0.8332948027268989,green,1.0955946829039194,-0.015911324415998962,0.7629792494466896,-0.33261543345722977,0.5359095382775082,True,False,0.954894244089188,False,6.619050503278851,6.286435069821621,True,21260104,above floor,0.05025123063987247
dose,120.0,12.500000000000002,0.0,,NLM(0.6 sd),2.450729766597878,-0.04857142874398712,0.012119284473365896,True,0.6121473394484025,red,0.6854911026273283,-0.13202224379591687,0.3922968282104078,-0.2931942744169205,0.1463188666114029,True,False,0.8867986321007612,False,2.173303804667616,1.8801095302506954,False,21260104,below floor,0.1349071739474369
dose,120.0,12.500000000000002,0.0,,TV(0.4 sd),2.450729766597878,-0.02167351207732049,0.010152385461650383,True,0.90094995190368,red,0.1906496071187005,-0.021365635186053833,0.1808969264372673,-0.009752680681433201,0.042226441580743276,True,False,0.8867986321007612,False,2.173303804667616,2.1635511239861827,False,21260104,below floor,0.004487490732076771
dose,120.0,12.500000000000002,0.0,,gaussian(1.5 px),2.450729766597878,-0.07248115096620933,0.013607873635723916,True,0.8259642551488107,red,0.7773949129064726,-0.013941855292081584,0.29386406850705815,-0.4835308443994144,0.196154733356311,True,False,0.8867986321007612,False,2.173303804667616,1.6897729602682015,False,21260104,below floor,0.22248654024390546
dose,120.0,200.0,0.0,,NLM(0.6 sd),9.802919066391512,2.0788926136106056e-12,6.944444444444445e-07,True,0.7347029075435404,green,1.7747796331773689,-1.1184955201051494,0.19575689011714204,-1.5790227430602268,0.5579368686843895,True,False,0.9856234304673853,False,9.66198671881094,8.082963975750713,True,21260104,above floor,0.16342630030592198
dose,120.0,200.0,0.0,,TV(0.4 sd),9.802919066391512,2.0788926136106056e-12,6.944444444444445e-07,True,0.9209160437336115,green,0.700531716214968,-0.0017729627170233186,0.6157262716383087,-0.08480544457665928,0.34069339466337,True,False,0.9856234304673853,False,9.66198671881094,9.577181274234281,True,21260104,above floor,0.008777226366038282
dose,120.0,200.0,0.0,,gaussian(1.5 px),9.802919066391512,2.0788926136106056e-12,6.944444444444445e-07,True,0.8312707779388455,green,1.5250722995899677,-0.03143882940569753,1.0395470333533998,-0.4855252662365679,0.5635367331838005,True,False,0.9856234304673853,False,9.66198671881094,9.176461452574372,True,21260104,above floor,0.050251079862415615
dose,120.0,25.000000000000007,0.0,,NLM(0.6 sd),3.4658552736341695,-0.014142486301518598,0.005864040596072353,True,0.6220402444770451,red,0.8902510811218205,-0.24043510173664773,0.4114159224636533,-0.47883515865816717,0.26282242666576444,True,False,0.9651285280736873,False,3.3449957987589727,2.8661606401008055,False,21260104,below floor,0.1431497040551799
dose,120.0,25.000000000000007,0.0,,TV(0.4 sd),3.4658552736341695,-0.001339708523740768,0.003691070055100117,True,0.8992578721643808,red,0.26149070483199166,-0.014499450015045934,0.2634960176339636,0.0020053128019719146,0.09039575064296362,False,False,0.9651285280736873,False,3.3449957987589727,3.3470011115609446,False,21260104,below floor,-0.0005994963589239788
dose,120.0,25.000000000000007,0.0,,gaussian(1.5 px),3.4658552736341695,-0.015192486301518593,0.006008077290588375,True,0.8212907335090681,red,0.9249669033318311,-0.02063690750789693,0.3937200687601594,-0.5312468345716717,0.31676848641755817,True,False,0.9651285280736873,False,3.3449957987589727,2.813748964187301,False,21260104,below floor,0.158818386190132
dose,120.0,3.125,0.0,,NLM(0.6 sd),1.225364883298939,-0.07163832015189375,0.019867073524046243,True,0.6162515411415708,red,0.3308995072099369,-0.04131549110441046,0.31291247086723006,-0.01798703634270682,0.030944607486185605,True,False,0.7396200888935619,False,0.9063044839126103,0.8883174475699035,False,21260104,below floor,0.019846571060814888
dose,120.0,3.125,0.0,,TV(0.4 sd),1.225364883298939,-0.06491609792967146,0.019671577797346778,True,0.9068001868638923,red,0.12899527092791663,-0.008889975902336644,0.14266397777594986,0.01366870684803323,0.007075223451730236,False,False,0.7396200888935619,False,0.9063044839126103,0.9199731907606435,False,21260104,below floor,-0.015081804283946676
dose,120.0,3.125,0.0,,gaussian(1.5 px),1.225364883298939,-0.16024109792967145,0.021874065021475486,True,0.8317025917633794,red,0.6692958347602724,-0.0005185199296560139,0.25591974584423616,-0.4133760889160363,0.05058037339982885,True,False,0.7396200888935619,False,0.9063044839126103,0.49292839499657404,False,21260104,below floor,0.45611171107909443
dose,120.0,49.99999999999999,0.0,,NLM(0.6 sd),4.901459533195756,-0.0013697539237438328,0.0016192490567766156,True,0.6453946197368273,red,1.1770502801412293,-0.36141844592690475,0.5550038583746884,-0.6220464217665409,0.39944828015555767,True,False,0.9711422098040641,False,4.760014242332923,4.137967820566382,False,21260104,below floor,0.1306816303687509
dose,120.0,49.99999999999999,0.0,,TV(0.4 sd),4.901459533195756,-0.0001871150348549122,0.0008511416847575005,True,0.9176583979526928,red,0.3522388815333941,-0.01092996939504598,0.3397138327998026,-0.012525048733591504,0.16908108191234433,True,False,0.9711422098040641,False,4.760014242332923,4.747489193599331,False,21260104,below floor,0.002631304886065444
dose,120.0,49.99999999999999,0.0,,gaussian(1.5 px),4.901459533195756,-0.0010037817015216,0.0014263943906659229,True,0.8383543681775281,red,1.0133609393342806,-0.0247291178722282,0.52283406870457,-0.49052687062971057,0.44316480618989057,True,False,0.9711422098040641,False,4.760014242332923,4.269487371703212,False,21260104,below floor,0.10305155523847742
dose,120.0,6.25,0.0,,NLM(0.6 sd),1.7329276368170845,-0.05214986405999733,0.01610723120084351,True,0.6252624282684791,red,0.556389675523786,-0.07950517334659257,0.4031118494881043,-0.15327782603568174,0.07153117148334229,True,False,0.8963067038396167,False,1.5532346581480976,1.3999568321124158,False,21260104,below floor,0.0986829808565004
dose,120.0,6.25,0.0,,TV(0.4 sd),1.7329276368170845,-0.02155889183777515,0.014594700178591175,True,0.9106427391351765,red,0.1470110818479513,-0.011494359540704657,0.17791767096468036,0.030906589116729055,0.017925736292702013,False,False,0.8963067038396167,False,1.5532346581480976,1.5841412472648266,False,21260104,below floor,-0.01989820981304824
dose,120.0,6.25,0.0,,gaussian(1.5 px),1.7329276368170845,-0.07892555850444183,0.017266156743650368,True,0.8349995575086661,red,0.588113383091891,-0.008358688021764316,0.28490443210239724,-0.30320895098949374,0.10660893126148399,True,False,0.8963067038396167,False,1.5532346581480976,1.2500257071586038,False,21260104,below floor,0.19521129624483524
signal,120.0,25.0,,1.5,NLM(0.6 sd),0.8426561840065284,-0.09427269124843285,0.022138757673691,True,0.34606404392347345,red,0.05473415369501827,-0.030290900457891068,0.0009137396255045616,-0.05382041406951371,0.2579268383261806,True,True,0.6181668141059511,False,0.5209020886539938,0.4670816745844801,False,21260104,below floor,0.10332155551264
signal,120.0,25.0,,1.5,NLM(0.6 sd),1.6853123680130568,-0.0831416724438021,0.01769089381361942,True,0.36657593575169045,red,0.20286830639814535,-0.23123316341574052,-0.040654840107045453,-0.2435231465051908,0.2569476642850979,True,True,0.8548867752635576,False,1.4407512556024722,1.1972281090972814,False,21260104,below floor,0.16902511488935534
signal,120.0,25.0,,3.0,NLM(0.6 sd),1.7329276368170845,-0.06122416961555288,0.01651590698483618,True,0.6166322342130045,red,0.4750132063624293,-0.07510358008428963,0.35596131973629697,-0.11905188662613231,0.26010251402428713,True,False,0.8375685592198541,False,1.451445704001152,1.3323938173750196,False,21260104,below floor,0.0820229694420852
signal,120.0,25.0,,3.0,NLM(0.6 sd),3.465855273634169,-0.016273736301518626,0.006152955115362778,True,0.6254254095144941,red,1.0188778828799427,-0.2785441087836653,0.4867166510422778,-0.532161231837665,0.26285029950980526,True,False,0.9721966709705215,False,3.369492959092765,2.8373317272551,False,21260104,below floor,0.15793510723968074
signal,120.0,25.0,,5.0,NLM(0.6 sd),2.911006412451428,-0.017680702861501363,0.007799371955655255,True,0.7462726599656978,red,0.8615937090891508,-0.21017164992436177,0.6886424785523702,-0.17295123053678063,0.26567034098996567,True,False,0.9287167951057067,False,2.7035005459040513,2.5305493153672707,False,21260104,below floor,0.06397307032129551
signal,120.0,25.0,,5.0,NLM(0.6 sd),5.822012824902856,-8.426249312176726e-05,0.00040783691557480013,True,0.7706726489090433,amber,1.951236616778516,-0.4564834236242037,1.2970115708008558,-0.6542250459776602,0.2727248062041229,True,False,1.0206155922416404,False,5.9420370673266545,5.287812021348994,False,21260104,marginal,0.11010113847573133
signal,120.0,25.0,,1.5,TV(0.4 sd),0.8426561840065284,-0.07217477458176624,0.02177791535157006,True,0.7776045745282006,red,0.015899732308745973,-0.010308897080671509,0.046733386699108426,0.030833654390362453,0.08543480823293577,False,False,0.6181668141059511,False,0.5209020886539938,0.5517357430443562,False,21260104,below floor,-0.05919280237488844
signal,120.0,25.0,,1.5,TV(0.4 sd),1.6853123680130568,-0.03692083911046884,0.01569628687956905,True,0.8224901908557526,red,0.044564998277515366,-0.02311497512224303,0.04853701704751878,0.003972018770003416,0.08663402520738071,False,False,0.8548867752635576,False,1.4407512556024722,1.4447232743724756,False,21260104,below floor,-0.0027569080745604158
signal,120.0,25.0,,3.0,TV(0.4 sd),1.7329276368170845,-0.03965403072666407,0.015515707312179295,True,0.9055938631891203,red,0.15340210153347122,-0.010913330049268088,0.16603699691081775,0.012634895377346522,0.08719075612175908,False,False,0.8375685592198541,False,1.451445704001152,1.4640805993784984,False,21260104,below floor,-0.008705041699125449
signal,120.0,25.0,,3.0,TV(0.4 sd),3.465855273634169,-0.0032730418570741104,0.004092389602988464,True,0.9067393819724178,red,0.284434111857204,-0.01338830389428658,0.25507344345114413,-0.029360668406059887,0.09048603422691444,True,False,0.9721966709705215,False,3.369492959092765,3.340132290686705,False,21260104,below floor,0.00871367554777891
signal,120.0,25.0,,5.0,TV(0.4 sd),2.911006412451428,-0.0071786195281680065,0.006607138810859047,True,0.9388490271629164,red,0.24931359888306304,-0.00016744073574637142,0.2643399064330745,0.015026307550011442,0.09002038113334992,False,False,0.9287167951057067,False,2.7035005459040513,2.7185268534540628,False,21260104,below floor,-0.005558093033410705
signal,120.0,25.0,,5.0,TV(0.4 sd),5.822012824902856,6.70972910044032e-06,0.00014220202564627456,True,0.9494885490384273,amber,0.5505430933104836,-0.002511578985782137,0.5035835191413631,-0.046959574169120444,0.09756325744838149,True,False,1.0206155922416404,False,5.9420370673266545,5.895077493157534,False,21260104,marginal,0.007902941977143807
signal,120.0,25.0,,1.5,gaussian(1.5 px),0.8426561840065284,-0.1715157468039884,0.02294596856541985,True,0.6269921238867072,red,0.425228236791705,-0.013917272529701541,0.07889982946437746,-0.34632840732732756,0.30697048489003037,True,False,0.6181668141059511,False,0.5209020886539938,0.17457368132666623,False,21260104,below floor,0.664862773390364
signal,120.0,25.0,,1.5,gaussian(1.5 px),1.6853123680130568,-0.16349445022157993,0.020291572846329806,True,0.6742120885963545,red,0.7345656228348333,-0.007641511648220467,0.0923797823487722,-0.6421858404860611,0.3080294529042355,True,False,0.8548867752635576,False,1.4407512556024722,0.7985654151164111,False,21260104,below floor,0.4457298496106611
signal,120.0,25.0,,3.0,gaussian(1.5 px),1.7329276368170845,-0.134435280726664,0.019262858639073174,True,0.8304943274475501,red,0.7992378877786777,-0.0026866978181676604,0.2847725394397842,-0.5144653483388935,0.3114260847200655,True,False,0.8375685592198541,False,1.451445704001152,0.9369803556622585,False,21260104,below floor,0.354450288371576
signal,120.0,25.0,,3.0,gaussian(1.5 px),3.465855273634169,-0.026682069634851868,0.007406767810010257,True,0.8287003497144398,red,1.1178778035112105,-0.019715920909963103,0.39302213384713003,-0.7248556696640804,0.3165949534996351,True,False,0.9721966709705215,False,3.369492959092765,2.6446372894286845,False,21260104,below floor,0.21512306998832476
signal,120.0,25.0,,5.0,gaussian(1.5 px),2.911006412451428,-0.041475147305945814,0.009991727899216745,True,0.8929129740761357,red,1.0360001587600296,0.0031161240884856056,0.5086461620524281,-0.5273539967076015,0.3206282316866183,True,False,0.9287167951057067,False,2.7035005459040513,2.17614654919645,False,21260104,below floor,0.19506339568030462
signal,120.0,25.0,,5.0,gaussian(1.5 px),5.822012824902856,-1.2734715344020486e-05,0.00022691104447259506,True,0.9015099082800674,amber,1.2597966992462633,-0.0029164531290355455,0.9373177823093037,-0.3224789169369595,0.3339306516743876,True,False,1.0206155922416404,False,5.9420370673266545,5.619558150389695,False,21260104,marginal,0.05427076830438626
texture,120.0,25.0,0.0,,NLM(0.6 sd),3.465855273634169,-0.015052208523740784,0.005989030318324473,True,0.629850246252709,red,0.916918261693104,-0.20053879006832442,0.48540884701182163,-0.43150941468128234,0.26272809533504216,True,False,0.9484050963557605,False,3.287034804746135,2.8555253900648525,False,21260104,below floor,0.1312761927735684
texture,120.0,25.0,0.25,,NLM(0.6 sd),3.7547370518688785,-0.029631802159556297,0.007383180109702395,True,0.5568705683223418,red,1.2607378711526689,-0.24049018736024808,0.3323157059276056,-0.9284221652250633,0.5452817942132071,True,False,0.9332633298784022,False,3.5041584038449645,2.575736238619901,False,21260104,below floor,0.2649486861685091
texture,120.0,25.0,0.5,,NLM(0.6 sd),6.154588910664027,-0.050375892334828754,0.009056446531153598,True,0.5070331688823064,amber,3.5292256828082293,-0.31640967746254844,0.03794841883001876,-3.4912772639782106,0.46058417657764145,True,False,0.9426511327510451,False,5.8016302082544655,2.310352944276255,True,21260104,above floor,0.6017752146648156
texture,120.0,25.0,1.0,,NLM(0.6 sd),9.97053385555633,-0.030570138887995868,0.007039915816767462,True,0.5000600422888728,amber,5.687705634019817,-0.8887654423031464,-1.1336293310593586,-6.821334965079176,0.2982725500738634,True,False,0.950106602756116,False,9.473070049167463,2.6517350840882865,True,21260104,above floor,0.7200764830909983
texture,120.0,25.0,0.0,,TV(0.4 sd),3.465855273634169,-0.003657069634851906,0.004167573398659597,True,0.9200579736274029,red,0.24294221639617852,-0.008625593407609156,0.25591543295347563,0.012973216557297107,0.09076636409349234,False,False,0.9484050963557605,False,3.287034804746135,3.300008021303432,False,21260104,below floor,-0.003946784055515629
texture,120.0,25.0,0.25,,TV(0.4 sd),3.7547370518688785,-0.00858110771511189,0.004496534503824486,True,0.8049929755126444,red,0.6182242035447252,-0.07797170811123921,0.2700897036056573,-0.34813449993906787,0.29551123303296084,True,False,0.9332633298784022,False,3.5041584038449645,3.1560239039058966,False,21260104,below floor,0.09934896195248322
texture,120.0,25.0,0.5,,TV(0.4 sd),6.154588910664027,-0.005180753445939823,0.0028869873260828414,True,0.7797114678339646,amber,2.3218822178380467,-0.2674268941960545,-0.11630128502026116,-2.438183502858308,0.28875162433370516,True,False,0.9426511327510451,False,5.8016302082544655,3.3634467053961576,True,21260104,above floor,0.42025834383399685
texture,120.0,25.0,1.0,,TV(0.4 sd),9.97053385555633,-6.94444435513919e-05,0.00033423573353420994,True,0.7082350407277019,amber,4.698376856185444,-0.6696635254098151,-0.8614708220471878,-5.559847678232632,0.23483558141392008,True,False,0.950106602756116,False,9.473070049167463,3.91322237093483,True,21260104,above floor,0.5869108588214502
texture,120.0,25.0,0.0,,gaussian(1.5 px),3.465855273634169,-0.01816679185707415,0.006398885209313419,True,0.8428183660056131,red,0.902490876999563,-0.01790906996179409,0.38845831352443705,-0.5140325634751259,0.3178762654224516,True,False,0.9484050963557605,False,3.287034804746135,2.773002241271009,False,21260104,below floor,0.15638184382255904
texture,120.0,25.0,0.25,,gaussian(1.5 px),3.7547370518688785,-0.022256107715111884,0.0065159263317509895,True,0.8265045334938708,red,1.0049884846794237,-0.024425356335231463,0.2601144318559432,-0.7448740528234805,0.29362271732579553,True,False,0.9332633298784022,False,3.5041584038449645,2.759284351021484,False,21260104,below floor,0.21256860192340676
texture,120.0,25.0,0.5,,gaussian(1.5 px),6.154588910664027,-0.024513392334828743,0.006299338428455394,True,0.8297347249778085,amber,3.0259537454796606,-0.02903474097662606,0.03864957940897229,-2.9873041660706883,0.22031924088306926,True,False,0.9426511327510451,False,5.8016302082544655,2.8143260421837772,True,21260104,above floor,0.5149077171137865
texture,120.0,25.0,1.0,,gaussian(1.5 px),9.97053385555633,-0.0010736111102180868,0.0013124770466791497,True,0.8241614051200237,amber,4.406858286345504,-0.2578962009057415,-0.7065550931068385,-5.113413379452343,0.1421460231589507,True,False,0.950106602756116,False,9.473070049167463,4.35965666971512,True,21260104,above floor,0.539784183259759
atlas_demo,120.0,12.0,,,gaussian(1.5 px),2.4012149702459653,-0.1507318837941949,0.03036843353089787,True,0.8370468759111895,red,1.2006976911267588,-0.004585208655133233,0.41573089709246736,-0.7849667940342915,0.19099888347847618,True,False,0.807139331486266,False,1.9381150458391425,1.153148251804851,False,22260107,below floor,0.40501558239254354
atlas_demo,80.0,12.0,,,gaussian(1.5 px),2.9408758377279614,-0.08887114926751472,0.022934707973009248,True,0.8289038659455132,red,1.0304600534559882,-0.019991407955759044,0.32539657651742493,-0.7050634769385633,0.09805652363127867,True,False,0.8324088589385114,False,2.448011100362971,1.7429476234244077,False,22260107,below floor,0.2880148202081364
atlas_demo,120.0,200.0,,,gaussian(1.5 px),9.802919066391512,2.0788926136106056e-12,6.25e-06,True,0.8348264559283451,green,1.4707307029127525,-0.05577431457631832,0.9621806526667465,-0.5085500502460061,0.563706346649073,True,False,1.0064370160374925,False,9.866020613636115,9.357470563390109,True,22260107,above floor,0.051545609943600135
atlas_demo,120.0,50.0,,,gaussian(1.5 px),4.901459533195756,-0.002598226145966054,0.0037208953202342216,True,0.8179124101171334,red,1.230568921645331,-0.033396570590108254,0.6045154110766058,-0.6260535105687253,0.4428850862567545,True,False,0.9154924725379878,False,4.487249307090274,3.861195796521549,False,22260107,below floor,0.13951832575460033
dose,120.0,100.0,0.0,,NLM(0.6 sd),6.931710547268338,-2.1880821188258182e-07,3.404800325296122e-05,True,0.6737634945225128,green,1.4318987084474974,-0.8485902497313589,0.42344984006686026,-1.0084488683806372,0.5137385997843186,True,False,0.9803281416847874,False,6.795350919500411,5.786902051119774,True,22260107,above floor,0.14840276540932162
dose,120.0,100.0,0.0,,TV(0.4 sd),6.931710547268338,4.756362325109009e-07,6.944444444444445e-07,True,0.9108216013959942,green,0.5133450029490341,-0.020602167722006293,0.4444389958346493,-0.06890600711438477,0.2650281356704404,True,False,0.9803281416847874,False,6.795350919500411,6.726444912386026,True,22260107,above floor,0.01014016905538273
dose,120.0,100.0,0.0,,gaussian(1.5 px),6.931710547268338,-2.3021415452850746e-06,6.740159664382614e-05,True,0.8277899429091509,green,1.252055508516924,-0.036695284927397154,0.7005163881581149,-0.5515391203588091,0.5356657907809905,True,False,0.9803281416847874,False,6.795350919500411,6.243811799141602,True,22260107,above floor,0.08116418517490742
dose,120.0,12.500000000000002,0.0,,NLM(0.6 sd),2.450729766597878,-0.03956934541065382,0.011501288412990546,True,0.611925168279297,red,0.6619754802038973,-0.10223400099608604,0.41069120592706265,-0.25128427427683464,0.1471310460128632,True,False,0.909898022613212,False,2.2299141685867476,1.978629894309913,False,22260107,below floor,0.11268786835687539
dose,120.0,12.500000000000002,0.0,,TV(0.4 sd),2.450729766597878,-0.016358928743987144,0.009714189586332621,True,0.9011793491325543,red,0.1628281148592403,-0.006334893222087246,0.17766383668683106,0.014835721827590742,0.042326929549734146,False,False,0.909898022613212,False,2.2299141685867476,2.2447498904143384,False,22260107,below floor,-0.006653046129122098
dose,120.0,12.500000000000002,0.0,,gaussian(1.5 px),2.450729766597878,-0.13992837318843165,0.01694879121211347,True,0.8246295084090846,red,1.2533267499342327,-0.0057692159936730825,0.30300234560618855,-0.9503244043280441,0.19644641905634605,True,False,0.909898022613212,False,2.2299141685867476,1.2795897642587035,False,22260107,below floor,0.42617084447260634
dose,120.0,200.0,0.0,,NLM(0.6 sd),9.802919066391512,2.0788926136106056e-12,6.944444444444445e-07,True,0.7337361604406558,green,1.9605136917131576,-1.197170952070051,0.2513186096864919,-1.7091950820266657,0.5576549247045082,True,False,1.0101936451594424,False,9.90284654488104,8.193651462854374,True,22260107,above floor,0.17259634129241141
dose,120.0,200.0,0.0,,TV(0.4 sd),9.802919066391512,2.0788926136106056e-12,6.944444444444445e-07,True,0.91761659538701,green,0.8386155370493347,-0.04413772790283055,0.6671347887739953,-0.17148074827533932,0.34059314243729055,True,False,1.0101936451594424,False,9.90284654488104,9.7313657966057,True,22260107,above floor,0.017316308750031206
dose,120.0,200.0,0.0,,gaussian(1.5 px),9.802919066391512,2.0788926136106056e-12,6.944444444444445e-07,True,0.8289330658644639,green,1.8146778864201325,-0.044475303404551525,1.1572238425943544,-0.6574540438257781,0.5631125774565642,True,False,1.0101936451594424,False,9.90284654488104,9.245392501055262,True,22260107,above floor,0.06639041015591907
dose,120.0,25.000000000000007,0.0,,NLM(0.6 sd),3.4658552736341695,-0.01466679185707409,0.005936390777134077,True,0.6196089278836678,red,0.9442568650068988,-0.2683721923760358,0.4618410562189039,-0.48241580878799484,0.26385307929475554,True,False,0.9584627000441263,False,3.32189300352958,2.839477194741585,False,22260107,below floor,0.14522316290001458
dose,120.0,25.000000000000007,0.0,,TV(0.4 sd),3.4658552736341695,-0.0028015140792964077,0.003998172757020596,True,0.9082155751871576,red,0.25468228911815727,-0.0008061008681305992,0.2647792110309366,0.010096921912779333,0.09073992141795557,False,False,0.9584627000441263,False,3.32189300352958,3.3319899254423593,False,22260107,below floor,-0.003039508467627128
dose,120.0,25.000000000000007,0.0,,gaussian(1.5 px),3.4658552736341695,-0.042972347412629675,0.009030883975144363,True,0.8255331138485746,red,1.3680395928234361,-0.02202909481060633,0.3814503886692786,-0.9865892041541575,0.3177269584106921,True,False,0.9584627000441263,False,3.32189300352958,2.3353037993754224,False,22260107,below floor,0.2969960811819905
dose,120.0,3.125,0.0,,NLM(0.6 sd),1.225364883298939,-0.06926609792967153,0.019798825386371014,True,0.6032936124766767,red,0.33802909937562575,-0.09117581400285135,0.32040196369492235,-0.0176271356807034,0.030944421107889482,True,False,0.7496868574210369,False,0.9186399485544773,0.9010128128737739,False,22260107,below floor,0.01918829646853537
dose,120.0,3.125,0.0,,TV(0.4 sd),1.225364883298939,-0.061422347929671495,0.01956739314731316,True,0.8867594562829691,red,0.11274401839598958,0.003375659409328602,0.132065841228853,0.019321822832863433,0.007038694165809345,False,False,0.7496868574210369,False,0.9186399485544773,0.9379617713873407,False,22260107,below floor,-0.021033074887791603
dose,120.0,3.125,0.0,,gaussian(1.5 px),1.225364883298939,-0.13772512570744933,0.021460062615562676,True,0.8155998770314508,red,0.5501983880668672,0.005545081351386649,0.22950491226197733,-0.3206934758048898,0.05052126247643209,True,False,0.7496868574210369,False,0.9186399485544773,0.5979464727495875,False,22260107,below floor,0.34909593939335637
dose,120.0,49.99999999999999,0.0,,NLM(0.6 sd),4.901459533195756,-0.0013030872570771734,0.0015858619099119932,True,0.6369292988442313,red,1.0574370781099849,-0.5097238170950407,0.4378397295194314,-0.6195973485905535,0.39993264556408775,True,False,0.9566116797307845,False,4.688793437182859,4.069196088592306,False,22260107,below floor,0.13214430468978444
dose,120.0,49.99999999999999,0.0,,TV(0.4 sd),4.901459533195756,-7.461503485495236e-05,0.0007375604646778648,True,0.8990408799262796,red,0.32415360395885395,-0.017230525178319134,0.28853873564231014,-0.03561486831654381,0.1688752334170675,True,False,0.9566116797307845,False,4.688793437182859,4.653178568866315,False,22260107,below floor,0.0075957426561196195
dose,120.0,49.99999999999999,0.0,,gaussian(1.5 px),4.901459533195756,-0.0008135039237437969,0.0013150214243297317,True,0.8226484505935888,red,0.7627185825920257,-0.014522869766220303,0.41033447645630616,-0.3523841061357196,0.44253240217863105,True,False,0.9566116797307845,False,4.688793437182859,4.33640933104714,False,22260107,below floor,0.075154538338426
dose,120.0,6.25,0.0,,NLM(0.6 sd),1.7329276368170845,-0.05718041961555298,0.016335885536940917,True,0.6346473596194475,red,0.46415978718012063,-0.0905695099327204,0.36400010765959245,-0.10015967952052818,0.07171661343482383,True,False,0.8512190565798609,False,1.4751010281326065,1.3749413486120783,False,22260107,below floor,0.06790021673791702
dose,120.0,6.25,0.0,,TV(0.4 sd),1.7329276368170845,-0.032740836282219576,0.0151732500238622,True,0.9399835562958052,red,0.12113024421890484,-0.007655826690640577,0.15963055949554183,0.038500315276637,0.01795874539745205,False,False,0.8512190565798609,False,1.4751010281326065,1.5136013434092435,False,22260107,below floor,-0.026100120969596352
dose,120.0,6.25,0.0,,gaussian(1.5 px),1.7329276368170845,-0.10678944739333074,0.018331855514953557,True,0.862963364259749,red,0.6497799172775878,-0.009111413474142793,0.27316319228906827,-0.3766167249885195,0.1064189532777355,True,False,0.8512190565798609,False,1.4751010281326065,1.098484303144087,False,22260107,below floor,0.25531588535687944
signal,120.0,25.0,,1.5,NLM(0.6 sd),0.8426561840065284,-0.12101713569287731,0.02249709836266081,True,0.3272062518807293,red,0.1058786053301029,-0.07889202679246365,0.004301417758577286,-0.10157718757152562,0.2588992285476762,True,True,0.5711667322330602,False,0.4812971790149892,0.3797199914434636,False,22260107,below floor,0.2110487906440901
signal,120.0,25.0,,1.5,NLM(0.6 sd),1.6853123680130568,-0.08755347799935764,0.017860327250491966,True,0.34450002556904036,red,0.15954504291101945,-0.24382831374076752,-0.08565357246020877,-0.24519861537122822,0.256197810360651,True,True,0.8345232969867143,False,1.406432433806743,1.1612338184355149,False,22260107,below floor,0.1743408424587859
signal,120.0,25.0,,3.0,NLM(0.6 sd),1.7329276368170845,-0.05910125294888624,0.01642181255490707,True,0.6070372210150761,red,0.4936425940229203,-0.11792062811404502,0.3880918543224581,-0.10555073970046225,0.2603127921015969,True,False,0.8400350020879904,False,1.4557198710119759,1.3501691313115136,False,22260107,below floor,0.07250759009498597
signal,120.0,25.0,,3.0,NLM(0.6 sd),3.465855273634169,-0.014577208523740781,0.005924090153178662,True,0.6345525823095124,red,0.9234256965479015,-0.2135046365607769,0.4894441648422845,-0.43398153170561704,0.26213119860386097,True,False,0.9403420386725987,False,3.259089413753332,2.825107882047715,False,22260107,below floor,0.1331603637120904
signal,120.0,25.0,,5.0,NLM(0.6 sd),2.911006412451428,-0.01410778619483466,0.0074148949998525246,True,0.7598783617600964,red,0.9265864795505285,-0.1669268611983581,0.7181255931573509,-0.2084608863931776,0.2668742566059595,True,False,0.9466591968825541,False,2.755730992531234,2.5472701061380563,False,22260107,below floor,0.0756463119797115
signal,120.0,25.0,,5.0,NLM(0.6 sd),5.822012824902856,-0.00013704027089955773,0.0005010171624672952,True,0.7586417052348874,amber,1.6912501054554618,-0.41591593103837265,1.1741290042179693,-0.5171211012374926,0.2719642318176295,True,False,0.9591631397446572,False,5.584260100767485,5.067138999529992,False,22260107,marginal,0.09260333363885054
signal,120.0,25.0,,1.5,TV(0.4 sd),0.8426561840065284,-0.09001991347065508,0.02207391388580005,True,0.780920905063965,red,0.05350276956382233,0.006833681318997753,0.05972760984550696,0.006224840281684629,0.08568701463083514,False,False,0.5711667322330602,False,0.4812971790149892,0.4875220192966738,False,22260107,below floor,-0.012933465129432609
signal,120.0,25.0,,1.5,TV(0.4 sd),1.6853123680130568,-0.04528333911046878,0.016089046036606,True,0.7936990809359872,red,0.07065614169655632,-0.008033858433080798,0.06074984858113819,-0.00990629311541813,0.08669017558468366,True,False,0.8345232969867143,False,1.406432433806743,1.396526140691325,False,22260107,below floor,0.00704356133810502
signal,120.0,25.0,,3.0,TV(0.4 sd),1.7329276368170845,-0.039832502948886295,0.015524400889852684,True,0.8916882363312606,red,0.14391771447713575,0.002302534050438343,0.16556365204684798,0.021645937569712226,0.08704382642584782,False,False,0.8400350020879904,False,1.4557198710119759,1.477365808581688,False,22260107,below floor,-0.014869576215006619
signal,120.0,25.0,,3.0,TV(0.4 sd),3.465855273634169,-0.004116097412629638,0.004255725463503643,True,0.9156929843457775,red,0.2592447365789461,-0.00792071565799013,0.2509402598263444,-0.008304476752601708,0.09036250691605056,True,False,0.9403420386725987,False,3.259089413753332,3.2507849370007302,False,22260107,below floor,0.0025480972438365335
signal,120.0,25.0,,5.0,TV(0.4 sd),2.911006412451428,-0.004848758417056898,0.00631289732806788,True,0.9550400855785959,red,0.2645177600269213,-0.007169464226007172,0.26148711123257473,-0.0030306487943465577,0.09026401519826183,True,False,0.9466591968825541,False,2.755730992531234,2.7527003437368873,False,22260107,below floor,0.0010997622055854972
signal,120.0,25.0,,5.0,TV(0.4 sd),5.822012824902856,-2.1068048677408413e-05,0.00025471008097959153,True,0.9351656126095048,amber,0.51321884061699,-0.012008525627665634,0.48398762348136737,-0.0292312171356226,0.09727721450263578,True,False,0.9591631397446572,False,5.584260100767485,5.555028883631862,False,22260107,marginal,0.005234572997702136
signal,120.0,25.0,,1.5,gaussian(1.5 px),0.8426561840065284,-0.17249491347065515,0.022951776072189647,True,0.6420264116148008,red,0.3945702755523762,0.002129923124159827,0.09843915842856121,-0.296131117123815,0.3078668442993905,True,False,0.5711667322330602,False,0.4812971790149892,0.18516606189117418,False,22260107,below floor,0.6152770679642661
signal,120.0,25.0,,1.5,gaussian(1.5 px),1.6853123680130568,-0.1878048668882466,0.020894347883701807,True,0.6423348552840943,red,0.8255026920996642,-0.004728797791848427,0.09355055766552534,-0.7319521344341389,0.3084945398204516,True,False,0.8345232969867143,False,1.406432433806743,0.6744802993726042,False,22260107,below floor,0.5204317796148861
signal,120.0,25.0,,3.0,gaussian(1.5 px),1.7329276368170845,-0.11050403072666404,0.018463992108831435,True,0.8191079903866326,red,0.6512882843278922,0.00310325621921681,0.2767092259993855,-0.3745790583285067,0.3110079151086667,True,False,0.8400350020879904,False,1.4557198710119759,1.0811408126834692,False,22260107,below floor,0.25731534327968597
signal,120.0,25.0,,3.0,gaussian(1.5 px),3.465855273634169,-0.012468180745963009,0.005626916290457285,True,0.8394785515646689,red,0.7605555835736917,-0.016278381039754652,0.3970866537461899,-0.3634689298275018,0.31629277790634003,True,False,0.9403420386725987,False,3.259089413753332,2.89562048392583,False,22260107,below floor,0.11152468793696357
signal,120.0,25.0,,5.0,gaussian(1.5 px),2.911006412451428,-0.02034042508372358,0.008073886152839358,True,0.9105666735840146,red,0.7923172521289619,0.0009351078714265881,0.5039736643789108,-0.2883435877500511,0.3204382831633819,True,False,0.9466591968825541,False,2.755730992531234,2.467387404781183,False,22260107,below floor,0.10463415642946972
signal,120.0,25.0,,5.0,gaussian(1.5 px),5.822012824902856,-9.606804867734464e-05,0.0004304372267252161,True,0.8883550880910914,amber,1.2312248124833158,-0.0026309135208375523,0.8602131182940185,-0.37101169418929736,0.33276518454491427,True,False,0.9591631397446572,False,5.584260100767485,5.213248406578187,False,22260107,marginal,0.06643882761447784
texture,120.0,25.0,0.0,,NLM(0.6 sd),3.465855273634169,-0.015792486301518527,0.00608888807534841,True,0.6176011595170571,red,0.8262943502374225,-0.31958486001686026,0.4011807032480119,-0.42511364698941057,0.2630440055355476,True,False,0.9334520361986898,False,3.2352096623437823,2.8100960153543717,False,22260107,below floor,0.13140219378592988
texture,120.0,25.0,0.25,,NLM(0.6 sd),3.7547370518688785,-0.022474163270667424,0.006543178096287719,True,0.5596714914690174,red,1.2662569377138597,-0.16573951444812618,0.4093638675835889,-0.8568930701302708,0.5476726183040679,True,False,0.9585279104390644,False,3.599020260576009,2.7421271904457383,False,22260107,below floor,0.23809064914603406
texture,120.0,25.0,0.5,,NLM(0.6 sd),6.154588910664027,-0.0313890867792731,0.007135152537474497,True,0.5069722199154778,amber,3.33126117287424,-0.1657846388470503,0.15547720584474023,-3.1757839670294996,0.4608177070352725,True,False,0.9412012210497294,False,5.792706597776106,2.6169226307466062,True,22260107,above floor,0.5482383603286112
texture,120.0,25.0,1.0,,NLM(0.6 sd),9.97053385555633,-0.028664583332440263,0.006815157877520592,True,0.500720900431452,amber,5.926351492440075,-0.9741431057640932,-1.1433712435241437,-7.069722735964218,0.297694732717308,True,False,0.979530102115559,False,9.76643804567973,2.696715309715511,True,22260107,above floor,0.7238793409529253
texture,120.0,25.0,0.0,,TV(0.4 sd),3.465855273634169,-0.004137625190407501,0.004259815616885552,True,0.8941566015111503,red,0.23407212924609322,-0.011118629688642745,0.22337206284901168,-0.010700066397081542,0.09058234975809593,True,False,0.9334520361986898,False,3.2352096623437823,3.2245095959467007,False,22260107,below floor,0.0033073795870558476
texture,120.0,25.0,0.25,,TV(0.4 sd),3.7547370518688785,-0.006132496604000837,0.004032000891770161,True,0.8066136569667971,red,0.6232730415143002,-0.02080729543575055,0.29766423006842935,-0.32560881144587084,0.2963363355092681,True,False,0.9585279104390644,False,3.599020260576009,3.2734114491301383,False,22260107,below floor,0.09047151387632324
texture,120.0,25.0,0.5,,TV(0.4 sd),6.154588910664027,-0.004458531223717643,0.002678095010777316,True,0.7696131474080902,amber,2.307136670368898,-0.1718195634220594,-0.025718220649924017,-2.332854891018822,0.29267825607526643,True,False,0.9412012210497294,False,5.792706597776106,3.459851706757284,True,22260107,above floor,0.4027227776242689
texture,120.0,25.0,1.0,,TV(0.4 sd),9.97053385555633,-2.0833332440295393e-05,0.0001833803248246714,True,0.7134558212897962,amber,4.959072242215521,-0.7076642648373941,-0.8013631885389887,-5.76043543075451,0.23472807585409566,True,False,0.979530102115559,False,9.76643804567973,4.00600261492522,True,22260107,above floor,0.5898194821706455
texture,120.0,25.0,0.0,,gaussian(1.5 px),3.465855273634169,-0.014725125190407473,0.005944387107852533,True,0.8206068441971293,red,0.681664975028875,-0.008816109342066447,0.31702005748738715,-0.36464491754148787,0.31728652105514665,True,False,0.9334520361986898,False,3.2352096623437823,2.8705647448022944,False,22260107,below floor,0.11271137131721998
texture,120.0,25.0,0.25,,gaussian(1.5 px),3.7547370518688785,-0.053502635492889694,0.009676567184166873,True,0.8250306795748878,red,1.6414911527369074,-0.012340713114785018,0.2797414422811597,-1.3617497104557477,0.2941511224307721,True,False,0.9585279104390644,False,3.599020260576009,2.2372705501202614,False,22260107,below floor,0.37836678091881737
texture,120.0,25.0,0.5,,gaussian(1.5 px),6.154588910664027,-0.012405059001495355,0.004472210026656967,True,0.826315350689828,amber,2.6609485098045282,-0.022887028436555212,0.09748229925715757,-2.5634662105473707,0.21987291474683002,True,False,0.9412012210497294,False,5.792706597776106,3.229240387228735,True,22260107,above floor,0.4425334111573195
texture,120.0,25.0,1.0,,gaussian(1.5 px),9.97053385555633,-0.0003944444435514116,0.0007956791150064818,True,0.8308507702914575,amber,4.475828695819242,-0.2650338266929815,-0.6500652178702508,-5.125893913689493,0.1420897386073106,True,False,0.979530102115559,False,9.76643804567973,4.640544131990236,True,22260107,above floor,0.5248478400942684
atlas_demo,120.0,12.0,,,gaussian(1.5 px),2.4012149702459653,-0.15398813379419485,0.03058993555528267,True,0.8211164041875306,red,1.175895157153445,-0.0017016137147902732,0.4159064686918825,-0.7599886884615625,0.19060938988927206,True,False,0.8099426509310529,False,1.9448464184563463,1.1848577299947838,False,23260110,below floor,0.39077054169900827
atlas_demo,80.0,12.0,,,gaussian(1.5 px),2.9408758377279614,-0.11425864926751472,0.02541522025371381,True,0.8283865505192693,red,1.380586967183982,0.000631328861221192,0.4572627114069119,-0.9233242557770702,0.09838404486705773,True,False,0.8573978440096361,False,2.5215006027679867,1.5981763469909165,False,23260110,below floor,0.3661804620484673
atlas_demo,120.0,200.0,,,gaussian(1.5 px),9.802919066391512,2.0788926136106056e-12,6.25e-06,True,0.8261677931327134,green,1.5244713807725514,-0.0401595376938193,1.068988423426008,-0.4554829573465433,0.5637590514197311,True,False,0.9595007583624601,False,9.405908278368475,8.950425321021932,True,23260110,above floor,0.048425196575013874
atlas_demo,120.0,50.0,,,gaussian(1.5 px),4.901459533195756,-0.003991976145966025,0.004537301504379788,True,0.8256887030514285,red,1.2547445614670703,-0.024430533586617287,0.563493709214471,-0.6912508522525993,0.4403302564641217,True,False,0.9177090346094192,False,4.498113696386212,3.8068628441336125,False,23260110,below floor,0.15367571806998803
dose,120.0,100.0,0.0,,NLM(0.6 sd),6.931710547268338,-3.9107697100804195e-05,0.00025251072653077256,True,0.6744782131249624,green,1.537295630820049,-0.7416148109714582,0.5119756250507619,-1.025320005769287,0.5135855709362268,True,False,0.996030611296369,False,6.904195893725172,5.878875887955885,True,23260110,above floor,0.148506795223053
dose,120.0,100.0,0.0,,TV(0.4 sd),6.931710547268338,-5.07991932308105e-06,9.503266897166309e-05,True,0.9047719204661174,green,0.5317973088514822,-0.03718961789029063,0.47286071693627996,-0.058936591915202285,0.2653551890625746,True,False,0.996030611296369,False,6.904195893725172,6.845259301809969,True,23260110,above floor,0.008536344104715599
dose,120.0,100.0,0.0,,gaussian(1.5 px),6.931710547268338,-9.246585989663991e-06,0.00012549231438977598,True,0.822059450753515,green,1.3699264819275845,-0.036100527524474124,0.8362279066024314,-0.5336985753251531,0.5360937394085383,True,False,0.996030611296369,False,6.904195893725172,6.370497318400019,True,23260110,above floor,0.07730061306780145
dose,120.0,12.500000000000002,0.0,,NLM(0.6 sd),2.450729766597878,-0.03564642874398716,0.011220311979004574,True,0.6167298328687286,red,0.6379935498653151,-0.18314698437289723,0.38136416531422523,-0.25662938455108986,0.14803362079952684,True,False,0.9245339617791952,False,2.2657829003629386,2.0091535158118488,False,23260110,below floor,0.11326300702065606
dose,120.0,12.500000000000002,0.0,,TV(0.4 sd),2.450729766597878,-0.011064484299542765,0.009256676236893288,True,0.9042803330159607,red,0.1850709628852707,-0.011591943087996714,0.2084510337122456,0.023380070826974908,0.042674086421799026,False,False,0.9245339617791952,False,2.2657829003629386,2.2891629711899135,False,23260110,below floor,-0.010318760382219239
dose,120.0,12.500000000000002,0.0,,gaussian(1.5 px),2.450729766597878,-0.06141934541065386,0.012944260107001379,True,0.8254966189699419,red,0.7914142998697846,-0.011467139864317577,0.30713877097778597,-0.48427552889199865,0.19790488229758363,True,False,0.9245339617791952,False,2.2657829003629386,1.78150737147094,False,23260110,below floor,0.21373430297069773
dose,120.0,200.0,0.0,,NLM(0.6 sd),9.802919066391512,2.0788926136106056e-12,6.944444444444445e-07,True,0.7338593530609661,green,1.7166111454144088,-1.1353026902654104,-0.008787070874964442,-1.7253982162893733,0.5583634131372385,True,False,0.9909914012432647,False,9.71460850187764,7.989210285588267,True,23260110,above floor,0.17760862066195338
dose,120.0,200.0,0.0,,TV(0.4 sd),9.802919066391512,2.0788926136106056e-12,6.944444444444445e-07,True,0.9161139646481339,green,0.6550381102126703,-0.01757567266850657,0.5049938730569075,-0.15004423715576287,0.3408919014475362,True,False,0.9909914012432647,False,9.71460850187764,9.564564264721877,True,23260110,above floor,0.01544521707969626
dose,120.0,200.0,0.0,,gaussian(1.5 px),9.802919066391512,2.0788926136106056e-12,6.944444444444445e-07,True,0.8271011716264104,green,1.4285907079107005,-0.04951732166061085,0.8786013661735659,-0.5499893417371347,0.5631897695268879,True,False,0.9909914012432647,False,9.71460850187764,9.164619160140505,True,23260110,above floor,0.05661466868488141
dose,120.0,25.000000000000007,0.0,,NLM(0.6 sd),3.4658552736341695,-0.015802902968185206,0.006090281782784411,True,0.6326266366106276,red,0.9659011514430049,-0.24956602342982848,0.5190829120779341,-0.4468182393650708,0.2619310644011038,True,False,0.953839007209932,False,3.305867953336523,2.8590497139714524,False,23260110,below floor,0.13515913087638887
dose,120.0,25.000000000000007,0.0,,TV(0.4 sd),3.4658552736341695,-0.0033945696348519627,0.004116328123571809,True,0.9121745499492293,red,0.24576591164415706,-0.016293780304954986,0.2549142687000594,0.009148357055902334,0.09035883630814087,False,False,0.953839007209932,False,3.305867953336523,3.3150163103924255,False,23260110,below floor,-0.002767308672044555
dose,120.0,25.000000000000007,0.0,,gaussian(1.5 px),3.4658552736341695,-0.01764873630151853,0.00633251179299685,True,0.8336538134649055,red,0.9787594000460205,-0.005897785073132322,0.42048471925165387,-0.5582746807943666,0.316112110050783,True,False,0.953839007209932,False,3.305867953336523,2.7475932725421566,False,23260110,below floor,0.16887385965640733
dose,120.0,3.125,0.0,,NLM(0.6 sd),1.225364883298939,-0.0716160979296715,0.019866437925869385,True,0.6009688932977659,red,0.3068067124443571,-0.06722092443708605,0.3103064890567392,0.0034997766123820995,0.031239243391347375,False,False,0.7226684675563505,False,0.8855325624110105,0.8890323390233926,False,23260110,below floor,-0.003952171564254314
dose,120.0,3.125,0.0,,TV(0.4 sd),1.225364883298939,-0.0619438757074493,0.01958305820660354,True,0.8747705009316997,red,0.08192337358883006,-0.00967875641862892,0.12435952526009764,0.042436151671267575,0.007117034290054559,False,False,0.7226684675563505,False,0.8855325624110105,0.9279687140822781,False,23260110,below floor,-0.04792161629350833
dose,120.0,3.125,0.0,,gaussian(1.5 px),1.225364883298939,-0.15028207015189377,0.021698698198882725,True,0.8089732871323444,red,0.5317331155149457,-0.006817319878513084,0.21883909150868341,-0.3128940240062623,0.05074947038105933,True,False,0.7226684675563505,False,0.8855325624110105,0.5726385384047482,False,23260110,below floor,0.3533399417344474
dose,120.0,49.99999999999999,0.0,,NLM(0.6 sd),4.901459533195756,-0.001009337257077192,0.0014295160235929026,True,0.6442921669572157,red,1.247243898431889,-0.39734592845166095,0.5146207696178884,-0.7326231288140006,0.3988144089594282,True,False,1.0093145612829835,False,4.947114478393772,4.214491349579771,False,23260110,below floor,0.14809099971583206
dose,120.0,49.99999999999999,0.0,,TV(0.4 sd),4.901459533195756,8.580163181171052e-05,0.0005354162815451463,True,0.9059844752634718,red,0.37643216175164174,-0.017037072288673905,0.31075102118727305,-0.06568114056436869,0.1686440515444949,True,False,1.0093145612829835,False,4.947114478393772,4.881433337829403,False,23260110,below floor,0.013276656695782374
dose,120.0,49.99999999999999,0.0,,gaussian(1.5 px),4.901459533195756,-0.0008697539237438878,0.0013489016050250169,True,0.8280989402176907,red,1.1494897599109768,-0.02389060277581745,0.49145751166714646,-0.6580322482438303,0.4414652134503306,True,False,1.0093145612829835,False,4.947114478393772,4.289082230149941,False,23260110,below floor,0.13301334568216427
dose,120.0,6.25,0.0,,NLM(0.6 sd),1.7329276368170845,-0.07916236405999733,0.01727579163256895,True,0.5898195580962341,red,0.4830458594312146,-0.09742413674007389,0.345776074789236,-0.1372697846419786,0.07139691908600093,True,False,0.8026959057432447,False,1.3910139190223902,1.2537441343804117,False,23260110,below floor,0.09868325741733219
dose,120.0,6.25,0.0,,TV(0.4 sd),1.7329276368170845,-0.04981236405999734,0.015999171063638754,True,0.8721947042253715,red,0.1356240481377764,-0.002180155662451,0.15578520871490342,0.020161160577127024,0.017911921269709873,False,False,0.8026959057432447,False,1.3910139190223902,1.4111750795995173,False,23260110,below floor,-0.014493859695736466
dose,120.0,6.25,0.0,,gaussian(1.5 px),1.7329276368170845,-0.15027833628221965,0.019743966790941557,True,0.7997844013990142,red,0.7491971820330977,-0.00593662132650441,0.26709384874672715,-0.48210333328637056,0.1061765745552516,True,False,0.8026959057432447,False,1.3910139190223902,0.9089105857360197,False,23260110,below floor,0.3465841187449761
signal,120.0,25.0,,1.5,NLM(0.6 sd),0.8426561840065284,-0.1099247745817662,0.022358767071600654,True,0.3548409789221623,red,0.008226402349211959,-0.14950885650830226,-0.07217276853699739,-0.08039917088620935,0.2567969221916824,True,True,0.5741211926656011,False,0.4837867733688724,0.40338760248266303,False,23260110,below floor,0.16618720335478765
signal,120.0,25.0,,1.5,NLM(0.6 sd),1.6853123680130568,-0.08844583911046877,0.01789418819346944,True,0.348476321756985,red,0.1915671522324156,-0.23362688626746886,-0.06466968950231711,-0.2562368417347327,0.25758757041600744,True,True,0.8396976449491209,False,1.41515282642419,1.1589159846894572,False,23260110,below floor,0.18106655122344084
signal,120.0,25.0,,3.0,NLM(0.6 sd),1.7329276368170845,-0.06418736405999736,0.01664573275546977,True,0.6055999956714848,red,0.4599857429403078,-0.1053629572965249,0.353298568570217,-0.10668717437009079,0.26102444525098345,True,False,0.8310853477214801,False,1.4402107676202895,1.3335235932501988,False,23260110,below floor,0.07407747308150858
signal,120.0,25.0,,3.0,NLM(0.6 sd),3.465855273634169,-0.011039014079296305,0.005416489927759337,True,0.6182460634149323,red,0.9501748730619575,-0.27233037132471694,0.4678452202849237,-0.48232965277703377,0.26191924644915926,True,False,0.9651051348001658,False,3.3449147210585704,2.8625850682815366,False,23260110,below floor,0.14419789232306357
signal,120.0,25.0,,5.0,NLM(0.6 sd),2.911006412451428,-0.019127925083723518,0.00794990086557226,True,0.7441016350708464,red,0.8529598387087578,-0.18023462447208916,0.6661789717256577,-0.18678086698310015,0.2652482352248766,True,False,0.9226934986556423,False,2.685966691313818,2.4991858243307177,False,23260110,below floor,0.06953953211226827
signal,120.0,25.0,,5.0,NLM(0.6 sd),5.822012824902856,-0.00019537360423294015,0.0005870276465599633,True,0.7648039729517314,amber,1.7462381054870528,-0.27977580042981653,1.2623734651388085,-0.4838646403482443,0.27283947931101044,True,False,0.9734990830901247,False,5.667724146781877,5.183859506433633,False,23260110,marginal,0.08537194609638543
signal,120.0,25.0,,1.5,TV(0.4 sd),0.8426561840065284,-0.09306574680398849,0.02212057611807728,True,0.8100109980735702,red,0.0534815525184093,-0.003206478506393551,0.046346715955017936,-0.007134836563391367,0.08527134406657383,True,False,0.5741211926656011,False,0.4837867733688724,0.476651936805481,False,23260110,below floor,0.014747895056550608
signal,120.0,25.0,,1.5,TV(0.4 sd),1.6853123680130568,-0.042900005777135486,0.015978654355336054,True,0.8152386529933116,red,0.057517876314315375,-0.011581270464420035,0.058232116927121824,0.0007142406128064493,0.0866429218801775,False,False,0.8396976449491209,False,1.41515282642419,1.4158670670369964,False,23260110,below floor,-0.0005047091730800979
signal,120.0,25.0,,3.0,TV(0.4 sd),1.7329276368170845,-0.040505419615552984,0.015557113881270145,True,0.8830185295967795,red,0.12187132086558639,-0.012998507997287412,0.15087276918660075,0.029001448321014367,0.08724370980080871,False,False,0.8310853477214801,False,1.4402107676202895,1.469212215941304,False,23260110,below floor,-0.02013694729482851
signal,120.0,25.0,,3.0,TV(0.4 sd),3.465855273634169,-0.0002917918570741751,0.0034543996138130494,True,0.9033786079736064,red,0.26871155525393586,-0.005916926170586478,0.2345883911538582,-0.03412316410007765,0.09041782179582888,True,False,0.9651051348001658,False,3.3449147210585704,3.3107915569584927,False,23260110,below floor,0.0102015049547447
signal,120.0,25.0,,5.0,TV(0.4 sd),2.911006412451428,-0.01030014730594575,0.006982358436341013,True,0.9359692276362813,red,0.2705186539895068,-0.004600509848896817,0.26567433666443496,-0.004844317325071845,0.08979606727152122,True,False,0.9226934986556423,False,2.685966691313818,2.681122373988746,False,23260110,below floor,0.0018035656736690164
signal,120.0,25.0,,5.0,TV(0.4 sd),5.822012824902856,-3.217915978848129e-05,0.0002876162228625261,True,0.9445503013789588,amber,0.5163759698075823,-0.005083513014723096,0.4845145340217445,-0.03186143578583778,0.09781674612100376,True,False,0.9734990830901247,False,5.667724146781877,5.635862710996039,False,23260110,marginal,0.005621557253086995
signal,120.0,25.0,,1.5,gaussian(1.5 px),0.8426561840065284,-0.16078519124843293,0.022875151804564446,True,0.6691795464244026,red,0.35447248563203637,-0.0031307099988328035,0.08602794307954498,-0.2684445425524914,0.3062225005215012,True,False,0.5741211926656011,False,0.4837867733688724,0.215342230816381,False,23260110,below floor,0.5548819383447897
signal,120.0,25.0,,1.5,gaussian(1.5 px),1.6853123680130568,-0.19316667244380215,0.021016727700142315,True,0.6648743754907896,red,0.8118332280157687,-0.007555620262355678,0.0929432544164781,-0.7188899735992906,0.3088615385562161,True,False,0.8396976449491209,False,1.41515282642419,0.6962628528248993,False,23260110,below floor,0.5079945855853483
signal,120.0,25.0,,3.0,gaussian(1.5 px),1.7329276368170845,-0.12325403072666408,0.018900705169241642,True,0.8144222834675826,red,0.6645318631156889,-0.009235161086214916,0.25517263222973474,-0.40935923088595416,0.31103940933685187,True,False,0.8310853477214801,False,1.4402107676202895,1.0308515367343354,False,23260110,below floor,0.28423564112241206
signal,120.0,25.0,,3.0,gaussian(1.5 px),3.465855273634169,-0.024354291857074162,0.007145092574004997,True,0.827483869961301,red,1.1168594784108148,-0.0033311115670002778,0.3949718728005891,-0.7218876056102257,0.3161785453031693,True,False,0.9651051348001658,False,3.3449147210585704,2.6230271154483447,False,23260110,below floor,0.2158164455032111
signal,120.0,25.0,,5.0,gaussian(1.5 px),2.911006412451428,-0.03308903619483472,0.009278485495178651,True,0.8907856963393798,red,0.8623594234011198,-0.002908679890972099,0.4771545580629637,-0.3852048653381561,0.3202859726143771,True,False,0.9226934986556423,False,2.685966691313818,2.3007618259756617,False,23260110,below floor,0.143413865325983
signal,120.0,25.0,,5.0,gaussian(1.5 px),5.822012824902856,-5.301249312184009e-05,0.0003408413875497862,True,0.8974514307920557,amber,1.1670454986320697,-0.009366203290644748,0.891261336102219,-0.2757841625298507,0.33473847015349456,True,False,0.9734990830901247,False,5.667724146781877,5.391939984252026,False,23260110,marginal,0.048658712983842056
texture,120.0,25.0,0.0,,NLM(0.6 sd),3.465855273634169,-0.012553597412629736,0.0056392494524300455,True,0.6281959030854884,red,0.9853682508126211,-0.23311913488026148,0.47741462486962805,-0.5079536259429931,0.2620566000245571,True,False,0.9928323344957443,False,3.4410131823465986,2.9330595564036055,False,23260110,below floor,0.14761746004024145
texture,120.0,25.0,0.25,,NLM(0.6 sd),3.7547370518688785,-0.02018180215955634,0.006250886147612131,True,0.559667638453719,red,1.2310021080981577,-0.2809091567132418,0.366181908118298,-0.8648201999798597,0.5497519211258094,True,False,0.9727862921553271,False,3.65255673470575,2.7877365347258904,False,23260110,below floor,0.2367711887299485
texture,120.0,25.0,0.5,,NLM(0.6 sd),6.154588910664027,-0.055877975668161994,0.009541525372394784,True,0.5054235594247126,amber,3.592830197798575,-0.3026520365107199,0.008625605878493925,-3.584204591920081,0.46078792698003646,True,False,0.9475833159817763,False,5.831985768471687,2.2477811765516056,True,23260110,above floor,0.6145770470320175
texture,120.0,25.0,1.0,,NLM(0.6 sd),9.97053385555633,-0.03109930555466245,0.00710109458078239,True,0.5031525614230609,amber,5.843047767167894,-0.9682494524382617,-1.093155092856025,-6.9362028600239185,0.29944431609588423,True,False,0.9613919690592985,False,9.585591175965698,2.6493883159417795,True,23260110,above floor,0.7236072071814739
texture,120.0,25.0,0.0,,TV(0.4 sd),3.465855273634169,-0.000790402968185222,0.003568943129836901,True,0.9036587494130759,red,0.27886502541878766,-0.015273177278834815,0.23882246910989569,-0.040042556308891974,0.09044835956051711,True,False,0.9928323344957443,False,3.4410131823465986,3.4009706260377066,False,23260110,below floor,0.011636850598051196
texture,120.0,25.0,0.25,,TV(0.4 sd),3.7547370518688785,-0.0042915243817786,0.0036446116910646242,True,0.8078718638155967,red,0.636782655234347,-0.06442214301027072,0.30812581420923824,-0.3286568410251087,0.2983063475891149,True,False,0.9727862921553271,False,3.65255673470575,3.3238998936806414,False,23260110,below floor,0.08997994142083743
texture,120.0,25.0,0.5,,TV(0.4 sd),6.154588910664027,-0.003809920112606502,0.002475639855943812,True,0.772858489838698,amber,2.257341170516497,-0.2306177190438765,-0.07486080726337851,-2.3322019777798757,0.2888445365041288,True,False,0.9475833159817763,False,5.831985768471687,3.499783790691811,True,23260110,above floor,0.399898434318547
texture,120.0,25.0,1.0,,TV(0.4 sd),9.97053385555633,-8.680555466245021e-05,0.00037360655079437535,True,0.712568361829011,amber,4.8381137762077415,-0.6675808986973468,-0.8301303508989268,-5.668244127106668,0.23560019322420273,True,False,0.9613919690592985,False,9.585591175965698,3.9173470488590305,True,23260110,above floor,0.5913296345580503
texture,120.0,25.0,0.0,,gaussian(1.5 px),3.465855273634169,-0.019125819634851937,0.006520012504569508,True,0.8283150006678514,red,1.0683361063000638,-0.01676500351411292,0.37295511076747623,-0.6953809955325876,0.3162897527554391,True,False,0.9928323344957443,False,3.4410131823465986,2.745632186814011,False,23260110,below floor,0.20208611786205732
texture,120.0,25.0,0.25,,gaussian(1.5 px),3.7547370518688785,-0.01478388549288967,0.005503123938166565,True,0.8269311068552466,red,1.0325351513980814,-0.02220615475295684,0.2930212419715552,-0.7395139094265262,0.2958237543553212,True,False,0.9727862921553271,False,3.65255673470575,2.913042825279224,False,23260110,below floor,0.20246472899375823
texture,120.0,25.0,0.5,,gaussian(1.5 px),6.154588910664027,-0.01414186455705091,0.004776473377270664,True,0.8209390631139809,amber,2.8048909862087017,-0.038599206191231694,0.04751150659709813,-2.7573794796116036,0.21950781310925135,True,False,0.9475833159817763,False,5.831985768471687,3.074606288860083,True,23260110,above floor,0.47280284779127546
texture,120.0,25.0,1.0,,gaussian(1.5 px),9.97053385555633,-0.0013638888879958788,0.001479321437397304,True,0.8282514620267584,amber,4.599366213490652,-0.24280975155742102,-0.6943475006155744,-5.293713714106226,0.14242061504788367,True,False,0.9613919690592985,False,9.585591175965698,4.291877461859472,True,23260110,above floor,0.5522574056130567
atlas_demo,120.0,12.0,,,gaussian(1.5 px),2.4012149702459653,-0.12456313379419481,0.02846471909265108,True,0.8545382309379297,red,1.0515964493702885,-0.018968913024518308,0.39026759122041166,-0.6613288581498769,0.1912180846152053,True,False,0.8398678661618401,False,2.016703293256345,1.3553744351064683,False,24260113,below floor,0.3279257094294905
atlas_demo,80.0,12.0,,,gaussian(1.5 px),2.9408758377279614,-0.10217739926751468,0.024275331356645845,True,0.8375444370925033,red,1.0642383384771272,-0.027601813580913515,0.2572667352869962,-0.8069716031901311,0.09842427052128411,True,False,0.8362666508034893,False,2.459356387245668,1.652384784055537,False,24260113,below floor,0.32812308430576465
atlas_demo,120.0,200.0,,,gaussian(1.5 px),9.802919066391512,2.0788926136106056e-12,6.25e-06,True,0.8263780426401254,green,1.5722645089046994,-0.010772790949191702,0.9651339743660143,-0.607130534538685,0.5628724242371987,True,False,1.0104797467750386,False,9.905651175863493,9.298520641324808,True,24260113,above floor,0.06129132994487463
atlas_demo,120.0,50.0,,,gaussian(1.5 px),4.901459533195756,-0.002454476145966056,0.003626299719757488,True,0.8254655736930816,red,1.3440320750117611,-0.018675621803684095,0.7095907010540627,-0.6344413739576984,0.4427366207958726,True,False,0.911209232244138,False,4.466255178119016,3.8318138041613174,False,24260113,below floor,0.14205220003235375
dose,120.0,100.0,0.0,,NLM(0.6 sd),6.931710547268338,-0.00010994103043415748,0.0004212782876330722,True,0.6788816461419492,green,1.4879499923695105,-0.7793123604915699,0.5062445168611323,-0.9817054755083783,0.5133487489493224,True,False,0.9890428605594778,False,6.85575882824058,5.874053352732202,True,24260113,above floor,0.14319428382814292
dose,120.0,100.0,0.0,,TV(0.4 sd),6.931710547268338,-2.174658598974588e-05,0.0001893716755558041,True,0.9151361323516795,green,0.5454668799320332,-0.05372491647722377,0.4331886487272465,-0.11227823120478675,0.26469366209387785,True,False,0.9890428605594778,False,6.85575882824058,6.743480597035793,True,24260113,above floor,0.016377214254136963
dose,120.0,100.0,0.0,,gaussian(1.5 px),6.931710547268338,-4.744103043419212e-05,0.00027775316525063934,True,0.8311022157890408,green,1.4493345569800704,-0.01652573290594006,0.7325732294223357,-0.7167613275577347,0.5352748366723168,True,False,0.9890428605594778,False,6.85575882824058,6.138997500682845,True,24260113,above floor,0.10454879547472062
dose,120.0,12.500000000000002,0.0,,NLM(0.6 sd),2.450729766597878,-0.04826309541065388,0.01209869541016862,True,0.6030318435900789,red,0.6799661731780238,-0.2040162964338572,0.3704294758668112,-0.3095366973112126,0.14649783449411324,True,False,0.9018775258631188,False,2.2102580984583926,1.90072140114718,False,24260113,below floor,0.14004549854476622
dose,120.0,12.500000000000002,0.0,,TV(0.4 sd),2.450729766597878,-0.013740178743987141,0.009490682375237472,True,0.8930245050417237,red,0.15318621135164,-0.008146223165387934,0.18932847941943054,0.03614226806779053,0.042390841262303476,False,False,0.9018775258631188,False,2.2102580984583926,2.246400366526183,False,24260113,below floor,-0.01635205774972559
dose,120.0,12.500000000000002,0.0,,gaussian(1.5 px),2.450729766597878,-0.07215892874398722,0.013589100316132332,True,0.8215599967789667,red,0.7880744690351391,-0.008990367645287822,0.2805667240541474,-0.5075077449809917,0.19676527729187743,True,False,0.9018775258631188,False,2.2102580984583926,1.702750353477401,False,24260113,below floor,0.2296146976386909
dose,120.0,200.0,0.0,,NLM(0.6 sd),9.802919066391512,2.0788926136106056e-12,6.944444444444445e-07,True,0.7348739572795394,green,1.9392984563399782,-1.3114102842648254,0.07504257547434712,-1.864255880865631,0.558313734646848,True,False,1.008723847072869,False,9.888438233194423,8.024182352328792,True,24260113,above floor,0.18852884923804492
dose,120.0,200.0,0.0,,TV(0.4 sd),9.802919066391512,2.0788926136106056e-12,6.944444444444445e-07,True,0.9186536305574425,green,0.8061061732194794,-0.034817674346863114,0.6587639490940926,-0.14734222412538678,0.3406333030007006,True,False,1.008723847072869,False,9.888438233194423,9.741096009069036,True,24260113,above floor,0.01490045451573685
dose,120.0,200.0,0.0,,gaussian(1.5 px),9.802919066391512,2.0788926136106056e-12,6.944444444444445e-07,True,0.8294806107655455,green,1.5069141855226507,-0.045534297997189555,1.0523995789501965,-0.4545146065724541,0.5640094837194086,True,False,1.008723847072869,False,9.888438233194423,9.433923626621969,True,24260113,above floor,0.04596424590555637
dose,120.0,25.000000000000007,0.0,,NLM(0.6 sd),3.4658552736341695,-0.010883458523740841,0.005393101755223131,True,0.6232346834368089,red,0.9310424519709679,-0.2597085960709835,0.49174678068730593,-0.439295671283662,0.2627202039920121,True,False,0.9740699588581005,False,3.3759855037969664,2.9366898325133044,False,24260113,below floor,0.1301236841181891
dose,120.0,25.000000000000007,0.0,,TV(0.4 sd),3.4658552736341695,-0.0017702640792963686,0.0037840764485834637,True,0.9077096224753558,red,0.23968583612090955,-0.02479151008089886,0.24112532673682763,0.001439490615918082,0.09070040890540512,False,False,0.9740699588581005,False,3.3759855037969664,3.3774249944128845,False,24260113,below floor,-0.00042639123133048074
dose,120.0,25.000000000000007,0.0,,gaussian(1.5 px),3.4658552736341695,-0.01096054185707418,0.005404703810873724,True,0.8275044725902132,red,0.8084318566332551,-0.01455107863249161,0.38079215461170346,-0.42763970202155166,0.31733920893579703,True,False,0.9740699588581005,False,3.3759855037969664,2.9483458017754147,False,24260113,below floor,0.12667107176277437
dose,120.0,3.125,0.0,,NLM(0.6 sd),1.225364883298939,-0.0766654034852271,0.020009056108513917,True,0.6305178981690847,red,0.38549204561739203,-0.09102405411160985,0.3205527588512723,-0.06493928676611971,0.03085121019998679,True,False,0.7671916282649903,False,0.9400896800368529,0.8751503932707332,False,24260113,below floor,0.06907775730882826
dose,120.0,3.125,0.0,,TV(0.4 sd),1.225364883298939,-0.05183068126300483,0.01927213895747247,True,0.9370010870514237,red,0.11609196141961453,-0.005224575397434705,0.14637275061868138,0.03028078919906685,0.007022484351401704,False,False,0.7671916282649903,False,0.9400896800368529,0.9703704692359197,False,24260113,below floor,-0.032210532507791934
dose,120.0,3.125,0.0,,gaussian(1.5 px),1.225364883298939,-0.1397820701518937,0.021500503901170205,True,0.8656117252529386,red,0.5717935902896879,-0.004692336685018672,0.23644087297876593,-0.335352717310922,0.0506034167257379,True,False,0.7671916282649903,False,0.9400896800368529,0.6047369627259309,False,24260113,below floor,0.35672417688680047
dose,120.0,49.99999999999999,0.0,,NLM(0.6 sd),4.901459533195756,-0.0014204483681883318,0.001644184680196099,True,0.6446257577648358,red,1.2460311276543798,-0.45140237128142324,0.5527370408479548,-0.693294086806425,0.3989484395789901,True,False,0.9723315261625362,False,4.765843628336142,4.072549541529717,False,24260113,below floor,0.14547142979772265
dose,120.0,49.99999999999999,0.0,,TV(0.4 sd),4.901459533195756,-0.00043919836818828717,0.0010624447857678404,True,0.914792787734712,red,0.37960842269588735,0.01005810321318723,0.3520400667812451,-0.02756835591464224,0.16848720979078455,True,False,0.9723315261625362,False,4.765843628336142,4.738275272421499,False,24260113,below floor,0.0057845699658986005
dose,120.0,49.99999999999999,0.0,,gaussian(1.5 px),4.901459533195756,-0.0006232261459661048,0.0011933162588552866,True,0.8352609813359816,red,0.822844797449735,-0.022136959931804867,0.5638126221388178,-0.25903217531091727,0.4411851756046958,True,False,0.9723315261625362,False,4.765843628336142,4.506811453025224,False,24260113,below floor,0.05435179907515153
dose,120.0,6.25,0.0,,NLM(0.6 sd),1.7329276368170845,-0.07993319739333071,0.017307083179180425,True,0.6046612566796403,red,0.4563014643348047,-0.09329806308747313,0.3546603636630672,-0.10164110067173748,0.07127351686213584,True,False,0.7739310953333409,False,1.3411665840952642,1.2395254834235268,False,24260113,below floor,0.07578558985668693
dose,120.0,6.25,0.0,,TV(0.4 sd),1.7329276368170845,-0.05574708628221958,0.01627127271947282,True,0.8962917882084107,red,0.13371958872566236,-0.010779832661531596,0.16608645710767145,0.032366868382009084,0.017866580503450823,False,False,0.7739310953333409,False,1.3411665840952642,1.3735334524772733,False,24260113,below floor,-0.02413336923678533
dose,120.0,6.25,0.0,,gaussian(1.5 px),1.7329276368170845,-0.15180403072666404,0.019788365695910852,True,0.8230512533073685,red,0.772531269333029,-0.001394406371817869,0.27181523057187595,-0.500716038761153,0.10619192044836896,True,False,0.7739310953333409,False,1.3411665840952642,0.8404505453341112,False,24260113,below floor,0.3733436581995744
signal,120.0,25.0,,1.5,NLM(0.6 sd),0.8426561840065284,-0.1258796356928773,0.02255317944762722,True,0.3416057918853641,red,0.07745966976885432,-0.05156155881173019,-0.0026898747591277417,-0.08014954452798206,0.2577547230241584,True,True,0.49398124759842493,False,0.4162563530720728,0.33610680854409075,False,24260113,below floor,0.19254851952759156
signal,120.0,25.0,,1.5,NLM(0.6 sd),1.6853123680130568,-0.10314028355491323,0.01843245381623495,True,0.3438803861453455,red,0.1702452923354676,-0.19315814378597929,-0.08168639953883483,-0.2519316918743024,0.2569689177903939,True,True,0.7914317872643977,False,1.3338097795153678,1.0818780876410654,False,24260113,below floor,0.18888127508394814
signal,120.0,25.0,,3.0,NLM(0.6 sd),1.7329276368170845,-0.0658366696155529,0.01671723915538829,True,0.6262044194759608,red,0.5402841905683284,-0.12044703286175773,0.36409079799451893,-0.1761933925738095,0.2595198059923186,True,False,0.8666150182813784,False,1.5017811156605436,1.3255877230867341,False,24260113,below floor,0.11732295121870173
signal,120.0,25.0,,3.0,NLM(0.6 sd),3.465855273634169,-0.014943180745963014,0.005974185485810158,True,0.6271118730875267,red,0.9651481040463485,-0.29721730139410063,0.47187174268626775,-0.4932763613600808,0.26347644594835046,True,False,0.9528430906561263,False,3.3024162506964156,2.809139889336335,False,24260113,below floor,0.14936831819915442
signal,120.0,25.0,,5.0,NLM(0.6 sd),2.911006412451428,-0.014404313972612437,0.007447545634305401,True,0.7567588908912558,red,0.8037947229239426,-0.15919055501152668,0.6652640449586544,-0.13853067796528817,0.2665702435137671,True,False,0.9317903173786447,False,2.712447588949386,2.573916910984098,False,24260113,below floor,0.05107220450255601
signal,120.0,25.0,,5.0,NLM(0.6 sd),5.822012824902856,-7.384582645519888e-05,0.00038679866555957213,True,0.7687344483094334,amber,1.7447596961103131,-0.31645157150719605,1.2877664598327132,-0.4569932362775999,0.27158478875977315,True,False,0.9793781051073822,False,5.701951888364237,5.244958652086637,False,24260113,marginal,0.08014680678210728
signal,120.0,25.0,,1.5,TV(0.4 sd),0.8426561840065284,-0.10714977458176622,0.022321887871739988,True,0.7836807201313314,red,0.062279052595782924,-0.02362323892972662,0.04836604160049918,-0.013913010995283748,0.08562057350464838,True,False,0.49398124759842493,False,0.4162563530720728,0.40234334207678907,False,24260113,below floor,0.03342414089923762
signal,120.0,25.0,,1.5,TV(0.4 sd),1.6853123680130568,-0.05002083911046884,0.01630491554416623,True,0.7851491131950707,red,0.02450730537398993,-0.009488998948575578,0.049493597458716954,0.024986292084727024,0.08672645701514044,False,False,0.7914317872643977,False,1.3338097795153678,1.3587960716000949,False,24260113,below floor,-0.018733025104828327
signal,120.0,25.0,,3.0,TV(0.4 sd),1.7329276368170845,-0.029559586282219552,0.015011830006818072,True,0.9270643765769353,red,0.14607994087110043,-0.005956580163995584,0.17261636971913008,0.026536428848029647,0.0867505995902571,False,False,0.8666150182813784,False,1.5017811156605436,1.5283175445085733,False,24260113,below floor,-0.017669971057238776
signal,120.0,25.0,,3.0,TV(0.4 sd),3.465855273634169,-0.0034945696348519517,0.004135923816683649,True,0.9048982382855837,red,0.2674503677545039,-0.005677979775180919,0.251405782410858,-0.016044585343645945,0.09049896207201909,True,False,0.9528430906561263,False,3.3024162506964156,3.2863716653527697,False,24260113,below floor,0.0048584382239103
signal,120.0,25.0,,5.0,TV(0.4 sd),2.911006412451428,-0.006129313972612405,0.006476238398464944,True,0.9401266227081384,red,0.2210071710346837,-0.011656417119866536,0.24465173174394228,0.023644560709258577,0.09036212061294839,False,False,0.9317903173786447,False,2.712447588949386,2.736092149658645,False,24260113,below floor,-0.0087170571721229
signal,120.0,25.0,,5.0,TV(0.4 sd),5.822012824902856,-2.24569375663064e-05,0.000259052632371977,True,0.944277272452647,amber,0.49916330016319455,-0.013140700641302239,0.4631760625644268,-0.03598723759876776,0.09746626097550774,True,False,0.9793781051073822,False,5.701951888364237,5.665964650765469,False,24260113,marginal,0.006311389205546525
signal,120.0,25.0,,1.5,gaussian(1.5 px),0.8426561840065284,-0.14893033013732182,0.022781578378845754,True,0.6534406099695831,red,0.26894107489338853,-0.0021274981768352186,0.11695389265068323,-0.1519871822427053,0.3075524288056631,True,False,0.49398124759842493,False,0.4162563530720728,0.2642691708293675,False,24260113,below floor,0.3651287989264381
signal,120.0,25.0,,1.5,gaussian(1.5 px),1.6853123680130568,-0.13971597799935764,0.019623258048763522,True,0.6353639096832774,red,0.485216447075863,-0.00814237827239217,0.06593151034600653,-0.41928493672985645,0.30848209656037173,True,False,0.7914317872643977,False,1.3338097795153678,0.9145248427855114,False,24260113,below floor,0.3143513739134536
signal,120.0,25.0,,3.0,gaussian(1.5 px),1.7329276368170845,-0.10672069739333068,0.018329388655926593,True,0.8544717070387359,red,0.6698151811651545,-0.005512865224798658,0.27157960899250333,-0.39823557217265115,0.3111203200171996,True,False,0.8666150182813784,False,1.5017811156605436,1.1035455434878925,False,24260113,below floor,0.2651755092801864
signal,120.0,25.0,,3.0,gaussian(1.5 px),3.465855273634169,-0.013503597412629742,0.005774681312761062,True,0.828088419722529,red,0.8067341742075311,-0.011653419373351959,0.3824548172560034,-0.42427935695152774,0.3161238923778049,True,False,0.9528430906561263,False,3.3024162506964156,2.878136893744888,False,24260113,below floor,0.12847543275686568
signal,120.0,25.0,,5.0,gaussian(1.5 px),2.911006412451428,-0.019417508417056917,0.007979685151098093,True,0.895393025022392,red,0.6955873170479108,-0.0015563487265417564,0.453127116732984,-0.24246020031492677,0.32066878292172324,True,False,0.9317903173786447,False,2.712447588949386,2.4699873886344594,False,24260113,below floor,0.08938797612264238
signal,120.0,25.0,,5.0,gaussian(1.5 px),5.822012824902856,-7.662360423288384e-05,0.00039251931002255247,True,0.8985788973779966,amber,1.2050299823201263,-0.0028604893394001962,0.8731744893254678,-0.33185549299465844,0.3343852506121649,True,False,0.9793781051073822,False,5.701951888364237,5.370096395369578,False,24260113,marginal,0.05820033200768737
texture,120.0,25.0,0.0,,NLM(0.6 sd),3.465855273634169,-0.015583458523740767,0.006060854800056878,True,0.6283007085037914,red,0.9763152016002077,-0.2787536502996022,0.49129519683146317,-0.4850200047687445,0.2622156755916778,True,False,0.9509735800822969,False,3.2959367976149947,2.81091679284625,False,24260113,below floor,0.14715694946569202
texture,120.0,25.0,0.25,,NLM(0.6 sd),3.7547370518688785,-0.03332555215955635,0.007781925583447064,True,0.5554291289746832,red,1.4890382015802652,-0.22998323074161098,0.4193100207719662,-1.069728180808299,0.5449349156846821,True,False,0.954181762663559,False,3.5827016184904217,2.5129734376821227,False,24260113,below floor,0.29858143231560297
texture,120.0,25.0,0.5,,NLM(0.6 sd),6.154588910664027,-0.06879117011260649,0.010591645956324457,True,0.5164378681949812,amber,4.014127871233514,-0.23651915505515086,0.1341190065437181,-3.8800088646897963,0.46179198534663646,True,False,0.9748825771371664,False,6.000001498447973,2.1199926337581765,True,24260113,above floor,0.6466679826152448
texture,120.0,25.0,1.0,,NLM(0.6 sd),9.97053385555633,-0.036916666665773645,0.007742438023323244,True,0.49571422495153683,red,5.891761028479296,-0.9689253110598193,-1.0682029482866606,-6.959963976765957,0.2988258444332091,True,True,0.9522835502124506,False,9.494775377482615,2.5348114007166576,True,24260113,above floor,0.7330309249097031
texture,120.0,25.0,0.0,,TV(0.4 sd),3.465855273634169,-0.004557069634851918,0.004338750871730174,True,0.9158749766312965,red,0.28139115916869883,0.007670295597775212,0.273565760394503,-0.007825398774195857,0.09035827376993483,True,False,0.9509735800822969,False,3.2959367976149947,3.288111398840799,False,24260113,below floor,0.0023742563206486933
texture,120.0,25.0,0.25,,TV(0.4 sd),3.7547370518688785,-0.004968607715111872,0.003791626805292469,True,0.8031739864227029,red,0.633982004532951,-0.04736752304543579,0.30103035383308674,-0.3329516506998642,0.29624119209498967,True,False,0.954181762663559,False,3.5827016184904217,3.2497499677905575,False,24260113,below floor,0.0929331231441356
texture,120.0,25.0,0.5,,TV(0.4 sd),6.154588910664027,-0.0032050590014953695,0.0022707491758932673,True,0.788434930463022,amber,2.3505732195677034,-0.2375505059975036,-0.06543302414026009,-2.4160062437079635,0.28917180514682456,True,False,0.9748825771371664,False,6.000001498447973,3.5839952547400094,True,24260113,above floor,0.40266760672191737
texture,120.0,25.0,1.0,,TV(0.4 sd),9.97053385555633,-0.0001097222213292115,0.0004199535385212512,True,0.7032575172083666,amber,4.822724782625645,-0.7041347065063501,-0.7914627528407991,-5.614187535466444,0.2350891392026328,True,False,0.9522835502124506,False,9.494775377482615,3.8805878420161704,True,24260113,above floor,0.5912922962644067
texture,120.0,25.0,0.0,,gaussian(1.5 px),3.465855273634169,-0.009799430745963011,0.005227273295334625,True,0.8384436558281122,red,0.7039020404127259,-0.01351161527100686,0.4365454146298555,-0.26735662578287034,0.3159656130879208,True,False,0.9509735800822969,False,3.2959367976149947,3.0285801718321244,False,24260113,below floor,0.08111703658162828
texture,120.0,25.0,0.25,,gaussian(1.5 px),3.7547370518688785,-0.021951941048445223,0.006477725519339922,True,0.8233523930013191,red,1.0827666763294261,-0.017724195505688822,0.2569870038509139,-0.8257796724785122,0.2944333654726697,True,False,0.954181762663559,False,3.5827016184904217,2.7569219460119094,False,24260113,below floor,0.23049077495503412
texture,120.0,25.0,0.5,,gaussian(1.5 px),6.154588910664027,-0.008288392334828698,0.0036530601864081243,True,0.8404150361729232,amber,2.773148949479805,-0.02886407085537268,0.07743400960970881,-2.695714939870096,0.2199332147166213,True,False,0.9748825771371664,False,6.000001498447973,3.3042865585778767,True,24260113,above floor,0.4492857111064722
texture,120.0,25.0,1.0,,gaussian(1.5 px),9.97053385555633,-0.0010173611102179958,0.0012776328702922867,True,0.8194505421040252,amber,4.567722938719991,-0.273285449138978,-0.6505671599461378,-5.218290098666129,0.14234957537870746,True,False,0.9522835502124506,False,9.494775377482615,4.2764852788164855,True,24260113,above floor,0.5495959505310251
atlas_demo,120.0,12.0,,,gaussian(1.5 px),2.4012149702459653,-0.16537563379419484,0.031339366249334456,True,0.823424243035673,red,1.0107358697942312,-0.005014981701654264,0.3883925831905395,-0.6223432866036918,0.19083126896766642,True,False,0.7284122268914198,False,1.749074343721878,1.1267310571181863,False,25260116,below floor,0.35581294119231055
atlas_demo,80.0,12.0,,,gaussian(1.5 px),2.9408758377279614,-0.05108989926751473,0.018506410367113157,True,0.8347719831914132,red,0.7576036579195644,0.00048057197705642096,0.43463731641386993,-0.3229663415056945,0.0975034857617257,True,False,0.8207062473667943,False,2.413595172753393,2.0906288312476984,False,25260116,below floor,0.1338113139898517
atlas_demo,120.0,200.0,,,gaussian(1.5 px),9.802919066391512,2.0788926136106056e-12,6.25e-06,True,0.8189199561254786,green,1.9778544245618628,-0.017478951755744987,0.9287632007571558,-1.049091223804707,0.5644126809655461,True,False,0.9256363873142828,False,9.073938589748941,8.024847365944234,True,25260116,above floor,0.11561586112009747
atlas_demo,120.0,50.0,,,gaussian(1.5 px),4.901459533195756,-0.0027107261459660137,0.00379328724560738,True,0.8266400351035377,red,1.0950342294303868,-0.02149849125963943,0.5048286009585294,-0.5902056284718573,0.44093748050978177,True,False,0.9010133262695246,False,4.416280357580179,3.826074729108322,False,25260116,below floor,0.13364315231002444
dose,120.0,100.0,0.0,,NLM(0.6 sd),6.931710547268338,-2.3021415452850746e-06,6.740159664382614e-05,True,0.6753538061648147,green,1.4949526986828934,-0.7767330180418357,0.5137578147657651,-0.9811948839171283,0.5137863477360787,True,False,0.9933871506965172,False,6.88587219000389,5.904677306086762,True,25260116,above floor,0.1424939146186177
dose,120.0,100.0,0.0,,TV(0.4 sd),6.931710547268338,-2.1880821188258182e-07,3.404800325296122e-05,True,0.9132685702486885,green,0.5196947709081714,-0.02912292266751848,0.46017914228704004,-0.059515628621131356,0.2653582618489283,True,False,0.9933871506965172,False,6.88587219000389,6.826356561382759,True,25260116,above floor,0.008643150348844553
dose,120.0,100.0,0.0,,gaussian(1.5 px),6.931710547268338,-2.3021415452850746e-06,6.740159664382614e-05,True,0.8310725618519478,green,1.2817965557077073,-0.019012963201181066,0.7683859584789996,-0.5134105972287077,0.5366084763689196,True,False,0.9933871506965172,False,6.88587219000389,6.372461592775182,True,25260116,above floor,0.07455999517011336
dose,120.0,12.500000000000002,0.0,,NLM(0.6 sd),2.450729766597878,-0.03743948429954269,0.011349669996211325,True,0.6167733289146776,red,0.5964800988201533,-0.15824538917059883,0.3457656780009306,-0.2507144208192227,0.14811119068901415,True,False,0.915270135629837,False,2.2430797658661183,1.9923653450468957,False,25260116,below floor,0.11177240534841815
dose,120.0,12.500000000000002,0.0,,TV(0.4 sd),2.450729766597878,-0.01486101207732049,0.009586991207076586,True,0.9038993871138645,red,0.17753199966792454,-0.013061987294209931,0.1782505912919996,0.00071859162407506,0.042759268998809,False,False,0.915270135629837,False,2.2430797658661183,2.2437983574901934,False,25260116,below floor,-0.0003203593715257469
dose,120.0,12.500000000000002,0.0,,gaussian(1.5 px),2.450729766597878,-0.15050267874398715,0.017383944224307543,True,0.8271066135765763,red,1.3191275232441795,-0.01293042009469314,0.29183295560676714,-1.0272945676374123,0.19826950476206212,True,False,0.915270135629837,False,2.2430797658661183,1.215785198228706,False,25260116,below floor,0.45798396618354054
dose,120.0,200.0,0.0,,NLM(0.6 sd),9.802919066391512,2.0788926136106056e-12,6.944444444444445e-07,True,0.7314839842204813,green,1.8266819660086062,-1.1790680173457648,0.17736492465976195,-1.6493170413488443,0.5576204017958647,True,False,0.9905505877289805,False,9.710287242673742,8.060970201324897,True,25260116,above floor,0.16985254917080106
dose,120.0,200.0,0.0,,TV(0.4 sd),9.802919066391512,2.0788926136106056e-12,6.944444444444445e-07,True,0.9138338637700699,green,0.7343197258216092,-0.028088094372620276,0.6006163329526304,-0.1337033928689788,0.34076479914885205,True,False,0.9905505877289805,False,9.710287242673742,9.576583849804763,True,25260116,above floor,0.013769252085704897
dose,120.0,200.0,0.0,,gaussian(1.5 px),9.802919066391512,2.0788926136106056e-12,6.944444444444445e-07,True,0.8245274434053806,green,1.4327671733648026,-0.03542144379672685,0.9719821050435433,-0.4607850683212593,0.5635206401650686,True,False,0.9905505877289805,False,9.710287242673742,9.249502174352482,True,25260116,above floor,0.04745328915670488
dose,120.0,25.000000000000007,0.0,,NLM(0.6 sd),3.4658552736341695,-0.014516791857074107,0.0059157802656155355,True,0.6285262921928512,red,0.9043644486716738,-0.23327435387049578,0.45580982876291865,-0.4485546199087551,0.2626435045988045,True,False,0.9666174633646994,False,3.350156232989427,2.901601613080672,False,25260116,below floor,0.13389065724510962
dose,120.0,25.000000000000007,0.0,,TV(0.4 sd),3.4658552736341695,-0.0036917918570741337,0.00417430550811724,True,0.9056016004148757,red,0.2805860719632247,-0.011344668348420406,0.2632851890442236,-0.017300882919001115,0.09028408963687094,True,False,0.9666174633646994,False,3.350156232989427,3.332855350070426,False,25260116,below floor,0.005164201820988867
dose,120.0,25.000000000000007,0.0,,gaussian(1.5 px),3.4658552736341695,-0.0128549863015186,0.005682557273961298,True,0.8284381548190553,red,0.7809243012545162,-0.006004562612582198,0.3914589994277211,-0.38946530182679506,0.3160830784285969,True,False,0.9666174633646994,False,3.350156232989427,2.960690931162632,False,25260116,below floor,0.11625287740066548
dose,120.0,3.125,0.0,,NLM(0.6 sd),1.225364883298939,-0.046920264596338135,0.01911566228020671,True,0.6250706702509252,red,0.3084856515852141,-0.08129464040727474,0.2683775903172947,-0.04010806126791944,0.03124264131523051,True,False,0.8493918716583598,False,1.0408149716897135,1.000706910421794,False,25260116,below floor,0.038535246281868774
dose,120.0,3.125,0.0,,TV(0.4 sd),1.225364883298939,-0.0320751257074493,0.018620044153427134,True,0.9169386516249375,red,0.10275011730703343,-0.0016185736774070314,0.1270062291630195,0.024256111855986084,0.007115278272640904,False,False,0.8493918716583598,False,1.0408149716897135,1.0650710835456996,False,25260116,below floor,-0.023304922119449678
dose,120.0,3.125,0.0,,gaussian(1.5 px),1.225364883298939,-0.16705359792967145,0.021987029256749835,True,0.8381902772187574,red,0.7666816703889305,0.0017701441000004259,0.20788899494337287,-0.5587926754455577,0.05094018388290226,True,False,0.8493918716583598,False,1.0408149716897135,0.48202229624415577,False,25260116,below floor,0.5368799360547096
dose,120.0,49.99999999999999,0.0,,NLM(0.6 sd),4.901459533195756,-0.0018093372570772148,0.0018242013893868111,True,0.634026027319365,red,1.1660979708870265,-0.3417821283822766,0.5085014968173129,-0.6575964740697136,0.39952127411025395,True,False,0.9474646138073722,False,4.64395946371178,3.9863629896420663,False,25260116,below floor,0.14160254395160377
dose,120.0,49.99999999999999,0.0,,TV(0.4 sd),4.901459533195756,-0.00048017059041050025,0.0010929379115890362,True,0.8994562538073444,red,0.3517222443344825,0.00041897009670943675,0.3083413640656967,-0.04338088026878584,0.168774651263098,True,False,0.9474646138073722,False,4.64395946371178,4.600578583442994,False,25260116,below floor,0.00934135635932376
dose,120.0,49.99999999999999,0.0,,gaussian(1.5 px),4.901459533195756,-0.0022579483681882673,0.0020120191199521527,True,0.8191933980744954,red,1.031257598333807,-0.010069366240510469,0.4821278347438187,-0.5491297635899883,0.4417025041563887,True,False,0.9474646138073722,False,4.64395946371178,4.0948297001217915,False,25260116,below floor,0.11824602860574607
dose,120.0,6.25,0.0,,NLM(0.6 sd),1.7329276368170845,-0.05566097517110846,0.016267377416409195,True,0.6201590783811916,red,0.4705767610111493,-0.11206555821894582,0.3500305668607415,-0.12054619415040779,0.07104168577004598,True,False,0.8607541419492604,False,1.4916246410886491,1.3710784469382413,False,25260116,below floor,0.08081536790812749
dose,120.0,6.25,0.0,,TV(0.4 sd),1.7329276368170845,-0.0274436140599974,0.014903085562184172,True,0.9067494117771734,red,0.12475012998135449,-0.005009919800817775,0.1506930105284805,0.025942880547126013,0.017841040988511525,False,False,0.8607541419492604,False,1.4916246410886491,1.5175675216357751,False,25260116,below floor,-0.017392365232175244
dose,120.0,6.25,0.0,,gaussian(1.5 px),1.7329276368170845,-0.10017416961555292,0.018090905091112667,True,0.8342669249346595,red,0.6032170034020179,-0.004337161518541688,0.249924268351555,-0.3532927350504629,0.10563020857396571,True,False,0.8607541419492604,False,1.4916246410886491,1.1383319060381862,False,25260116,below floor,0.23685096459161148
signal,120.0,25.0,,1.5,NLM(0.6 sd),0.8426561840065284,-0.09068588569287728,0.022084212080907602,True,0.36719073540269576,red,0.08961165882014699,-0.06971432110940623,0.03647102067077612,-0.05314063814937087,0.25775200319329056,True,True,0.6362197049671177,False,0.5361144687773507,0.4829738306279798,False,25260116,below floor,0.09912181305339895
signal,120.0,25.0,,1.5,NLM(0.6 sd),1.6853123680130568,-0.10819445022157992,0.018609383203449705,True,0.3400830660085314,red,0.16579835451356684,-0.2367841975857281,-0.08701764188227279,-0.2528159963958396,0.2571375971477922,True,True,0.7908261526308346,False,1.3327890959769269,1.0799730995810872,False,25260116,below floor,0.18968942435001457
signal,120.0,25.0,,3.0,NLM(0.6 sd),1.7329276368170845,-0.04550889183777518,0.015797145313574325,True,0.6223636952708912,red,0.4716632047802374,-0.11665006676078082,0.330298743455256,-0.14136446132498137,0.2610136694568361,True,False,0.9105755604271552,False,1.5779615540744223,1.436597092749441,False,25260116,below floor,0.08958675891688683
signal,120.0,25.0,,3.0,NLM(0.6 sd),3.465855273634169,-0.012118875190407441,0.005576203055160743,True,0.6149539837756194,red,0.9948118675347368,-0.2725717371743839,0.5237512034802445,-0.4710606640544923,0.26324819302915947,True,False,0.9645321466325864,False,3.342928826996235,2.871868162941743,False,25260116,below floor,0.14091256153896659
signal,120.0,25.0,,5.0,NLM(0.6 sd),2.911006412451428,-0.017256397305945748,0.007754693723841783,True,0.7407179422685509,red,0.854642685145677,-0.202829946419127,0.6815181838558007,-0.17312450128987633,0.26568686809556125,True,False,0.9286736405966903,False,2.7033749228515784,2.530250421561702,False,25260116,below floor,0.06404013732111591
signal,120.0,25.0,,5.0,NLM(0.6 sd),5.822012824902856,-0.00010717915978852854,0.00045067260839550807,True,0.7515386403017719,amber,1.8958273508105745,-0.4905377263972932,1.3195010081582912,-0.5763263426522833,0.27291771433082035,True,False,0.9767092467137644,False,5.686413760568744,5.110087417916461,False,25260116,marginal,0.10135146102956816
signal,120.0,25.0,,1.5,TV(0.4 sd),0.8426561840065284,-0.0747706079150996,0.021823389891409188,True,0.7877661220989429,red,0.06110375805546753,-0.004560107826004578,0.058061108727993194,-0.003042649327474334,0.0851812254978028,True,False,0.6362197049671177,False,0.5361144687773507,0.5330718194498764,False,25260116,below floor,0.005675372527089828
signal,120.0,25.0,,1.5,TV(0.4 sd),1.6853123680130568,-0.054523616888246584,0.016505793392945847,True,0.7964135605141921,red,0.047319508554290124,-0.012931880917878447,0.05145378253552635,0.004134273981236225,0.08636046281481853,False,False,0.7908261526308346,False,1.3327890959769269,1.336923369958163,False,25260116,below floor,-0.0031019716425619848
signal,120.0,25.0,,3.0,TV(0.4 sd),1.7329276368170845,-0.01912833628221955,0.014464698968940698,True,0.9129309074569486,red,0.14321033649448278,-0.002650718837464483,0.16183496949361387,0.018624632999131085,0.08726717828232844,False,False,0.9105755604271552,False,1.5779615540744223,1.5965861870735534,False,25260116,below floor,-0.011802970073029329
signal,120.0,25.0,,3.0,TV(0.4 sd),3.465855273634169,-0.0005716529681852878,0.0035191441495528043,True,0.887245658282826,red,0.2756416383257232,-0.007309061549186868,0.27773752294093423,0.002095884615211041,0.09075614211098497,False,False,0.9645321466325864,False,3.342928826996235,3.345024711611446,False,25260116,below floor,-0.0006269605856652483
signal,120.0,25.0,,5.0,TV(0.4 sd),2.911006412451428,-0.006441119528167949,0.0065154045123250225,True,0.9331122277112824,red,0.20908770031269275,0.0013838492280693337,0.24010517018022504,0.031017469867532288,0.08991578149084496,False,False,0.9286736405966903,False,2.7033749228515784,2.7343923927191107,False,25260116,below floor,-0.011473610117983313
signal,120.0,25.0,,5.0,TV(0.4 sd),5.822012824902856,8.793062433731791e-06,0.00012987253465012905,True,0.9305658857751999,amber,0.5160542031472279,-0.0026599619144800357,0.49678029966647275,-0.019273903480755195,0.09786695521163329,True,False,0.9767092467137644,False,5.686413760568744,5.667139857087989,False,25260116,marginal,0.0033894655387910477
signal,120.0,25.0,,1.5,gaussian(1.5 px),0.8426561840065284,-0.1383657468039884,0.022684547869712624,True,0.6395031957526237,red,0.3298238253304631,-0.006346921331032984,0.08173946909949525,-0.24808435623096786,0.3061161501473823,True,False,0.6362197049671177,False,0.5361144687773507,0.28803011254638283,False,25260116,below floor,0.4627451238104856
signal,120.0,25.0,,1.5,gaussian(1.5 px),1.6853123680130568,-0.15165556133269098,0.01996882123154485,True,0.6439121119043497,red,0.5513409829131433,-0.00624092455052172,0.08039545893794986,-0.4709455239751934,0.30716213821576466,True,False,0.7908261526308346,False,1.3327890959769269,0.8618435720017334,False,25260116,below floor,0.3533533740610273
signal,120.0,25.0,,3.0,gaussian(1.5 px),1.7329276368170845,-0.15047625294888622,0.019749745217943447,True,0.8350818140580302,red,0.9609251018808747,-0.00023357383218880479,0.25969410035690554,-0.7012310015239691,0.3115770062871848,True,False,0.9105755604271552,False,1.5779615540744223,0.8767305525504532,False,25260116,below floor,0.4443904223859795
signal,120.0,25.0,,3.0,gaussian(1.5 px),3.465855273634169,-0.013693875190407434,0.005801435558149994,True,0.8101189656146774,red,0.9107173977824927,-0.017536311681549233,0.4350227630872183,-0.4756946346952744,0.3165030867189995,True,False,0.9645321466325864,False,3.342928826996235,2.8672341923009608,False,25260116,below floor,0.14229876234688088
signal,120.0,25.0,,5.0,gaussian(1.5 px),2.911006412451428,-0.02814806397261249,0.008831070260613062,True,0.887522352430307,red,0.7839421745872861,-0.00331759402866183,0.4500239450701553,-0.3339182295171308,0.3204305701874558,True,False,0.9286736405966903,False,2.7033749228515784,2.3694566933344476,False,25260116,below floor,0.12351902309018481
signal,120.0,25.0,,5.0,gaussian(1.5 px),5.822012824902856,-2.8706937566291835e-05,0.00027775316525063934,True,0.8840016780499866,amber,1.3972935841339877,0.0007653433086867167,0.9675600580162884,-0.4297335261176993,0.33565199542659074,True,False,0.9767092467137644,False,5.686413760568744,5.256680234451045,False,25260116,marginal,0.07557197633024826
texture,120.0,25.0,0.0,,NLM(0.6 sd),3.465855273634169,-0.017259847412629648,0.00628223692164009,True,0.6143303868326127,red,0.9022715929228831,-0.19684961209935992,0.452961042341387,-0.44931055058149605,0.26272772650272264,True,False,0.9262599538564493,False,3.210282945829517,2.7609723952480207,False,25260116,below floor,0.13995979736465158
texture,120.0,25.0,0.25,,NLM(0.6 sd),3.7547370518688785,-0.034962357715111914,0.00795233343782717,True,0.5583443799021591,red,1.4288332920280178,-0.28209073295633047,0.31673818393927533,-1.1120951080887425,0.5494969116189931,True,False,0.957872758062019,False,3.5965603356712967,2.4844652275825543,False,25260116,below floor,0.30921074701814233
texture,120.0,25.0,0.5,,NLM(0.6 sd),6.154588910664027,-0.03741755900149535,0.007795944114132615,True,0.511986372646263,amber,3.376145268922494,-0.21657255475519488,0.10688935344049755,-3.2692559154819962,0.46081677878988214,True,False,0.9435024604637606,False,5.806869780354486,2.5376138648724895,True,25260116,above floor,0.5629979729427343
texture,120.0,25.0,1.0,,NLM(0.6 sd),9.97053385555633,-0.04140694444355142,0.00820379330223103,True,0.5027120602194943,amber,6.2386673749969885,-1.0532546936562248,-1.1786061339070235,-7.417273508904012,0.29730486859838395,True,False,0.9919702029724954,False,9.890472492440349,2.4731989835363364,True,25260116,above floor,0.7499412707101007
texture,120.0,25.0,0.0,,TV(0.4 sd),3.465855273634169,-0.0049535974126296844,0.004412096560189098,True,0.8943998941196674,red,0.2552514022829775,-0.0005560768519186077,0.23146359978116404,-0.02378780250181345,0.09047849908093934,True,False,0.9262599538564493,False,3.210282945829517,3.1864951433277033,False,25260116,below floor,0.00740987722989217
texture,120.0,25.0,0.25,,TV(0.4 sd),3.7547370518688785,-0.006850552159556322,0.004173498219188091,True,0.8064300533172697,red,0.6375427872224191,-0.0710400846804653,0.2821217726599743,-0.3554210145624448,0.2988240513535541,True,False,0.957872758062019,False,3.5965603356712967,3.241139321108852,False,25260116,below floor,0.09882248075677158
texture,120.0,25.0,0.5,,TV(0.4 sd),6.154588910664027,-0.005627281223717584,0.0030089523498945865,True,0.7785120524050856,amber,2.385470514902572,-0.198707881028247,-0.04405330908657312,-2.429523823989145,0.2935774933819345,True,False,0.9435024604637606,False,5.806869780354486,3.3773459563653407,True,25260116,above floor,0.41838786056621924
texture,120.0,25.0,1.0,,TV(0.4 sd),9.97053385555633,-0.00022430555466246282,0.0006001645847744258,True,0.7130645667569564,amber,5.034406226140607,-0.7534383364699,-0.8659772822979073,-5.900383508438514,0.2344551598749493,True,False,0.9919702029724954,False,9.890472492440349,3.9900889840018343,True,25260116,above floor,0.5965724603094942
texture,120.0,25.0,0.0,,gaussian(1.5 px),3.465855273634169,-0.025955680745962995,0.007326095154460109,True,0.8157206620139471,red,0.9398521874031482,-0.007662030215100035,0.35547055992381216,-0.5843816274793361,0.31632952632919487,True,False,0.9262599538564493,False,3.210282945829517,2.6259013183501807,False,25260116,below floor,0.1820343058042616
texture,120.0,25.0,0.25,,gaussian(1.5 px),3.7547370518688785,-0.063023468826223,0.010451088727129607,True,0.827608736895944,red,1.7402793926971056,-0.02123813765206828,0.26746701105293313,-1.4728123816441725,0.29599144122085475,True,False,0.957872758062019,False,3.5965603356712967,2.1237479540271242,False,25260116,below floor,0.4095058178328246
texture,120.0,25.0,0.5,,gaussian(1.5 px),6.154588910664027,-0.026616864557050923,0.006566091142212245,True,0.8324776196704938,amber,3.075528851223489,-0.0230347843315597,0.07788036299821943,-2.9976484882252694,0.21997827306367942,True,False,0.9435024604637606,False,5.806869780354486,2.8092212921292163,True,25260116,above floor,0.5162245067672717
texture,120.0,25.0,1.0,,gaussian(1.5 px),9.97053385555633,-0.0005895833324403021,0.0009726789718835007,True,0.8322258746662292,amber,4.5136118614387035,-0.2534578059765593,-0.6981420625277615,-5.211753923966465,0.14204953670194914,True,False,0.9919702029724954,False,9.890472492440349,4.678718568473884,True,25260116,above floor,0.5269469105697427
atlas_demo,120.0,12.0,,,gaussian(1.5 px),2.4012149702459653,-0.15974438379419487,0.030973600318359145,True,0.8357551235736916,red,1.1720733839018878,-0.0027263668646213546,0.4601447057575714,-0.7119286781443164,0.19032241366168007,True,False,0.7770263876663659,False,1.8658073943406226,1.1538787161963062,False,26260119,below floor,0.3815660074580809
atlas_demo,80.0,12.0,,,gaussian(1.5 px),2.9408758377279614,-0.0548648992675147,0.019000105400271267,True,0.8311741954126425,red,0.8012966312826109,-0.015049967338470971,0.3872013655510824,-0.41409526573152844,0.09872832546989065,True,False,0.8242517544539931,False,2.424022068878629,2.0099268031471005,False,26260119,below floor,0.17082982496239896
atlas_demo,120.0,200.0,,,gaussian(1.5 px),9.802919066391512,2.0788926136106056e-12,6.25e-06,True,0.8226826197349683,green,2.428870837058753,0.04190186625713466,1.1279661677365667,-1.3009046693221862,0.5621510445702734,True,False,0.9953414050604686,False,9.757251237236185,8.456346567913998,True,26260119,above floor,0.1333269624499981
atlas_demo,120.0,50.0,,,gaussian(1.5 px),4.901459533195756,-0.004054476145966102,0.004570513480719885,True,0.8307590669338203,red,1.4984580028837695,-0.014682527992349037,0.5877102834154133,-0.9107477194683562,0.4403522786535511,True,False,0.9377896505090922,False,4.5965380226201065,3.6857903031517503,False,26260119,below floor,0.1981377538892225
dose,120.0,100.0,0.0,,NLM(0.6 sd),6.931710547268338,-1.6076971007805696e-06,5.84645228801617e-05,True,0.6769113182025485,green,1.3654673022440686,-0.7331847355709042,0.3495337911539549,-1.0159335110901138,0.5137055244094739,True,False,1.005431449528891,False,6.969359783254707,5.953426272164593,True,26260119,above floor,0.14577142559508827
dose,120.0,100.0,0.0,,TV(0.4 sd),6.931710547268338,4.756362325109009e-07,6.944444444444445e-07,True,0.9145714598606673,green,0.5510741377079134,-0.023548253304552347,0.4392394376093396,-0.11183470009857377,0.2653205950197741,True,False,1.005431449528891,False,6.969359783254707,6.857525083156133,True,26260119,above floor,0.016046624593449632
dose,120.0,100.0,0.0,,gaussian(1.5 px),6.931710547268338,-1.6076971007805696e-06,5.84645228801617e-05,True,0.8312150982690193,green,1.119366603330472,-0.032836933942379076,0.7184356721691252,-0.4009309311613469,0.5357436275378156,True,False,1.005431449528891,False,6.969359783254707,6.56842885209336,True,26260119,above floor,0.05752765585795472
dose,120.0,12.500000000000002,0.0,,NLM(0.6 sd),2.450729766597878,-0.0410096231884316,0.01160259946826852,True,0.6164832050838794,red,0.6417750888834584,-0.17249119675965918,0.3825242923434129,-0.25925079654004546,0.1463513307478436,True,False,0.9095830998382185,False,2.2291423779678916,1.9698915814278462,False,26260119,below floor,0.11630068994353826
dose,120.0,12.500000000000002,0.0,,TV(0.4 sd),2.450729766597878,-0.013386012077320486,0.009460043853631963,True,0.9093871457923007,red,0.16494348838631034,-0.0002991787330781648,0.21739555896549656,0.052452070579186216,0.04224594340555961,False,False,0.9095830998382185,False,2.2291423779678916,2.281594448547078,False,26260119,below floor,-0.023530157201982815
dose,120.0,12.500000000000002,0.0,,gaussian(1.5 px),2.450729766597878,-0.0765485120773205,0.013842120188566651,True,0.833714833965918,red,0.883417400662522,-0.005193928163819805,0.3333019289872652,-0.5501154716752568,0.1965602502199278,True,False,0.9095830998382185,False,2.2291423779678916,1.6790269062926348,False,26260119,below floor,0.24678346125954842
dose,120.0,200.0,0.0,,NLM(0.6 sd),9.802919066391512,2.0788926136106056e-12,6.944444444444445e-07,True,0.7353540479229257,green,1.8528578795718644,-1.1907359483523745,0.16046991461298177,-1.6923879649588827,0.5584713458522822,True,False,1.0021954006467297,False,9.824440401249708,8.132052436290826,True,26260119,above floor,0.17226303950539557
dose,120.0,200.0,0.0,,TV(0.4 sd),9.802919066391512,2.0788926136106056e-12,6.944444444444445e-07,True,0.9162863535732042,green,0.7041858526758142,-0.016608347987931538,0.5934232295147934,-0.11076262316102081,0.34081145523594836,True,False,1.0021954006467297,False,9.824440401249708,9.713677778088687,True,26260119,above floor,0.011274191570945002
dose,120.0,200.0,0.0,,gaussian(1.5 px),9.802919066391512,2.0788926136106056e-12,6.944444444444445e-07,True,0.8270646968914303,green,1.5413272914043388,-0.028790451095391134,0.9897501785290652,-0.5515771128752736,0.5634350936640984,True,False,1.0021954006467297,False,9.824440401249708,9.272863288374435,True,26260119,above floor,0.05614336189622671
dose,120.0,25.000000000000007,0.0,,NLM(0.6 sd),3.4658552736341695,-0.011184847412629706,0.005438326929691714,True,0.6328644694385611,red,0.852480741288431,-0.29861446837943406,0.42889189639130043,-0.42358884489713056,0.2629436262038266,True,False,0.9661098283728378,False,3.3483968435758023,2.9248079986786717,False,26260119,below floor,0.12650497079216383
dose,120.0,25.000000000000007,0.0,,TV(0.4 sd),3.4658552736341695,-0.0030404029681851963,0.004046175589257461,True,0.9071144857785928,red,0.26605783201920064,-0.005874720916455356,0.24811867455384196,-0.01793915746535868,0.09055029654672489,True,False,0.9661098283728378,False,3.3483968435758023,3.3304576861104436,False,26260119,below floor,0.005357536248959405
dose,120.0,25.000000000000007,0.0,,gaussian(1.5 px),3.4658552736341695,-0.01329248630151858,0.00574485520974885,True,0.8307525968651162,red,0.8083565372225898,-0.0035772969415304168,0.3779013393846462,-0.4304551978379436,0.316636165367444,True,False,0.9661098283728378,False,3.3483968435758023,2.9179416457378586,False,26260119,below floor,0.12855560972822266
dose,120.0,3.125,0.0,,NLM(0.6 sd),1.225364883298939,-0.06960984792967151,0.019808764840294993,True,0.5839303667746027,red,0.3384153191827399,-0.08225683189157151,0.2733209836587479,-0.06509433552399202,0.030809678507505815,True,False,0.7919878936798631,False,0.9704741529131979,0.9053798173892059,False,26260119,below floor,0.0670747750762758
dose,120.0,3.125,0.0,,TV(0.4 sd),1.225364883298939,-0.05333276459633818,0.01931927938998991,True,0.8783572893555189,red,0.11656814358582634,-0.005332792417034771,0.11634556381740202,-0.0002225797684243247,0.00703874390366187,True,False,0.7919878936798631,False,0.9704741529131979,0.9702515731447736,False,26260119,below floor,0.00022935156774261944
dose,120.0,3.125,0.0,,gaussian(1.5 px),1.225364883298939,-0.16082095904078264,0.021883900600405258,True,0.8047420224349409,red,0.64147155458824,-0.001942324028564535,0.19786631593915915,-0.44360523864908086,0.0503513462434121,True,False,0.7919878936798631,False,0.9704741529131979,0.5268689142641171,False,26260119,below floor,0.45710154909067235
dose,120.0,49.99999999999999,0.0,,NLM(0.6 sd),4.901459533195756,-0.0017003094792994444,0.0017755686726348369,True,0.6301240554829349,red,1.1842197765793965,-0.4456633199114135,0.4961711128310511,-0.6880486637483454,0.39925961893035133,True,False,0.9551109974421726,False,4.681437903673045,3.9933892399246993,False,26260119,below floor,0.14697378837568353
dose,120.0,49.99999999999999,0.0,,TV(0.4 sd),4.901459533195756,-4.8920590410506115e-05,0.0007090709165382711,True,0.8910923099755236,red,0.35259135464007985,-0.012686903091857715,0.3162519048774839,-0.036339449762595954,0.16881775955008838,True,False,0.9551109974421726,False,4.681437903673045,4.645098453910449,False,26260119,below floor,0.007762454722315959
dose,120.0,49.99999999999999,0.0,,gaussian(1.5 px),4.901459533195756,-0.0066898928126327695,0.0033438530753481114,True,0.8136648338944877,red,1.566884752103948,-0.011641315131590169,0.4977656326374662,-1.0691191194664817,0.44225858085587405,True,False,0.9551109974421726,False,4.681437903673045,3.612318784206563,False,26260119,below floor,0.22837408964191397
dose,120.0,6.25,0.0,,NLM(0.6 sd),1.7329276368170845,-0.03772625294888632,0.015421335862253875,True,0.638950077884522,red,0.5141286389439492,-0.05799928643934704,0.40789395001367135,-0.10623468893027788,0.07152401227559031,True,False,0.9060752725522898,False,1.5701628808424353,1.4639281919121574,False,26260119,below floor,0.06765838769114196
dose,120.0,6.25,0.0,,TV(0.4 sd),1.7329276368170845,-0.021954725171108525,0.014615724065835247,True,0.9253714944058926,red,0.17018126545137258,0.001078126057160178,0.1685825191607382,-0.0015987462906343897,0.01805592635073678,True,False,0.9060752725522898,False,1.5701628808424353,1.5685641345518009,False,26260119,below floor,0.0010182041048993895
dose,120.0,6.25,0.0,,gaussian(1.5 px),1.7329276368170845,-0.07637486405999738,0.017161720678235955,True,0.8469030601079921,red,0.5958190109253216,-0.007087643137212218,0.286786799361225,-0.30903221156409666,0.10709722517952243,True,False,0.9060752725522898,False,1.5701628808424353,1.2611306692783386,False,26260119,below floor,0.19681538478243255
signal,120.0,25.0,,1.5,NLM(0.6 sd),0.8426561840065284,-0.10073658013732179,0.02223315755357336,True,0.360835442039261,red,0.0261331084972507,-0.09306147856824176,-0.017940619809567404,-0.044073728306818105,0.25791656708720323,True,True,0.5933105908225121,False,0.49995683839315685,0.45588311008633875,False,26260119,below floor,0.08815506644227422
signal,120.0,25.0,,1.5,NLM(0.6 sd),1.6853123680130568,-0.07502361688824655,0.01737015073559775,True,0.37540575444407276,red,0.22702894722916866,-0.20728749001510938,-0.019882407756790732,-0.2469113549859594,0.25783392356539875,True,True,0.8734294365935071,False,1.4720014320777135,1.225090077091754,False,26260119,below floor,0.1677385290566238
signal,120.0,25.0,,3.0,NLM(0.6 sd),1.7329276368170845,-0.06312972517110849,0.016599595443609314,True,0.5935478755236544,red,0.48782963054118955,-0.11611474434904312,0.316250153539672,-0.17157947700151754,0.2593584770528006,True,False,0.8724409014213771,False,1.511876949562714,1.3402974725611965,False,26260119,below floor,0.11348772600253221
signal,120.0,25.0,,3.0,NLM(0.6 sd),3.465855273634169,-0.012493180745963062,0.0056305287315214425,True,0.6298065400842009,red,0.9570115208208443,-0.2778318515573992,0.4875600310327397,-0.4694514897881046,0.2633167323997131,True,False,0.9772441025131239,False,3.386986626323001,2.9175351365348963,False,26260119,below floor,0.13860447104798668
signal,120.0,25.0,,5.0,NLM(0.6 sd),2.911006412451428,-0.011305008417056839,0.0070990156252259285,True,0.764032374219186,red,0.9530769159146251,-0.2504578555615229,0.7660440694319164,-0.18703284648270868,0.2664208375714912,True,False,0.9531962142618903,False,2.774760292040788,2.5877274455580794,False,26260119,below floor,0.06740504648967327
signal,120.0,25.0,,5.0,NLM(0.6 sd),5.822012824902856,-6.898471534400041e-05,0.00037657813866604585,True,0.7719390545734272,amber,1.77049619621212,-0.3383989809627739,1.2582405388594742,-0.5122556573526458,0.2739706861209251,True,False,0.9843960704252476,False,5.731166546799766,5.218910889447121,False,26260119,marginal,0.08938069643756641
signal,120.0,25.0,,1.5,TV(0.4 sd),0.8426561840065284,-0.0827206079150995,0.021957526235088173,True,0.7888285348316892,red,0.03175767050512168,-0.0032996505658124953,0.05077781548972671,0.019020144984605025,0.08546996575472844,False,False,0.5933105908225121,False,0.49995683839315685,0.5189769833777619,False,26260119,below floor,-0.038043574012778913
signal,120.0,25.0,,1.5,TV(0.4 sd),1.6853123680130568,-0.028768061332691053,0.015298321194548931,True,0.8342999680871575,red,0.05944438134419339,-0.006814468238353966,0.07599784034847046,0.01655345900427707,0.08707033131096703,False,False,0.8734294365935071,False,1.4720014320777135,1.4885548910819906,False,26260119,below floor,-0.011245545448221428
signal,120.0,25.0,,3.0,TV(0.4 sd),1.7329276368170845,-0.03376722517110853,0.015224807547896336,True,0.8856403834581652,red,0.1522755798877482,-0.007846052527133107,0.1434580713723861,-0.008817508515362116,0.08684256052944608,True,False,0.8724409014213771,False,1.511876949562714,1.503059441047352,False,26260119,below floor,0.005832160162182798
signal,120.0,25.0,,3.0,TV(0.4 sd),3.465855273634169,-0.00043693074596307113,0.003488124989388319,True,0.9180737005018736,red,0.2605975032808381,-0.014152273203546173,0.26956127563108634,0.008963772350248256,0.0908546512381413,False,False,0.9772441025131239,False,3.386986626323001,3.395950398673249,False,26260119,below floor,-0.002646533139689211
signal,120.0,25.0,,5.0,TV(0.4 sd),2.911006412451428,-0.0024807028615013715,0.005999409762562833,True,0.9561980232969252,red,0.21527236839857,-0.01044898594793553,0.2482385544635859,0.03296618606501589,0.09009139469432502,False,False,0.9531962142618903,False,2.774760292040788,2.807726478105804,False,26260119,below floor,-0.011880732962619156
signal,120.0,25.0,,5.0,TV(0.4 sd),5.822012824902856,2.543062433746357e-06,0.00016409349395989984,True,0.9539978387660213,amber,0.49392426085388763,-0.003892482002157749,0.47947952193391696,-0.014444738919970668,0.09794195351098595,True,False,0.9843960704252476,False,5.731166546799766,5.716721807879796,False,26260119,marginal,0.0025203837302610888
signal,120.0,25.0,,1.5,gaussian(1.5 px),0.8426561840065284,-0.16257963569287737,0.02288791095609689,True,0.6481077942744203,red,0.35947202434207787,-0.005552877625144115,0.08561658082113399,-0.2738554435209439,0.3068260459217601,True,False,0.5933105908225121,False,0.49995683839315685,0.22610139487221298,False,26260119,below floor,0.5477581712875562
signal,120.0,25.0,,1.5,gaussian(1.5 px),1.6853123680130568,-0.15323333911046877,0.02001296680952648,True,0.6820463652306857,red,0.7157344600170652,-0.013789719314590831,0.10392552723115389,-0.6118089327859113,0.31021477914405,True,False,0.8734294365935071,False,1.4720014320777135,0.8601924992918022,False,26260119,below floor,0.4156306641103942
signal,120.0,25.0,,3.0,gaussian(1.5 px),1.7329276368170845,-0.13142208628221963,0.019167137913834884,True,0.8114303266659951,red,0.7578223449020315,-0.0020867011262231117,0.23389562754380133,-0.5239267173582302,0.31021529969228073,True,False,0.8724409014213771,False,1.511876949562714,0.9879502322044839,False,26260119,below floor,0.34654058156635537
signal,120.0,25.0,,3.0,gaussian(1.5 px),3.465855273634169,-0.026463319634851934,0.007382564458125555,True,0.8387298936858728,red,1.2067562696775775,-0.011086437854686437,0.4223664996900922,-0.7843897699874853,0.31694842099111653,True,False,0.9772441025131239,False,3.386986626323001,2.6025968563355155,False,26260119,below floor,0.23158927286318776
signal,120.0,25.0,,5.0,gaussian(1.5 px),2.911006412451428,-0.02349667508372355,0.008388143682066548,True,0.9102173240386358,red,0.8593545392479744,0.004208303892203169,0.48315327628714133,-0.3762012629608331,0.32075990444877184,True,False,0.9531962142618903,False,2.774760292040788,2.398559029079955,False,26260119,below floor,0.13557973423504044
signal,120.0,25.0,,5.0,gaussian(1.5 px),5.822012824902856,-2.801249312178733e-05,0.0002757381185165433,True,0.9073209016749678,amber,1.1302935157312692,0.0024586249845572894,0.8626540836345811,-0.26763943209668817,0.3358625773033589,True,False,0.9843960704252476,False,5.731166546799766,5.463527114703078,False,26260119,marginal,0.04669894512944062
texture,120.0,25.0,0.0,,NLM(0.6 sd),3.465855273634169,-0.016298041857074175,0.006156173533733216,True,0.6087501634284562,red,0.9116331696448081,-0.2406429246827404,0.4530645999986809,-0.45856856964612724,0.2624284745901067,True,False,0.9326495261612494,False,3.232428278698375,2.773859709052248,False,26260119,below floor,0.14186504080170415
texture,120.0,25.0,0.25,,NLM(0.6 sd),3.7547370518688785,-0.025669996604000822,0.006930557954690097,True,0.5649170059736981,red,1.3090670216688567,-0.21358235646064516,0.40392108142814864,-0.905145940240708,0.545850288227417,True,False,0.9595344757952758,False,3.602799648814104,2.697653708573396,False,26260119,below floor,0.25123404809330585
texture,120.0,25.0,0.5,,NLM(0.6 sd),6.154588910664027,-0.03565575344593985,0.007608660617139764,True,0.4993691931857362,red,3.263935303314769,-0.20849230453959233,0.00838985147107385,-3.255545451843695,0.4598003297600761,True,True,0.940398576633682,False,5.787766651353895,2.5322211995101997,True,26260119,above floor,0.5624873371634889
texture,120.0,25.0,1.0,,NLM(0.6 sd),9.97053385555633,-0.03520763888799583,0.007559567427658515,True,0.5120808642980642,amber,5.65948587392143,-0.9095152793879322,-1.1373352655562998,-6.79682113947773,0.2993809597274486,True,False,0.9400789195962039,False,9.373088694728768,2.5762675552510372,True,26260119,above floor,0.7251420914538154
texture,120.0,25.0,0.0,,TV(0.4 sd),3.465855273634169,-0.003172347412629728,0.004072449900467896,True,0.8825211053147134,red,0.2468939192878099,-0.007022931225131757,0.24111839112440858,-0.005775528163401322,0.09053353601842869,True,False,0.9326495261612494,False,3.232428278698375,3.226652750534974,False,26260119,below floor,0.001786745958591518
texture,120.0,25.0,0.25,,TV(0.4 sd),3.7547370518688785,-0.005369302159556333,0.0038760392839455667,True,0.8122688414887844,red,0.5575602116328304,-0.049043525858843307,0.3310099182740367,-0.22655029335879373,0.2958904766116471,True,False,0.9595344757952758,False,3.602799648814104,3.37624935545531,False,26260119,below floor,0.06288173516208839
texture,120.0,25.0,0.5,,TV(0.4 sd),6.154588910664027,-0.00347936455705089,0.0023658538741597743,True,0.7694041169408717,amber,2.1843807297074864,-0.15475932411871085,-0.06580621591162528,-2.2501869456191117,0.28962333094295967,True,False,0.940398576633682,False,5.787766651353895,3.537579705734783,True,26260119,above floor,0.3887832874348416
texture,120.0,25.0,1.0,,TV(0.4 sd),9.97053385555633,-2.7083332440280827e-05,0.00020898871948114075,True,0.7286688934791083,amber,4.695065273542541,-0.7648157855869675,-0.815838426710926,-5.510903700253467,0.23611921922757495,True,False,0.9400789195962039,False,9.373088694728768,3.8621849944753013,True,26260119,above floor,0.5879495948174144
texture,120.0,25.0,0.0,,gaussian(1.5 px),3.465855273634169,-0.05813623630151854,0.010315258161096134,True,0.8079020917147082,red,1.4502237661572863,-0.007460394807765169,0.37139480530117464,-1.0788289608561117,0.31691471659052,True,False,0.9326495261612494,False,3.232428278698375,2.1535993178422634,False,26260119,below floor,0.33375186325573525
texture,120.0,25.0,0.25,,gaussian(1.5 px),3.7547370518688785,-0.023449163270667484,0.006663696687159485,True,0.8326271145522323,red,1.1397099294270037,-0.01082500964444355,0.3136696249658266,-0.826040304461177,0.29413083970799064,True,False,0.9595344757952758,False,3.602799648814104,2.776759344352927,False,26260119,below floor,0.22927733567784603
texture,120.0,25.0,0.5,,gaussian(1.5 px),6.154588910664027,-0.014040475668162022,0.004759236467157339,True,0.8197505549544672,amber,2.7757194012409094,-0.0190004103901682,0.042026890019447816,-2.7336925112214616,0.2192761448977594,True,False,0.940398576633682,False,5.787766651353895,3.054074140132433,True,26260119,above floor,0.4723225167659423
texture,120.0,25.0,1.0,,gaussian(1.5 px),9.97053385555633,-0.0008770833324402982,0.001186293616272813,True,0.8498242665012171,amber,4.3191415117441245,-0.2770401431166425,-0.6596822241914784,-4.9788237359356025,0.1427826091196096,True,False,0.9400789195962039,False,9.373088694728768,4.3942649587931655,True,26260119,above floor,0.5311828254367837
atlas_demo,120.0,12.0,,,gaussian(1.5 px),2.4012149702459653,-0.14626313379419487,0.03005909635807728,True,0.8109885152778329,red,1.020293346059358,-0.009149683764594574,0.39572357545884485,-0.6245697706005131,0.19092054831675923,True,False,0.7692080903727416,False,1.8470339818373385,1.2224642112368254,False,27260122,below floor,0.33814741728748376
atlas_demo,80.0,12.0,,,gaussian(1.5 px),2.9408758377279614,-0.10825239926751473,0.024857172529398747,True,0.8179169363854832,red,1.3426901160019056,5.646201924491834e-05,0.5075451094740984,-0.8351450065278072,0.09846251427576379,True,False,0.8313130233049231,False,2.44478838382603,1.6096433772982228,False,27260122,below floor,0.3416021656732625
atlas_demo,120.0,200.0,,,gaussian(1.5 px),9.802919066391512,2.0788926136106056e-12,6.25e-06,True,0.8134533311237945,green,2.1216864588781164,-0.06878598172829875,1.008796518519608,-1.1128899403585084,0.5649043887629149,True,False,1.0303648286034155,False,10.100583023655645,8.987693083297136,True,27260122,above floor,0.11018076261064447
atlas_demo,120.0,50.0,,,gaussian(1.5 px),4.901459533195756,-0.003629476145966093,0.004339693569770675,True,0.8394376699580631,red,1.5915276348836187,-0.01704304282281832,0.4618939613989963,-1.1296336734846224,0.4416308128015392,True,False,0.9727780520340272,False,4.76803225682578,3.6383985833411576,False,27260122,below floor,0.23691821125317913
dose,120.0,100.0,0.0,,NLM(0.6 sd),6.931710547268338,-1.2718808211964472e-05,0.00014607968873360272,True,0.6704716335433584,green,1.4408355574493799,-0.7839015307615291,0.4239384614805424,-1.0168970959688375,0.5131502200981929,True,False,0.9704751562276217,False,6.727052876284893,5.710155780316056,True,27260122,above floor,0.15116531929661792
dose,120.0,100.0,0.0,,TV(0.4 sd),6.931710547268338,-2.1880821188258182e-07,3.404800325296122e-05,True,0.9044433299580106,green,0.5254298562945277,-0.03341220626137886,0.4450694307010217,-0.08036042559350598,0.26472205087119677,True,False,0.9704751562276217,False,6.727052876284893,6.646692450691387,True,27260122,above floor,0.011945859066576303
dose,120.0,100.0,0.0,,gaussian(1.5 px),6.931710547268338,-1.6076971007805696e-06,5.84645228801617e-05,True,0.8225262201644907,green,1.2553907926313084,-0.03738092215160105,0.7112771814679624,-0.544113611163346,0.5352391696614465,True,False,0.9704751562276217,False,6.727052876284893,6.182939265121547,True,27260122,above floor,0.08088439635750866
dose,120.0,12.500000000000002,0.0,,NLM(0.6 sd),2.450729766597878,-0.03979156763287606,0.011516983126240311,True,0.6160953839901826,red,0.7391577223725487,-0.12051604560625728,0.40978058200767586,-0.32937714036487287,0.14591622699044707,True,False,0.939886723509259,False,2.3034083705342905,1.9740312301694176,False,27260122,below floor,0.14299554719794294
dose,120.0,12.500000000000002,0.0,,TV(0.4 sd),2.450729766597878,-0.011881845410653846,0.009328787611469441,True,0.913869506073071,red,0.22195139350039494,-0.012310477681807708,0.2087924558569092,-0.013158937643485746,0.042023051703323266,True,False,0.939886723509259,False,2.3034083705342905,2.2902494328908047,False,27260122,below floor,0.0057128114197281255
dose,120.0,12.500000000000002,0.0,,gaussian(1.5 px),2.450729766597878,-0.04052281763287602,0.011568465053231433,True,0.8362094026635813,red,0.6624129000736687,0.00015769524415842895,0.324176297196586,-0.3382366028770827,0.19592365214176746,True,False,0.939886723509259,False,2.3034083705342905,1.9651717676572078,False,27260122,below floor,0.14684178767598488
dose,120.0,200.0,0.0,,NLM(0.6 sd),9.802919066391512,2.0788926136106056e-12,6.944444444444445e-07,True,0.7310414022301637,green,1.7438900448884773,-1.237939699832431,0.031005018591844014,-1.7128850262966333,0.5581056000082527,True,False,0.981649772915741,False,9.623033275434615,7.910148249137982,True,27260122,above floor,0.17799845197140007
dose,120.0,200.0,0.0,,TV(0.4 sd),9.802919066391512,2.0788926136106056e-12,6.944444444444445e-07,True,0.9179565197522723,green,0.676835398497591,-0.012844990218880525,0.5296643714113092,-0.14717102708628182,0.3407130537235165,True,False,0.981649772915741,False,9.623033275434615,9.475862248348333,True,27260122,above floor,0.015293621343072328
dose,120.0,200.0,0.0,,gaussian(1.5 px),9.802919066391512,2.0788926136106056e-12,6.944444444444445e-07,True,0.8280755099272771,green,1.3561787169149255,-0.04631046292528396,0.8550290969035572,-0.5011496200113683,0.5634280515527996,True,False,0.981649772915741,False,9.623033275434615,9.121883655423247,True,27260122,above floor,0.05207813437481168
dose,120.0,25.000000000000007,0.0,,NLM(0.6 sd),3.4658552736341695,-0.012834152968185242,0.005679574037686704,True,0.6367348932712819,red,1.0020713878113483,-0.25541825832738674,0.4928003826867604,-0.5092710051245879,0.2630535991186146,True,False,0.9859113080261722,False,3.417025906258071,2.907754901133483,False,27260122,below floor,0.14903925785048622
dose,120.0,25.000000000000007,0.0,,TV(0.4 sd),3.4658552736341695,-0.0025209585237407905,0.003941062238384705,True,0.9250164830548268,red,0.28892693807018066,-0.022358700554244937,0.2555063004926832,-0.03342063757749747,0.09063339076701327,True,False,0.9859113080261722,False,3.417025906258071,3.3836052686805735,False,27260122,below floor,0.009780621655893662
dose,120.0,25.000000000000007,0.0,,gaussian(1.5 px),3.4658552736341695,-0.009826514079296356,0.005231479022394064,True,0.844494008728157,red,0.7682917340040296,-0.012058865574251953,0.4083103995729185,-0.35998133443111113,0.3172287158334986,True,False,0.9859113080261722,False,3.417025906258071,3.05704457182696,False,27260122,below floor,0.10534931379122048
dose,120.0,3.125,0.0,,NLM(0.6 sd),1.225364883298939,-0.07679248681856043,0.0200125990893635,True,0.6136863602074989,red,0.34844529619133957,-0.05267747563582814,0.3179665592196389,-0.03047873697170067,0.030910289140296775,True,False,0.7288021205161375,False,0.893048525354276,0.8625697883825754,False,27260122,below floor,0.03412886993974895
dose,120.0,3.125,0.0,,TV(0.4 sd),1.225364883298939,-0.06350707015189372,0.01962977392274591,True,0.9147552220856353,red,0.12106700254291025,0.001956667041000504,0.14277710670155208,0.02171010415864183,0.007053197818362185,False,False,0.7288021205161375,False,0.893048525354276,0.9147586295129179,False,27260122,below floor,-0.02431010582546933
dose,120.0,3.125,0.0,,gaussian(1.5 px),1.225364883298939,-0.15320776459633823,0.021751483174134882,True,0.8404038740841787,red,0.6099322510356759,-0.0017479649559974941,0.256991227232395,-0.35294102380328096,0.050584676468487834,True,False,0.7288021205161375,False,0.893048525354276,0.5401075015509951,False,27260122,below floor,0.39520923419392895
dose,120.0,49.99999999999999,0.0,,NLM(0.6 sd),4.901459533195756,-0.0008864205904105527,0.0013587782168082948,True,0.6446632722522125,red,1.2327338290241938,-0.42891553692298245,0.5476539512374314,-0.6850798777867624,0.3991729161112058,True,False,0.9845224370265208,False,4.825596884608759,4.140517006821996,False,27260122,below floor,0.14196790452427233
dose,120.0,49.99999999999999,0.0,,TV(0.4 sd),4.901459533195756,-4.8920590410506115e-05,0.0007090709165382711,True,0.912312762358608,red,0.3943160787481914,-0.01851027425334717,0.3598408524490009,-0.03447522629919053,0.16868493751065047,True,False,0.9845224370265208,False,4.825596884608759,4.791121658309568,False,27260122,below floor,0.00714424083146048
dose,120.0,49.99999999999999,0.0,,gaussian(1.5 px),4.901459533195756,-0.0009155872570771884,0.0013758919917269974,True,0.831818134289722,red,1.0253491348058965,-0.010221796503819824,0.5600591852199077,-0.4652899495859888,0.44136068617395896,True,False,0.9845224370265208,False,4.825596884608759,4.36030693502277,False,27260122,below floor,0.09642122222642158
dose,120.0,6.25,0.0,,NLM(0.6 sd),1.7329276368170845,-0.05456444739333066,0.01621764040271818,True,0.6239913289775344,red,0.4477278563352156,-0.07347571516827212,0.3416712957128152,-0.10605656062240043,0.07118732227488961,True,False,0.8593622973578185,False,1.4892126751299852,1.3831561145075848,False,27260122,below floor,0.0712165309855044
dose,120.0,6.25,0.0,,TV(0.4 sd),1.7329276368170845,-0.03247278072666404,0.01515974338487774,True,0.9156234465979297,red,0.09776273963533932,-0.008905107660189593,0.13525721858872375,0.037494478953384425,0.01790359407688756,False,False,0.8593622973578185,False,1.4892126751299852,1.5267071540833697,False,27260122,below floor,-0.02517738371392242
dose,120.0,6.25,0.0,,gaussian(1.5 px),1.7329276368170845,-0.13871166961555292,0.019396368382291578,True,0.8382190326735434,red,0.7652716054864884,-0.008632811531245066,0.22593750514094402,-0.5393341003455444,0.10639015413690923,True,False,0.8593622973578185,False,1.4892126751299852,0.9498785747844408,False,27260122,below floor,0.3621605626600438
signal,120.0,25.0,,1.5,NLM(0.6 sd),0.8426561840065284,-0.09469699680398846,0.022145107880795444,True,0.3837062097667837,red,0.12685860771365004,-0.10118977328746215,0.008920502489383364,-0.11793810522426668,0.2581380766415328,True,True,0.6964100219925092,False,0.5868342116361104,0.4688961064118437,False,27260122,below floor,0.20097346556440854
signal,120.0,25.0,,1.5,NLM(0.6 sd),1.6853123680130568,-0.08796389466602439,0.017875917662670764,True,0.34785907156630735,red,0.17335091075782483,-0.2475895454321293,-0.07448573870488806,-0.2478366494627129,0.2562499127444735,True,True,0.841404714721263,False,1.4180297722242423,1.1701931227615294,False,27260122,below floor,0.17477534979676068
signal,120.0,25.0,,3.0,NLM(0.6 sd),1.7329276368170845,-0.06529986405999733,0.01669402448811296,True,0.6143828890368104,red,0.498398467563806,-0.07935289061836825,0.3759328673119613,-0.12246560025184472,0.2598679188595562,True,False,0.834892330975082,False,1.446807994113356,1.3243423938615113,False,27260122,below floor,0.08464537156977425
signal,120.0,25.0,,3.0,NLM(0.6 sd),3.465855273634169,-0.014365402968185226,0.005894907489639024,True,0.6390051434215178,red,0.9424330485323229,-0.19666250545468644,0.5251257081978347,-0.41730734033448824,0.26151486750930586,True,False,0.9425964034053413,False,3.266902715651003,2.8495953753165146,False,27260122,below floor,0.12773791467228635
signal,120.0,25.0,,5.0,NLM(0.6 sd),2.911006412451428,-0.014857786194834688,0.00749720748373341,True,0.7475890501402843,red,0.817491858993403,-0.1394207553419884,0.7257525018515234,-0.09173935714187964,0.26440089233757824,True,False,0.9088122077882625,False,2.645558164585772,2.5538188074438923,False,27260122,below floor,0.03467674926596964
signal,120.0,25.0,,5.0,NLM(0.6 sd),5.822012824902856,-8.842915978846122e-05,0.00041595394043294386,True,0.7586737498468091,amber,1.698093770630504,-0.36868103204508174,1.2331639569588,-0.46492981367170394,0.27336889312791024,True,False,0.9609899434422707,False,5.594895775323571,5.129965961651867,False,27260122,marginal,0.08309892307954847
signal,120.0,25.0,,1.5,TV(0.4 sd),0.8426561840065284,-0.0599053301373218,0.021551702404440296,True,0.8656791317953545,red,0.03961247853786254,-0.007656214045479337,0.058721994153618895,0.019109515615756356,0.08563537533180893,False,False,0.6964100219925092,False,0.5868342116361104,0.6059437272518667,False,27260122,below floor,-0.03256373816802283
signal,120.0,25.0,,1.5,TV(0.4 sd),1.6853123680130568,-0.04607986688824661,0.016125670162380205,True,0.7991774977194631,red,0.08493559382372373,-0.004849049352775747,0.057768171639021926,-0.027167422184701806,0.08610158106882207,True,False,0.841404714721263,False,1.4180297722242423,1.3908623500395405,False,27260122,below floor,0.019158569669583514
signal,120.0,25.0,,3.0,TV(0.4 sd),1.7329276368170845,-0.04085611405999734,0.015574121506766143,True,0.9113307944079256,red,0.15089887413707714,-0.0008066405906583807,0.1684450581297008,0.017546183992623643,0.086874188080245,False,False,0.834892330975082,False,1.446807994113356,1.4643541781059797,False,27260122,below floor,-0.01212751385395583
signal,120.0,25.0,,3.0,TV(0.4 sd),3.465855273634169,-0.002616097412629692,0.003960519832079782,True,0.9198364536340565,red,0.23529060556737003,-0.013612449913272151,0.2613413945384049,0.026050788971034855,0.09018748132305268,False,False,0.9425964034053413,False,3.266902715651003,3.2929535046220377,False,27260122,below floor,-0.007974155106067693
signal,120.0,25.0,,5.0,TV(0.4 sd),2.911006412451428,-0.009801536194834704,0.006923759153935279,True,0.93518626461123,red,0.2443074947372017,-0.01187917955407869,0.26778430592681013,0.023476811189608426,0.08967311007097713,False,False,0.9088122077882625,False,2.645558164585772,2.6690349757753804,False,27260122,below floor,-0.008874048396998457
signal,120.0,25.0,,5.0,TV(0.4 sd),5.822012824902856,-3.842915978846673e-05,0.0003045641289826158,True,0.9377653528166178,amber,0.4243860662726502,-0.008207773698978293,0.418010879706467,-0.006375186566183189,0.09775233466141603,True,False,0.9609899434422707,False,5.594895775323571,5.588520588757388,False,27260122,marginal,0.0011394647589864082
signal,120.0,25.0,,1.5,gaussian(1.5 px),0.8426561840065284,-0.1306428301373218,0.022605435283544636,True,0.7107728045570411,red,0.36490347064057777,-0.0025404395084904774,0.09339721950838686,-0.2715062511321909,0.30752072011010456,True,False,0.6964100219925092,False,0.5868342116361104,0.3153279605039195,False,27260122,below floor,0.4626626153496126
signal,120.0,25.0,,1.5,gaussian(1.5 px),1.6853123680130568,-0.15371528355491326,0.020026381480201604,True,0.6450555472001989,red,0.657981641972505,-0.008061137459752343,0.08884744337488493,-0.56913419859762,0.3068408775499121,True,False,0.841404714721263,False,1.4180297722242423,0.8488955736266223,False,27260122,below floor,0.401355606028573
signal,120.0,25.0,,3.0,gaussian(1.5 px),1.7329276368170845,-0.12723597517110852,0.019031870457476622,True,0.8366470635497323,red,0.7392432964091176,-0.0037338277668022,0.29563648214446236,-0.4436068142646552,0.31062748271127494,True,False,0.834892330975082,False,1.446807994113356,1.0032011798487008,False,27260122,below floor,0.30661070167538695
signal,120.0,25.0,,3.0,gaussian(1.5 px),3.465855273634169,-0.02492165296818527,0.007209729954668785,True,0.8452749581392266,red,1.080300416792407,-0.008499493768078015,0.4309052445614223,-0.6493951722309848,0.31573061389240165,True,False,0.9425964034053413,False,3.266902715651003,2.617507543420018,False,27260122,below floor,0.1987800766517709
signal,120.0,25.0,,5.0,gaussian(1.5 px),2.911006412451428,-0.04155709175039024,0.00999844172747248,True,0.8905306182073165,red,0.9766100953502603,-0.00397848127192546,0.5097462277091982,-0.46686386764106214,0.31952414417295394,True,False,0.9088122077882625,False,2.645558164585772,2.17869429694471,False,27260122,below floor,0.17647083851364176
signal,120.0,25.0,,5.0,gaussian(1.5 px),5.822012824902856,-0.00010926249312182001,0.0004543662962128599,True,0.8895866642457653,amber,1.2243728381586787,-0.0008223459581930825,0.785681427391919,-0.43869141076675966,0.33458007035926185,True,False,0.9609899434422707,False,5.594895775323571,5.156204364556811,False,27260122,marginal,0.07840921947136514
texture,120.0,25.0,0.0,,NLM(0.6 sd),3.465855273634169,-0.013126514079296325,0.005721299648189689,True,0.6282974425304044,red,0.9675331490086427,-0.24551382898918117,0.492191455270802,-0.47534169373784074,0.2621174065128576,True,False,0.968598395802547,False,3.357021858125854,2.881680164388013,False,27260122,below floor,0.14159624626430423
texture,120.0,25.0,0.25,,NLM(0.6 sd),3.7547370518688785,-0.017829718826222973,0.005936390777134077,True,0.560442340891784,red,1.246368588361054,-0.1865627283993585,0.38898117566653845,-0.8573874126945156,0.5459432288408157,True,False,0.97736118758091,False,3.669734264068612,2.8123468513740963,False,27260122,below floor,0.23363746554878206
texture,120.0,25.0,0.5,,NLM(0.6 sd),6.154588910664027,-0.053209225668162,0.009309421298206097,True,0.50884159172108,amber,3.798468547529833,-0.22945443731988702,0.14995406912628484,-3.6485144784035484,0.4604490511858653,True,False,0.963432278544876,False,5.92952961770807,2.2810151393045217,True,27260122,above floor,0.6153126324738389
texture,120.0,25.0,1.0,,NLM(0.6 sd),9.97053385555633,-0.030329166665773566,0.007011883012029988,True,0.4926441283067919,red,6.219041915348114,-1.1914552659161592,-1.1875422738189014,-7.406584189167015,0.29724001067540023,True,True,1.0054319916521819,False,10.024693712227508,2.618109523060493,True,27260122,above floor,0.7388339635886247
texture,120.0,25.0,0.0,,TV(0.4 sd),3.465855273634169,-0.0026466529681852258,0.003966749036729435,True,0.9124429721849775,red,0.28719387492385984,-0.01145006921031877,0.28165982771405584,-0.005534047209803994,0.09043609699442942,True,False,0.968598395802547,False,3.357021858125854,3.35148781091605,False,27260122,below floor,0.0016484990100402719
texture,120.0,25.0,0.25,,TV(0.4 sd),3.7547370518688785,-0.0029206910484452786,0.003327403926112435,True,0.8136083693573354,red,0.6447512317272679,-0.041039858127733364,0.3525670587464407,-0.2921841729808272,0.29506267493649774,True,False,0.97736118758091,False,3.669734264068612,3.3775500910877847,False,27260122,below floor,0.07961998116367275
texture,120.0,25.0,0.5,,TV(0.4 sd),6.154588910664027,-0.00556686455705091,0.002992738203378842,True,0.7814227182626078,amber,2.462175506336787,-0.1844109732852739,0.0015694208315193414,-2.4606060855052676,0.2858771606817555,True,False,0.963432278544876,False,5.92952961770807,3.4689235322028025,True,27260122,above floor,0.41497492113992696
texture,120.0,25.0,1.0,,TV(0.4 sd),9.97053385555633,-6.805555466249391e-05,0.0003308833607392032,True,0.6987238467255246,amber,5.192713466917273,-0.7754018411371941,-0.8950013194279061,-6.087714786345179,0.23475846216669277,True,False,1.0054319916521819,False,10.024693712227508,3.9369789258823293,True,27260122,above floor,0.6072718988830309
texture,120.0,25.0,0.0,,gaussian(1.5 px),3.465855273634169,-0.016236930745962996,0.006148078375359227,True,0.833574735528481,red,0.9234807766882667,-0.007848137407004074,0.42670361031263226,-0.4967771663756344,0.3159862265265687,True,False,0.968598395802547,False,3.357021858125854,2.8602446917502196,False,27260122,below floor,0.14798151080641853
texture,120.0,25.0,0.25,,gaussian(1.5 px),3.7547370518688785,-0.009279024381778522,0.004620531600043716,True,0.8350493325843561,red,0.8856217416692886,-0.001459993728431197,0.32155607466951075,-0.5640656669997779,0.29367871465491824,True,False,0.97736118758091,False,3.669734264068612,3.105668597068834,False,27260122,below floor,0.1537074966224944
texture,120.0,25.0,0.5,,gaussian(1.5 px),6.154588910664027,-0.019239086779273107,0.0055760005115784396,True,0.832215523165945,amber,3.0814668336546465,-0.03497581045067788,0.10579384482248777,-2.9756729888321587,0.21946932822769863,True,False,0.963432278544876,False,5.92952961770807,2.9538566288759114,True,27260122,above floor,0.501839636645974
texture,120.0,25.0,1.0,,gaussian(1.5 px),9.97053385555633,-0.002808333332440238,0.002123178670036125,True,0.814499976869809,amber,5.2961635119813515,-0.25892850019140745,-0.7412012727206334,-6.037364784701985,0.14219288587363615,True,False,1.0054319916521819,False,10.024693712227508,3.9873289275255224,True,27260122,above floor,0.6022493013764578
atlas_demo,120.0,12.0,,,gaussian(1.5 px),2.4012149702459653,-0.17379438379419487,0.03186898872443478,True,0.8258943905125266,red,1.2726554615460142,-0.001580655944611209,0.4103037875680722,-0.862351673977942,0.19156496919521063,True,False,0.8038371838526102,False,1.930185879507246,1.067834205529304,False,28260125,below floor,0.44677131002434356
atlas_demo,80.0,12.0,,,gaussian(1.5 px),2.9408758377279614,-0.060033649267514755,0.019654743110155512,True,0.8216690518283369,red,0.8765338247306427,-0.010599072933046738,0.40693448331223747,-0.4695993414184052,0.09773103883466315,True,False,0.8415374624528422,False,2.474857189870465,2.00525784845206,False,28260125,below floor,0.18974805630824465
atlas_demo,120.0,200.0,,,gaussian(1.5 px),9.802919066391512,2.0788926136106056e-12,6.25e-06,True,0.8193158665453241,green,1.6570386898826301,-0.04601795707836942,1.0316033215081672,-0.6254353683744629,0.5630101018220615,True,False,0.9636996058957855,False,9.447069240909782,8.821633872535319,True,28260125,above floor,0.06620416897825465
atlas_demo,120.0,50.0,,,gaussian(1.5 px),4.901459533195756,-0.0029919761459660243,0.003968515614643607,True,0.8278069588355551,red,1.4803020744529434,-0.01123064424407616,0.5857849136963682,-0.8945171607565752,0.44130979892601563,True,False,0.9684647184710579,False,4.746890626913711,3.8523734661571356,False,28260125,below floor,0.18844275780968733
dose,120.0,100.0,0.0,,NLM(0.6 sd),6.931710547268338,-2.9965859896785574e-06,7.527532077779005e-05,True,0.6741222657144386,green,1.4694064350973148,-0.693022972240354,0.5965440758527478,-0.872862359244567,0.514148244735319,True,False,0.9872030990136514,False,6.843006133728917,5.97014377448435,True,28260125,above floor,0.12755539629611934
dose,120.0,100.0,0.0,,TV(0.4 sd),6.931710547268338,-1.6076971007805696e-06,5.84645228801617e-05,True,0.9103313599331915,green,0.5009594742843504,-0.040199980755201814,0.4253688404603304,-0.07559063382401998,0.26500370929784145,True,False,0.9872030990136514,False,6.843006133728917,6.767415499904897,True,28260125,above floor,0.011046407433633054
dose,120.0,100.0,0.0,,gaussian(1.5 px),6.931710547268338,-9.941030434168496e-06,0.00012987253465012905,True,0.8273858317848182,green,1.2774020907057988,-0.01725652908553954,0.6905892690044357,-0.5868128217013631,0.536144241267851,True,False,0.9872030990136514,False,6.843006133728917,6.256193312027554,True,28260125,above floor,0.08575366004846685
dose,120.0,12.500000000000002,0.0,,NLM(0.6 sd),2.450729766597878,-0.0428672620773205,0.01173185840003279,True,0.6226153909287119,red,0.6383342366192772,-0.1796506521111283,0.3638828806270411,-0.27445135599223613,0.1467724051232558,True,False,0.9078766354108638,False,2.224960294800133,1.9505089388078969,False,28260125,below floor,0.12335112524643499
dose,120.0,12.500000000000002,0.0,,TV(0.4 sd),2.450729766597878,-0.015677678743987178,0.009656550981164295,True,0.9084190178236777,red,0.19028503579553524,-0.01408546399065358,0.19060765554314907,0.00032261974761382817,0.04240787762127286,False,False,0.9078766354108638,False,2.224960294800133,2.225282914547747,False,28260125,below floor,-0.00014500022691099623
dose,120.0,12.500000000000002,0.0,,gaussian(1.5 px),2.450729766597878,-0.06010892874398721,0.012862916963325866,True,0.8348316624251335,red,0.7164173537040408,-0.015281153171119222,0.2921502420891535,-0.4242671116148873,0.19656883734978567,True,False,0.9078766354108638,False,2.224960294800133,1.8006931831852457,False,28260125,below floor,0.1906852507015182
dose,120.0,200.0,0.0,,NLM(0.6 sd),9.802919066391512,2.0788926136106056e-12,6.944444444444445e-07,True,0.7325264121732238,green,1.9023630322228984,-1.1985398725723035,0.18014947636121814,-1.7222135558616802,0.5589648765823833,True,False,0.9819842920560299,False,9.626312539493027,7.904098983631346,True,28260125,above floor,0.1789068814040793
dose,120.0,200.0,0.0,,TV(0.4 sd),9.802919066391512,2.0788926136106056e-12,6.944444444444445e-07,True,0.9179089434074855,green,0.687209002829893,-0.04196120594249919,0.5395722583504652,-0.14763674447942776,0.34101395998568207,True,False,0.9819842920560299,False,9.626312539493027,9.478675795013599,True,28260125,above floor,0.015336791099783142
dose,120.0,200.0,0.0,,gaussian(1.5 px),9.802919066391512,2.0788926136106056e-12,6.944444444444445e-07,True,0.8278343435153568,green,1.892602087104481,-0.05806328305923891,0.9377051993766328,-0.9548968877278483,0.5645172282633355,True,False,0.9819842920560299,False,9.626312539493027,8.671415651765178,True,28260125,above floor,0.09919653904963888
dose,120.0,25.000000000000007,0.0,,NLM(0.6 sd),3.4658552736341695,-0.01070429185707411,0.005366039968608911,True,0.6388411314975863,red,0.9413380810536407,-0.23705229953115703,0.455724992663753,-0.4856130883898877,0.2628213110159995,True,False,0.9710007784520625,False,3.3653481687009643,2.8797350803110766,False,28260125,below floor,0.1442980232792187
dose,120.0,25.000000000000007,0.0,,TV(0.4 sd),3.4658552736341695,-0.0008723474126296482,0.0035874222326139475,True,0.9244158658499992,red,0.2704681863996812,-0.010944534429988995,0.24608389433157152,-0.02438429206810966,0.09068368311462696,True,False,0.9710007784520625,False,3.3653481687009643,3.3409638766328547,False,28260125,below floor,0.0072456966844896
dose,120.0,25.000000000000007,0.0,,gaussian(1.5 px),3.4658552736341695,-0.03386956963485188,0.008162832848076063,True,0.847104041336416,red,1.2859678798190388,-0.017363043872597572,0.37191563857417087,-0.914052241244868,0.31708616162036535,True,False,0.9710007784520625,False,3.3653481687009643,2.4512959274560964,False,28260125,below floor,0.2716070360106887
dose,120.0,3.125,0.0,,NLM(0.6 sd),1.225364883298939,-0.07629457015189378,0.01999870456961639,True,0.6111796245219511,red,0.29969342407237065,-0.05633777043736532,0.2938675839586945,-0.005825840113676151,0.031107755558380076,True,False,0.73396454569715,False,0.8993743798837469,0.8935485397700708,False,28260125,below floor,0.006477658519057683
dose,120.0,3.125,0.0,,TV(0.4 sd),1.225364883298939,-0.05910498681856036,0.01949730508929123,True,0.896733465934991,red,0.10082693219543537,-0.0022973630590814587,0.14180499741579833,0.04097806522036296,0.007102639201768985,False,False,0.73396454569715,False,0.8993743798837469,0.9403524451041099,False,28260125,below floor,-0.04556285584392539
dose,120.0,3.125,0.0,,gaussian(1.5 px),1.225364883298939,-0.13972443126300482,0.021499377912126496,True,0.8236910537201129,red,0.5102620867586383,-0.006828373874113058,0.23005534198781552,-0.28020674477082275,0.05069328605957827,True,False,0.73396454569715,False,0.8993743798837469,0.6191676351129242,False,28260125,below floor,0.3115574014984085
dose,120.0,49.99999999999999,0.0,,NLM(0.6 sd),4.901459533195756,-0.0010155872570771773,0.0014330197484832023,True,0.6445680302990384,red,1.344525583105591,-0.46496697512280427,0.589587049403065,-0.7549385337025258,0.3997831831379679,True,False,1.0071994798210082,False,4.936747492198487,4.181808958495961,False,28260125,below floor,0.15292224990148895
dose,120.0,49.99999999999999,0.0,,TV(0.4 sd),4.901459533195756,1.0107187367269788e-05,0.000638825750518171,True,0.9107909194248627,red,0.3675421867477482,-0.01617338910993027,0.35061671656607896,-0.016925470181669233,0.16891141576184188,True,False,1.0071994798210082,False,4.936747492198487,4.919822022016818,False,28260125,below floor,0.0034284658489048825
dose,120.0,49.99999999999999,0.0,,gaussian(1.5 px),4.901459533195756,-0.0003753094792994238,0.0010130677186918782,True,0.8311317902623893,red,1.0379715754810719,-0.01758655077034632,0.5387853162081995,-0.4991862592728724,0.441748043781771,True,False,1.0071994798210082,False,4.936747492198487,4.437561232925614,False,28260125,below floor,0.10111642535125276
dose,120.0,6.25,0.0,,NLM(0.6 sd),1.7329276368170845,-0.07734500294888624,0.017201584116842885,True,0.5963606687432488,red,0.50783969238383,-0.08607613329815567,0.38300314414514935,-0.12483654823868062,0.07100482678047887,True,False,0.7960872748729229,False,1.379561639945687,1.2547250917070063,False,28260125,below floor,0.09049001119195765
dose,120.0,6.25,0.0,,TV(0.4 sd),1.7329276368170845,-0.053217225171108495,0.016156188503750116,True,0.869467314838865,red,0.16307502240477123,-0.003387340290184504,0.1695993936504543,0.006524371245683058,0.01780554158463751,False,False,0.7960872748729229,False,1.379561639945687,1.38608601119137,False,28260125,below floor,-0.004729307525497717
dose,120.0,6.25,0.0,,gaussian(1.5 px),1.7329276368170845,-0.10469847517110853,0.018256480138123133,True,0.8014017383947322,red,0.561240234228205,-0.003277603376543148,0.28562940649626944,-0.27561082773193557,0.10618155990561103,True,False,0.7960872748729229,False,1.379561639945687,1.1039508122137514,False,28260125,below floor,0.19978145213053788
signal,120.0,25.0,,1.5,NLM(0.6 sd),0.8426561840065284,-0.09311713569287727,0.02212135381591676,True,0.3869206061303212,red,0.08739728939892066,-0.12232280487639913,-0.005505748123761478,-0.09290303752268214,0.25774960689057297,True,True,0.6747086363972865,False,0.5685474048627858,0.4756443673401036,False,28260125,below floor,0.16340420645329223
signal,120.0,25.0,,1.5,NLM(0.6 sd),1.6853123680130568,-0.08140556133269106,0.017623286198758244,True,0.360864926137134,red,0.189161644332404,-0.2408756639475209,-0.06769886177782025,-0.25686050611022426,0.25621885276424483,True,True,0.8636225811482636,False,1.4554738173045285,1.1986133111943043,False,28260125,below floor,0.17647896036076982
signal,120.0,25.0,,3.0,NLM(0.6 sd),1.7329276368170845,-0.06478458628221961,0.016671687503668157,True,0.6126403310998557,red,0.4474796145883797,-0.08302923150244346,0.33655392064311807,-0.11092569394526164,0.2607824751693131,True,False,0.834207129211213,False,1.4456205890399516,1.33469489509469,False,28260125,below floor,0.07673223167008736
signal,120.0,25.0,,3.0,NLM(0.6 sd),3.465855273634169,-0.016038319634851916,0.006121696850331476,True,0.6355309496066526,red,0.9201082359391171,-0.2605970075966715,0.45799198920885953,-0.46211624673025753,0.2628652798516019,True,False,0.9419051811570992,False,3.2645070393766797,2.802390792646422,False,28260125,below floor,0.14155774245733999
signal,120.0,25.0,,5.0,NLM(0.6 sd),2.911006412451428,-0.02297306397261245,0.008336820360018236,True,0.7556242692295834,red,0.9031589044567689,-0.11959896866008313,0.742251305511715,-0.1609075989450539,0.26519760529296266,True,False,0.9007330592593884,False,2.622039711411072,2.461132112466018,False,28260125,below floor,0.06136733865806332
signal,120.0,25.0,,5.0,NLM(0.6 sd),5.822012824902856,-0.00012592915978848485,0.00048289855664938685,True,0.76410203260682,amber,1.9490559877421414,-0.3230718085690656,1.4337352358439293,-0.5153207518982121,0.27287335202838653,True,False,0.962345337190997,False,5.602786895111448,5.087466143213236,False,28260125,marginal,0.09197579018181834
signal,120.0,25.0,,1.5,TV(0.4 sd),0.8426561840065284,-0.06488310791509955,0.02164573106221765,True,0.8762278407372899,red,0.06562392442649445,0.005133728618409328,0.0771471883094309,0.011523263882936452,0.08559255610443403,False,False,0.6747086363972865,False,0.5685474048627858,0.5800706687457222,False,28260125,below floor,-0.020267903405024823
signal,120.0,25.0,,1.5,TV(0.4 sd),1.6853123680130568,-0.03132917244380218,0.015424989301926324,True,0.8239992083892519,red,0.021056623530147922,-0.020780903428538444,0.041548382184185995,0.020491758654038073,0.08614655369329763,False,False,0.8636225811482636,False,1.4554738173045285,1.4759655759585666,False,28260125,below floor,-0.014079098098781273
signal,120.0,25.0,,3.0,TV(0.4 sd),1.7329276368170845,-0.03477625294888631,0.015275247636709847,True,0.8987501359361697,red,0.13497352399606344,-0.0021490934629639913,0.1719114654789211,0.03693794148285767,0.0872281327322785,False,False,0.834207129211213,False,1.4456205890399516,1.4825585305228093,False,28260125,below floor,-0.025551615522706683
signal,120.0,25.0,,3.0,TV(0.4 sd),3.465855273634169,-0.004068180745963046,0.004246607663719231,True,0.9208270030304233,red,0.25315299593291707,-0.0022214927479122792,0.26469507774449763,0.011542081811580562,0.09066412218901392,False,False,0.9419051811570992,False,3.2645070393766797,3.2760491211882603,False,28260125,below floor,-0.0035356277907687694
signal,120.0,25.0,,5.0,TV(0.4 sd),2.911006412451428,-0.01251056397261241,0.00723654098850923,True,0.942159321655708,red,0.22776528978154498,0.0029059063292837806,0.24052299006148492,0.012757700279939943,0.08983068531827493,False,False,0.9007330592593884,False,2.622039711411072,2.634797411691012,False,28260125,below floor,-0.004865563333926071
signal,120.0,25.0,,5.0,TV(0.4 sd),5.822012824902856,-2.5234715343991354e-05,0.0002675258178154843,True,0.9401476139515527,amber,0.4728385336731833,-0.0026550682220669586,0.46098449519628737,-0.011854038476895923,0.09760386578555394,True,False,0.962345337190997,False,5.602786895111448,5.590932856634552,False,28260125,marginal,0.002115739666493255
signal,120.0,25.0,,1.5,gaussian(1.5 px),0.8426561840065284,-0.15266088569287728,0.0228127657922078,True,0.7212778996957888,red,0.4313932396968883,0.001986975350736997,0.10296972946881411,-0.3284235102280742,0.30720447471891105,True,False,0.6747086363972865,False,0.5685474048627858,0.24012389463471157,False,28260125,below floor,0.5776536968053465
signal,120.0,25.0,,1.5,gaussian(1.5 px),1.6853123680130568,-0.15335000577713542,0.02001621716349097,True,0.667296879182162,red,0.6636230623697633,-0.007975410561849028,0.061890627965267564,-0.6017324344044958,0.3069449050157658,True,False,0.8636225811482636,False,1.4554738173045285,0.8537413829000328,False,28260125,below floor,0.4134271790054437
signal,120.0,25.0,,3.0,gaussian(1.5 px),1.7329276368170845,-0.10288597517110853,0.018190558168727215,True,0.8248293167585469,red,0.5816507195694045,-0.0077213650807954615,0.2671982486913358,-0.3144524708780687,0.3109760914412442,True,False,0.834207129211213,False,1.4456205890399516,1.131168118161883,False,28260125,below floor,0.21752074732617022
signal,120.0,25.0,,3.0,gaussian(1.5 px),3.465855273634169,-0.015583458523740767,0.006060854800056878,True,0.842133609616702,red,0.8196632574205429,-0.010047652471118607,0.3966722308545658,-0.4229910265659771,0.3169765437557011,True,False,0.9419051811570992,False,3.2645070393766797,2.8415160128107027,False,28260125,below floor,0.12957271081478272
signal,120.0,25.0,,5.0,gaussian(1.5 px),2.911006412451428,-0.03064320286150135,0.00905977818246123,True,0.8972204883928486,red,0.7265036972004753,0.0016677907290492122,0.45817607090908785,-0.2683276262913874,0.3199809659635271,True,False,0.9007330592593884,False,2.622039711411072,2.3537120851196844,False,28260125,below floor,0.10233545476967043
signal,120.0,25.0,,5.0,gaussian(1.5 px),5.822012824902856,-8.495693756627176e-05,0.00040920095122606046,True,0.8953537995139513,amber,1.1511537808067938,-0.00019507114074457377,0.9017198259839554,-0.24943395482283837,0.33472436485869533,True,False,0.962345337190997,False,5.602786895111448,5.35335294028861,False,28260125,marginal,0.04451962201890547
texture,120.0,25.0,0.0,,NLM(0.6 sd),3.465855273634169,-0.012059847412629665,0.005567588596314296,True,0.6289904531279538,red,1.0404844852136832,-0.2840532923626147,0.52184425462627,-0.5186402305874132,0.26308071016730145,True,False,0.9885728816852379,False,3.4262505353605093,2.907610304773096,False,28260125,below floor,0.15137253543919316
texture,120.0,25.0,0.25,,NLM(0.6 sd),3.7547370518688785,-0.023230413270667438,0.006636843485559125,True,0.5649968777990574,red,1.1715963788706136,-0.3141613982255178,0.32502764366261294,-0.8465687352080007,0.5461567736342063,True,False,0.9532942409738885,False,3.5793692079178783,2.7328004727098776,False,28260125,below floor,0.23651338714523118
texture,120.0,25.0,0.5,,NLM(0.6 sd),6.154588910664027,-0.035626586779273106,0.007605521998523888,True,0.5035791547621291,amber,3.289686258874773,-0.27603990001561884,-0.01340194722117527,-3.303088206095948,0.46031495164042346,True,False,0.9473420673905801,False,5.830500982567598,2.5274127764716496,True,28260125,above floor,0.5665187633055428
texture,120.0,25.0,1.0,,NLM(0.6 sd),9.97053385555633,-0.08683194444355136,0.011897282030330828,True,0.49257299898751766,red,6.569991555752898,-0.9967145516883136,-1.0746964612971692,-7.6446880170500675,0.29926427982914044,True,True,0.9596065452564159,False,9.567789547492541,1.923101530442474,True,28260125,above floor,0.7990025260383715
texture,120.0,25.0,0.0,,TV(0.4 sd),3.465855273634169,-4.986301518572489e-06,0.003386780302455269,True,0.910436352473558,red,0.26047180533402603,-0.0113725582719586,0.27064951942427173,0.010177714090245704,0.09067151545051313,False,False,0.9885728816852379,False,3.4262505353605093,3.436428249450755,False,28260125,below floor,-0.0029705107624813376
texture,120.0,25.0,0.25,,TV(0.4 sd),3.7547370518688785,-0.005172774381778544,0.0038348665662612433,True,0.8135954427293489,red,0.5853899734460293,-0.07527606960370159,0.31010693880819007,-0.2752830346378392,0.2963381634957563,True,False,0.9532942409738885,False,3.5793692079178783,3.304086173280039,False,28260125,below floor,0.0769082535629152
texture,120.0,25.0,0.5,,TV(0.4 sd),6.154588910664027,-0.00331408677927314,0.002309016655063093,True,0.776350018691493,amber,2.2760517467082453,-0.19260185826603493,-0.08725494116314625,-2.3633066878713915,0.2855895461335493,True,False,0.9473420673905801,False,5.830500982567598,3.467194294696206,True,28260125,above floor,0.40533509812233215
texture,120.0,25.0,1.0,,TV(0.4 sd),9.97053385555633,-0.0010124999991069084,0.0012745769950965808,True,0.7019148233927023,amber,5.077281341342683,-0.7374037690351427,-0.7861408620182284,-5.863422203360912,0.23558588112891504,True,False,0.9596065452564159,False,9.567789547492541,3.704367344131629,True,28260125,above floor,0.6128293451957831
texture,120.0,25.0,0.0,,gaussian(1.5 px),3.465855273634169,-0.011370958523740815,0.005466071094412571,True,0.8326040983582353,red,0.9416331462931224,-0.013549312345764175,0.4073099185352649,-0.5343232277578576,0.3165311904128865,True,False,0.9885728816852379,False,3.4262505353605093,2.8919273076026517,False,28260125,below floor,0.15594984145011925
texture,120.0,25.0,0.25,,gaussian(1.5 px),3.7547370518688785,-0.016040829937334133,0.005685837065712231,True,0.8338613439577328,red,0.9376902616871949,-0.027743081922099844,0.27704657600151616,-0.6606436856856788,0.29424116368054654,True,False,0.9532942409738885,False,3.5793692079178783,2.9187255222321995,False,28260125,below floor,0.1845698633782391
texture,120.0,25.0,0.5,,gaussian(1.5 px),6.154588910664027,-0.009550197890384249,0.0039220817753389745,True,0.8239763031426368,amber,2.655222813205691,-0.029598320858803984,0.04536629935595782,-2.609856513849733,0.21986859449023055,True,False,0.9473420673905801,False,5.830500982567598,3.2206444687178646,True,28260125,above floor,0.44762131447243525
texture,120.0,25.0,1.0,,gaussian(1.5 px),9.97053385555633,-0.0074951388879958,0.00347186749032461,True,0.8180532783405847,amber,5.335882381646538,-0.28056902592140265,-0.6658861279409134,-6.001768509587452,0.14265684034475873,True,False,0.9596065452564159,False,9.567789547492541,3.5660210379050894,True,28260125,above floor,0.6272889343767342
atlas_demo,120.0,12.0,,,gaussian(1.5 px),2.4012149702459653,-0.19987563379419482,0.03338492257434034,True,0.8290405845277657,red,1.2818340055689563,-0.03737265850501448,0.38926514864943584,-0.8925688569195205,0.18933075237998953,True,False,0.7621596686186037,False,1.8301092060046953,0.9375403490851748,False,29260128,below floor,0.4877134402640836
atlas_demo,80.0,12.0,,,gaussian(1.5 px),2.9408758377279614,-0.08643989926751472,0.022679186979940157,True,0.8412511662277035,red,1.3797959069997139,-0.026655798077144688,0.4226721740300263,-0.9571237329696876,0.09896386778400329,True,False,0.9109959449934139,False,2.6791259628992816,1.722002229929594,False,29260128,below floor,0.3572522330879556
atlas_demo,120.0,200.0,,,gaussian(1.5 px),9.802919066391512,2.0788926136106056e-12,6.25e-06,True,0.8247653573330062,green,2.204189751091775,-0.027967081864174403,0.85251790139748,-1.351671849694295,0.563706079561167,True,False,0.9497586142590768,False,9.310406828189885,7.95873497849559,True,29260128,above floor,0.14517860224987456
atlas_demo,120.0,50.0,,,gaussian(1.5 px),4.901459533195756,-0.005404476145966064,0.005237055338645917,True,0.8347023830137696,red,1.3740090008544268,-0.035611675154082256,0.5236332453146844,-0.8503757555397424,0.44230593380183386,True,False,0.9409794877130299,False,4.612172880592689,3.7617971250529463,False,29260128,below floor,0.1843763834434724
dose,120.0,100.0,0.0,,NLM(0.6 sd),6.931710547268338,-8.552141545270509e-06,0.00012095266023728527,True,0.6783378003972539,green,1.375043517728738,-0.7104409739290931,0.4315723264944342,-0.9434711912343037,0.5139096044564895,True,False,0.9812029155320999,False,6.8014145986043015,5.857943407369998,True,29260128,above floor,0.13871690624887223
dose,120.0,100.0,0.0,,TV(0.4 sd),6.931710547268338,4.756362325109009e-07,6.944444444444445e-07,True,0.9129499468461939,green,0.48308990366645777,-0.020094863137610552,0.42099704033569285,-0.062092863330764914,0.2654256078085836,True,False,0.9812029155320999,False,6.8014145986043015,6.739321735273537,True,29260128,above floor,0.009129404248273132
dose,120.0,100.0,0.0,,gaussian(1.5 px),6.931710547268338,-3.6910304341830624e-06,8.239371520908889e-05,True,0.8311638906823288,green,1.1397837918350593,-0.03955664317084029,0.6579195877787001,-0.4818642040563592,0.5363343540478821,True,False,0.9812029155320999,False,6.8014145986043015,6.319550394547942,True,29260128,above floor,0.07084764457018122
dose,120.0,12.500000000000002,0.0,,NLM(0.6 sd),2.450729766597878,-0.04910198429954271,0.012154620890523498,True,0.5967225312261698,red,0.7173740787108402,-0.16216807813422962,0.4325171440455615,-0.2848569346652787,0.1463736851954419,True,False,0.8943575403075509,False,2.1918286460129766,1.9069717113476978,False,29260128,below floor,0.12996314067864967
dose,120.0,12.500000000000002,0.0,,TV(0.4 sd),2.450729766597878,-0.0195721231884316,0.009981477547514876,True,0.8836247829391188,red,0.17730483866040436,-0.012981991352390754,0.18330294531783964,0.005998106657435276,0.042215939487436294,False,False,0.8943575403075509,False,2.1918286460129766,2.197826752670412,False,29260128,below floor,-0.0027365764510587365
dose,120.0,12.500000000000002,0.0,,gaussian(1.5 px),2.450729766597878,-0.07391934541065381,0.013691275761439517,True,0.8104604588173084,red,0.8063857347124921,-0.021062717848086443,0.2962037605822021,-0.51018197413029,0.19671209356591568,True,False,0.8943575403075509,False,2.1918286460129766,1.6816466718826866,False,29260128,below floor,0.2327654468146182
dose,120.0,200.0,0.0,,NLM(0.6 sd),9.802919066391512,2.0788926136106056e-12,6.944444444444445e-07,True,0.7357164919427082,green,1.9520766703192667,-1.1876778334411835,0.188328672775401,-1.7637479975438657,0.5582810535492662,True,False,0.982199626661774,False,9.628423447205329,7.864675449661463,True,29260128,above floor,0.18318139072454254
dose,120.0,200.0,0.0,,TV(0.4 sd),9.802919066391512,2.0788926136106056e-12,6.944444444444445e-07,True,0.9181058525722439,green,0.6977443504825809,-0.016636226421306688,0.5985202325224863,-0.09922411796009456,0.3408108687292377,True,False,0.982199626661774,False,9.628423447205329,9.529199329245234,True,29260128,above floor,0.010305333838313335
dose,120.0,200.0,0.0,,gaussian(1.5 px),9.802919066391512,2.0788926136106056e-12,6.944444444444445e-07,True,0.8283607837466053,green,1.4367510414699627,-0.015068029491731139,1.0907763181396444,-0.3459747233303183,0.5634018862371164,True,False,0.982199626661774,False,9.628423447205329,9.28244872387501,True,29260128,above floor,0.03593264517575179
dose,120.0,25.000000000000007,0.0,,NLM(0.6 sd),3.4658552736341695,-0.01383554185707414,0.005821276689063381,True,0.625105700081355,red,0.9069796861007875,-0.2878827992589077,0.4411186805082927,-0.46586100559249477,0.2620826846055756,True,False,0.9615840121935695,False,3.3327110197033862,2.8668500141108915,False,29260128,below floor,0.13978439859869896
dose,120.0,25.000000000000007,0.0,,TV(0.4 sd),3.4658552736341695,-0.0021910974126296834,0.0038728540451697705,True,0.9149172362998028,red,0.25753875636537504,-0.014394490997756915,0.24132081446865428,-0.016217941896720767,0.0904854519484487,True,False,0.9615840121935695,False,3.3327110197033862,3.3164930778066655,False,29260128,below floor,0.0048662910767955925
dose,120.0,25.000000000000007,0.0,,gaussian(1.5 px),3.4658552736341695,-0.01674526407929633,0.006215101634149744,True,0.8345845556072762,red,0.909943235347463,-0.014138087817830325,0.3895770004576309,-0.5203662348898321,0.31616783797823933,True,False,0.9615840121935695,False,3.3327110197033862,2.812344784813554,False,29260128,below floor,0.15613902069917396
dose,120.0,3.125,0.0,,NLM(0.6 sd),1.225364883298939,-0.07029665348522707,0.01982857299464637,True,0.5876638124722489,red,0.2772565096314382,-0.08346990271856303,0.25864607419040886,-0.01861043544102936,0.030972408535129444,True,False,0.7406698800183463,False,0.9075908610917202,0.8889804256506908,False,29260128,below floor,0.020505313835623373
dose,120.0,3.125,0.0,,TV(0.4 sd),1.225364883298939,-0.058106375707449254,0.0194668589901893,True,0.8851311889625725,red,0.08727190669833906,-0.005970532841685472,0.12686236329429568,0.039590456595956613,0.007056781003818831,False,False,0.7406698800183463,False,0.9075908610917202,0.9471813176876768,False,29260128,below floor,-0.04362148000072863
dose,120.0,3.125,0.0,,gaussian(1.5 px),1.225364883298939,-0.15247512570744925,0.021738364243959616,True,0.815936302302082,red,0.5814505761706218,-0.0020480498844073214,0.2278127790084291,-0.3536377971621927,0.05059277122945492,True,False,0.7406698800183463,False,0.9075908610917202,0.5539530639295275,False,29260128,below floor,0.38964451089427
dose,120.0,49.99999999999999,0.0,,NLM(0.6 sd),4.901459533195756,-0.0014086428126327544,0.0016384115597500126,True,0.6394556049827185,red,1.1652807086355872,-0.44604790640243586,0.5501189301349734,-0.6151617785006138,0.4003627343514901,True,False,0.9710303263475019,False,4.759465850098149,4.144304071597535,False,29260128,below floor,0.12925017173679854
dose,120.0,49.99999999999999,0.0,,TV(0.4 sd),4.901459533195756,-0.00024336503485500316,0.0009025882786138641,True,0.8997860962560745,red,0.37424901449934245,-0.027285993005855325,0.32723077083257524,-0.04701824366676721,0.16887295802102772,True,False,0.9710303263475019,False,4.759465850098149,4.712447606431382,False,29260128,below floor,0.009878890856165667
dose,120.0,49.99999999999999,0.0,,gaussian(1.5 px),4.901459533195756,-0.001385726145966104,0.001627146605526049,True,0.821793520052196,red,1.0356142941708604,-0.006996303745988364,0.5484970909221922,-0.48711720324866814,0.44267676157848745,True,False,0.9710303263475019,False,4.759465850098149,4.272348646849481,False,29260128,below floor,0.10234703191296624
dose,120.0,6.25,0.0,,NLM(0.6 sd),1.7329276368170845,-0.058926252948886315,0.016414015252350384,True,0.6177748995634031,red,0.41589942177108097,-0.06882863484964608,0.2975891832162856,-0.11831023855479539,0.07115082888666652,True,False,0.854346398456151,False,1.480520485299805,1.3622102467450097,False,29260128,below floor,0.07991124724683396
dose,120.0,6.25,0.0,,TV(0.4 sd),1.7329276368170845,-0.03299500294888624,0.015186040861855364,True,0.9202247526411257,red,0.13484259541945054,-0.002294379496143417,0.1604960295612432,0.025653434141792664,0.017867152219839554,False,False,0.854346398456151,False,1.480520485299805,1.5061739194415977,False,29260128,below floor,-0.01732730779243341
dose,120.0,6.25,0.0,,gaussian(1.5 px),1.7329276368170845,-0.12235680850444186,0.01887081171407676,True,0.842259006781526,red,0.6832478880771311,-0.007912377999855558,0.23751343572921635,-0.44573445234791476,0.1063892971347908,True,False,0.854346398456151,False,1.480520485299805,1.0347860329518903,False,29260128,below floor,0.3010660485779456
signal,120.0,25.0,,1.5,NLM(0.6 sd),0.8426561840065284,-0.08450255235954396,0.021986535193969575,True,0.3529396472631997,red,0.14040441491756783,-0.08599031121774425,0.04005070268814581,-0.10035371222942202,0.25717118055062127,True,True,0.7041026886873014,False,0.593316484797978,0.49296277256855603,False,29260128,below floor,0.16914027302577317
signal,120.0,25.0,,1.5,NLM(0.6 sd),1.6853123680130568,-0.10908889466602434,0.018640267750600483,True,0.3551313745858932,red,0.1982651646982121,-0.1773036986895833,-0.05927337505417363,-0.2575385397523857,0.25804168779635606,True,True,0.7894072581453977,False,1.3303978155517147,1.072859275799329,False,29260128,below floor,0.19358009817956945
signal,120.0,25.0,,3.0,NLM(0.6 sd),1.7329276368170845,-0.0621706973933307,0.01655756748729442,True,0.595062272163246,red,0.45068599658714614,-0.11344811889714523,0.3165493848423906,-0.13413661174475555,0.2603913209239854,True,False,0.8456183253786126,False,1.4653953662475796,1.331258754502824,False,29260128,below floor,0.09153612385730248
signal,120.0,25.0,,3.0,NLM(0.6 sd),3.465855273634169,-0.01392165296818526,0.005833304737220292,True,0.6355323245573976,red,1.0282338651305762,-0.28823953058476803,0.4800011601813825,-0.5482327049491937,0.26141030790526076,True,False,0.9839637464945666,False,3.4102759398530282,2.8620432349038345,False,29260128,below floor,0.16075904549026632
signal,120.0,25.0,,5.0,NLM(0.6 sd),2.911006412451428,-0.01372306397261247,0.007372321862095035,True,0.7637537921900256,red,0.9363458838435263,-0.15018766069529432,0.7441776757442151,-0.19216820809931123,0.26677492746293524,True,False,0.9469977050118987,False,2.7567163918664233,2.564548183767112,False,29260128,below floor,0.0697090961791701
signal,120.0,25.0,,5.0,NLM(0.6 sd),5.822012824902856,-0.00011620693756630995,0.00046646713838422154,True,0.7632005515149469,amber,1.7158589458093756,-0.37246519502869013,1.204047469613048,-0.5118114761963275,0.2729168101531576,True,False,0.9519649593781858,False,5.542352202357924,5.030540726161597,False,29260128,marginal,0.09234553444268367
signal,120.0,25.0,,1.5,TV(0.4 sd),0.8426561840065284,-0.05807060791509955,0.021516264448911224,True,0.8125933842994907,red,0.04281436228238511,-0.0010792310831324592,0.05359018670470006,0.01077582442231495,0.08539750359573106,False,False,0.7041026886873014,False,0.593316484797978,0.604092309220293,False,29260128,below floor,-0.018162017571421663
signal,120.0,25.0,,1.5,TV(0.4 sd),1.6853123680130568,-0.060984727999357724,0.016786931801077026,True,0.7898696895257166,red,0.06535536316912482,-0.005199531277475966,0.05219781968460491,-0.013157543484519918,0.08674316732580126,True,False,0.7894072581453977,False,1.3303978155517147,1.3172402720671947,False,29260128,below floor,0.009889931666088536
signal,120.0,25.0,,3.0,TV(0.4 sd),1.7329276368170845,-0.034345002948886316,0.015253719617605934,True,0.8904643761160546,red,0.12944601991799098,-0.0075268063037767785,0.16587551734567985,0.03642949742768886,0.08706682149257879,False,False,0.8456183253786126,False,1.4653953662475796,1.5018248636752685,False,29260128,below floor,-0.0248598421059385
signal,120.0,25.0,,3.0,TV(0.4 sd),3.465855273634169,-0.0009910974126297045,0.003614035728697573,True,0.915301070609125,red,0.3008761864879741,-0.00847603149227849,0.26699005406411125,-0.03388613242386285,0.0902284072648091,True,False,0.9839637464945666,False,3.4102759398530282,3.3763898074291654,False,29260128,below floor,0.009936478168192764
signal,120.0,25.0,,5.0,TV(0.4 sd),2.911006412451428,-0.0029008417503901818,0.006056185824978033,True,0.9498321677803635,red,0.23881150314808397,-0.010248949663181683,0.2613819291369668,0.022570425988882814,0.09048395201345394,False,False,0.9469977050118987,False,2.7567163918664233,2.779286817855306,False,29260128,below floor,-0.008187431269852663
signal,120.0,25.0,,5.0,TV(0.4 sd),5.822012824902856,-2.0373604232903908e-05,0.00025251072653077256,True,0.9397731648519945,amber,0.4995846810615374,-0.012755437529657243,0.4653287024100967,-0.0342559786514407,0.09760583052324215,True,False,0.9519649593781858,False,5.542352202357924,5.508096223706484,False,29260128,marginal,0.006180765386376352
signal,120.0,25.0,,1.5,gaussian(1.5 px),0.8426561840065284,-0.15372824680398844,0.02282139436923636,True,0.6605785674643857,red,0.4249023138948586,-0.007812057701627517,0.08093589296040826,-0.34396642093445035,0.30626103404605626,True,False,0.7041026886873014,False,0.593316484797978,0.2493500638635277,False,29260128,below floor,0.5797351493639513
signal,120.0,25.0,,1.5,gaussian(1.5 px),1.6853123680130568,-0.18636389466602432,0.020860816681877656,True,0.6392014842031264,red,0.7008136774110459,-0.00651465960121711,0.08476624232363705,-0.6160474350874089,0.30821374317066863,True,False,0.7894072581453977,False,1.3303978155517147,0.7143503804643058,False,29260128,below floor,0.4630550560787975
signal,120.0,25.0,,3.0,gaussian(1.5 px),1.7329276368170845,-0.12334222517110849,0.018903636856517688,True,0.8193458789524102,red,0.7189592089383674,-0.004697118226990593,0.2757299696844968,-0.4432292392538706,0.31067062466409084,True,False,0.8456183253786126,False,1.4653953662475796,1.022166126993709,False,29260128,below floor,0.30246392848152814
signal,120.0,25.0,,3.0,gaussian(1.5 px),3.465855273634169,-0.029869569634851878,0.007751026351761048,True,0.8382202733463607,red,1.3096326929834796,-0.009151310866144957,0.42442761173982424,-0.8852050812436554,0.3156766556512962,True,False,0.9839637464945666,False,3.4102759398530282,2.525070858609373,False,29260128,below floor,0.25956992831547965
signal,120.0,25.0,,5.0,gaussian(1.5 px),2.911006412451428,-0.048177230639279145,0.010526278255807478,True,0.9033856402098972,red,1.1675725478012469,0.004639982055384184,0.5079788598436061,-0.6595936879576407,0.3211863709858821,True,False,0.9469977050118987,False,2.7567163918664233,2.0971227039087825,False,29260128,below floor,0.2392678804042898
signal,120.0,25.0,,5.0,gaussian(1.5 px),5.822012824902856,-5.231804867733558e-05,0.0003392020572226498,True,0.8933765369193658,amber,1.056660737915187,-0.0029045370281322036,0.8491471634782335,-0.20751357443695362,0.33487646189783893,True,False,0.9519649593781858,False,5.542352202357924,5.334838627920971,False,29260128,marginal,0.03744142682752449
texture,120.0,25.0,0.0,,NLM(0.6 sd),3.465855273634169,-0.015696652968185232,0.006076051305115309,True,0.621036396721441,red,0.8978285037884133,-0.2552812072654742,0.48285626165826345,-0.4149722421301498,0.2634581291890358,True,False,0.9461104378764668,False,3.279081850554485,2.8641096084243354,False,29260128,below floor,0.1265513521902416
texture,120.0,25.0,0.25,,NLM(0.6 sd),3.7547370518688785,-0.026475552159556326,0.007024903206899894,True,0.5516672582102916,red,1.332891175681385,-0.23457264936974864,0.474713310940972,-0.858177864740413,0.5459430090632346,True,False,0.9426227620133752,False,3.5393006104666003,2.6811227457261873,False,29260128,below floor,0.2424710300680778
texture,120.0,25.0,0.5,,NLM(0.6 sd),6.154588910664027,-0.03581825344593981,0.007626123970918813,True,0.5075048352611812,amber,3.3820451166330012,-0.1902646199144873,0.05564288107015747,-3.3264022355628438,0.46147439460339656,True,False,0.9542654649225961,False,5.873111648242262,2.5467094126794185,True,29260128,above floor,0.566378171366517
texture,120.0,25.0,1.0,,NLM(0.6 sd),9.97053385555633,-0.0426069444435514,0.008322812213855993,True,0.49974452671373926,red,6.206800958889268,-0.9973078142880198,-1.2381148826062955,-7.444915841495563,0.3003173845076512,True,True,0.9860934081010077,False,9.831877710212021,2.3869618687164578,True,29260128,above floor,0.7572221767732927
texture,120.0,25.0,0.0,,TV(0.4 sd),3.465855273634169,-0.005164014079296342,0.004450534770115598,True,0.8947147626678872,red,0.2657055082831987,-0.019312536879458886,0.24550755384779954,-0.02019795443539918,0.09061942961508224,True,False,0.9461104378764668,False,3.279081850554485,3.258883896119086,False,29260128,below floor,0.006159637165502163
texture,120.0,25.0,0.25,,TV(0.4 sd),3.7547370518688785,-0.0057970799373341375,0.003964201891243011,True,0.797471835367758,red,0.5823962228396646,-0.04779998195708135,0.32246097234194027,-0.25993525049772437,0.2959385952218629,True,False,0.9426227620133752,False,3.5393006104666003,3.279365359968876,False,29260128,below floor,0.07344254673621975
texture,120.0,25.0,0.5,,TV(0.4 sd),6.154588910664027,-0.005415475668162029,0.0029517221787217305,True,0.7726062603676763,amber,2.3239083459542567,-0.20887852043704003,-0.06781977304054632,-2.391728118994803,0.28973000952537376,True,False,0.9542654649225961,False,5.873111648242262,3.4813835292474593,True,29260128,above floor,0.40723355220236834
texture,120.0,25.0,1.0,,TV(0.4 sd),9.97053385555633,-0.00028194444355134074,0.0006727969487997818,True,0.707728144980778,amber,4.8991698572461075,-0.6336389009917269,-0.8952630992837136,-5.794432956529821,0.23637187879589594,True,False,0.9860934081010077,False,9.831877710212021,4.0374447536822,True,29260128,above floor,0.5893516098670908
texture,120.0,25.0,0.0,,gaussian(1.5 px),3.465855273634169,-0.019650819634851935,0.006585398353097225,True,0.819397789722254,red,0.9222755628998485,-0.0046717208403892485,0.40766550578506333,-0.5146100571147851,0.31746105421181414,True,False,0.9461104378764668,False,3.279081850554485,2.7644717934397,False,29260128,below floor,0.1569372405351107
texture,120.0,25.0,0.25,,gaussian(1.5 px),3.7547370518688785,-0.0203943021595564,0.0062785406237632485,True,0.8174046208053966,red,1.0456999070822488,-0.030474309171121483,0.2922146889125523,-0.7534852181696965,0.29437485044100326,True,False,0.9426227620133752,False,3.5393006104666003,2.785815392296904,False,29260128,below floor,0.21289099206251416
texture,120.0,25.0,0.5,,gaussian(1.5 px),6.154588910664027,-0.016876586779273173,0.005220364399338856,True,0.8249132569208304,amber,2.93403057129081,-0.03337883311363976,0.06640750841831711,-2.867623062872493,0.21940014279631775,True,False,0.9542654649225961,False,5.873111648242262,3.0054885853697693,True,29260128,above floor,0.4882629915150227
texture,120.0,25.0,1.0,,gaussian(1.5 px),9.97053385555633,-0.0010465277768847425,0.001295817009846717,True,0.8256027787871726,amber,4.480651478380702,-0.2790233335270793,-0.7323827878247244,-5.213034266205426,0.14273558358089034,True,False,0.9860934081010077,False,9.831877710212021,4.618843444006595,True,29260128,above floor,0.5302175657444186
