sweep,kv,mas,relative_dose,noise_sd,correlation_sigma_mm,contrast,radius_mm,denoiser,method,ceiling_d_prime,ceiling_auc,d_prime_ideal,auc_ideal,d_prime_cho,auc_cho,d_prime_npwe,auc_npwe,ssim,psnr,rmse,excess,margin,bound_ok,efficiency,false_structure_rate,contrast_recovery,level,auc_se_cho,auc_se_ideal,auc_se_npwe,contrast_scale,estimator_d_prime_ratio,false_structure_mean_amplitude,n_trials,params,pixel_sd,raw_estimated_auc,raw_estimated_d_prime,raw_false_structure_rate,realisation_seed,reason,saturated,seed,white_floor_sd
atlas_demo,120.0,12.0,0.12,86.60254037844388,,20.0,,gaussian(1.5 px),gaussian,2.4012149702459653,0.9552381337941949,0.8650671478648425,0.74043125,2.0950282145910917,0.928425,1.7219459475937724,0.88645,0.19550018350684314,27.29101938133052,17.292610693600345,-0.21480688379419488,0.03417211134948208,True,0.12978890076282934,1.0,0.7842649121281252,red,0.0095533321021999,0.017431882227927676,0.012007352662651141,,0.7074793760585258,1.0029148565492756,400,"{""sigma"": 1.5}",86.60254037844388,0.88680625,1.6988100689320071,1.0,20260101,"gaussian(1.5 px): input ideal d'=2.40 < 5 (prespecified floor, Rose): the input does not meet the detectability requirement and post-processing cannot restore it.",False,20272101,
atlas_demo,80.0,12.0,0.12,129.9038105676658,,36.742346141747674,,gaussian(1.5 px),gaussian,2.9408758377279614,0.9812148992675147,1.406984265213428,0.84228125,2.8502014255399937,0.9783,2.2950707002193225,0.94759375,0.10143469921834751,23.78703709882145,25.88587717876589,-0.13893364926751472,0.027544961506929918,True,0.2288890954130434,1.0,0.8171398034980007,red,0.005238012857092666,0.014050621197201461,0.008168880381592324,,0.8307052099177419,0.8173734899222783,400,"{""sigma"": 1.5}",129.9038105676658,0.96150625,2.4430008801218213,1.0,20260101,"gaussian(1.5 px): input ideal d'=2.94 < 5 (prespecified floor, Rose): the input does not meet the detectability requirement and post-processing cannot restore it.",False,20276101,
atlas_demo,120.0,12.0,0.12,86.60254037844388,,20.0,,raw,none,2.4012149702459653,0.9552381337941949,1.6988100689320071,0.88680625,2.0991304874333143,0.928775,1.3301430196089836,0.82770625,0.006940620797926695,13.293236517579194,86.58183738954862,-0.06843188379419485,0.023504171030019748,True,0.500527067548161,1.0,0.9482493161904434,red,0.009529917443699878,0.011988955519268901,0.014635972495101143,,0.7074793760585258,1.2930692728643658,400,{},86.60254037844388,0.88680625,1.6988100689320071,1.0,20260101,"raw: input ideal d'=2.40 < 5 (prespecified floor, Rose): the input does not meet the detectability requirement and post-processing cannot restore it.",False,20272101,
atlas_demo,80.0,12.0,0.12,129.9038105676658,,36.742346141747674,,raw,none,2.9408758377279614,0.9812148992675147,2.4430008801218213,0.96150625,2.86765836617813,0.978575,1.7978783586629494,0.90035,0.0030372603167020383,9.773520124032238,129.8396080537247,-0.0197086492675147,0.013711458774528392,True,0.6900711457844796,1.0,0.9895482143157285,red,0.00520447769735051,0.006992581946726232,0.011262291429778245,,0.8307052099177419,1.0527982454339126,400,{},129.9038105676658,0.96150625,2.4430008801218213,1.0,20260101,"raw: input ideal d'=2.94 < 5 (prespecified floor, Rose): the input does not meet the detectability requirement and post-processing cannot restore it.",False,20276101,
atlas_demo,120.0,200.0,2.0,21.213203435596427,,20.0,,gaussian(1.5 px),gaussian,9.802919066391512,0.9999999999979211,8.562455884235181,1.0,9.598226085567763,1.0,8.106056861495137,1.0,0.7574914330135024,39.320123912552354,4.3294542429270875,2.0788926136106056e-12,6.25e-06,True,0.762932050209872,0.0,0.8239367616213857,green,0.0,0.0,0.0,,0.9482514723458005,0.24566396157480874,400,"{""sigma"": 1.5}",21.213203435596427,1.0,9.295632437992472,0.0,20260101,gaussian(1.5 px): input ideal d'=9.80 meets the floor and the processed task d'=8.56 follows it; no excess false structure or erasure.,True,20264101,
atlas_demo,120.0,200.0,2.0,21.213203435596427,,20.0,,raw,none,9.802919066391512,0.9999999999979211,9.295632437992472,1.0,9.651956183262415,1.0,7.057924426288012,1.0,0.1946915741797247,25.514693458314277,21.20076036029731,2.0788926136106056e-12,6.25e-06,True,0.8991808548059785,0.0,0.9932759850627304,green,0.0,0.0,0.0,,0.9482514723458005,0.3155135087372677,400,{},21.213203435596427,1.0,9.295632437992472,0.0,20260101,raw: input ideal d'=9.80 meets the floor and the processed task d'=9.30 follows it; no excess false structure or erasure.,True,20264101,
atlas_demo,120.0,50.0,0.5,42.42640687119285,,20.0,,gaussian(1.5 px),gaussian,4.901459533195756,0.9997357261459661,3.370491494123343,0.99045625,4.74291164671232,0.999625,4.022008452679195,0.99801875,0.48616162776826116,33.458114661936285,8.50169162545733,-0.009279476145966026,0.00679907485903283,True,0.47286332109319956,0.41,0.8236070162548284,red,0.0006855716013074829,0.003465790653610865,0.0015764327766313567,,0.9189690396057771,0.4937811848242617,400,"{""sigma"": 1.5}",42.42640687119285,0.99901875,4.504289559887485,0.9575,20260101,"gaussian(1.5 px): input ideal d'=4.90 < 5 (prespecified floor, Rose): the input does not meet the detectability requirement and post-processing cannot restore it.",False,20268101,
atlas_demo,120.0,50.0,0.5,42.42640687119285,,20.0,,raw,none,4.901459533195756,0.9997357261459661,4.504289559887485,0.99901875,4.791118738023207,0.999675,3.4640513716810952,0.9925375,0.04433919636652003,19.491176942889197,42.415820918903115,-0.0007169761459661084,0.0021801484983714047,True,0.8445040957539643,0.9575,0.9932435614708692,red,0.0006382246116972678,0.0011091522678573886,0.003063313319503275,,0.9189690396057771,0.6367670632740302,400,{},42.42640687119285,0.99901875,4.504289559887485,0.9575,20260101,"raw: input ideal d'=4.90 < 5 (prespecified floor, Rose): the input does not meet the detectability requirement and post-processing cannot restore it.",False,20268101,
dose,120.0,100.0,1.0,30.0,0.0,20.0,,NLM(0.6 sd),nlm,6.931710547268338,0.9999995243637675,5.8739750027325135,0.99999375,5.875634136542755,1.0,5.475286761749826,0.9999965277777778,0.6111560136295365,34.48919411305895,7.5492885272833,-5.774363767474533e-06,0.00010075525915850293,True,0.718097392096055,0.0008333333333333334,0.6819990076585336,green,0.0,5.105237417795706e-05,3.805216673450637e-05,,0.995213327945324,0.27506605434314496,1200,"{""h"": 18.0, ""patch_distance"": 6, ""patch_size"": 5}",30.0,0.9999993055555556,6.898530722100626,0.1775,20260101,NLM(0.6 sd): input ideal d'=6.93 meets the floor and the processed task d'=5.87 follows it; no excess false structure or erasure.,True,20261101,
dose,120.0,100.0,1.0,30.0,0.0,20.0,,TV(0.4 sd),tv,6.931710547268338,0.9999995243637675,6.825640308230372,1.0,6.7215117311311285,1.0,5.526094355943394,0.9999833333333333,0.36299254156598676,29.81246947021016,12.929042804780792,4.756362325109009e-07,6.944444444444445e-07,True,0.969629809061547,0.04,0.9157909992887568,green,0.0,0.0,8.33683939114832e-05,,0.995213327945324,0.38427283905408216,1200,"{""max_num_iter"": 200, ""weight"": 12.0}",30.0,0.9999993055555556,6.898530722100626,0.1775,20260101,TV(0.4 sd): input ideal d'=6.93 meets the floor and the processed task d'=6.83 follows it; no excess false structure or erasure.,True,20261101,
dose,120.0,100.0,1.0,30.0,0.0,20.0,,gaussian(1.5 px),gaussian,6.931710547268338,0.9999995243637675,6.349511133226531,0.9999986111111111,6.712344942370364,1.0,5.865594347897872,0.9999930555555555,0.6338118358369051,36.41696211139162,6.0469974076500055,-9.132526563870869e-07,4.78635078247818e-05,True,0.8390729866829517,0.008333333333333333,0.832703089294515,green,0.0,2.406629088718002e-05,5.381393675027089e-05,,0.995213327945324,0.3443596149375323,1200,"{""sigma"": 1.5}",30.0,0.9999993055555556,6.898530722100626,0.1775,20260101,gaussian(1.5 px): input ideal d'=6.93 meets the floor and the processed task d'=6.35 follows it; no excess false structure or erasure.,True,20261101,
dose,120.0,100.0,1.0,30.0,0.0,20.0,,raw,none,6.931710547268338,0.9999995243637675,6.898530722100626,0.9999993055555556,6.738503387223337,1.0,5.020091374418845,0.9998916666666666,0.09787498440488511,22.50224114981602,29.989892312900956,-2.1880821188258182e-07,3.404800325296122e-05,True,0.9904495681200071,0.1775,1.0058568353362118,green,0.0,1.7017434540433082e-05,0.0002125533756036305,,0.995213327945324,0.4443664706249503,1200,{},30.0,0.9999993055555556,6.898530722100626,0.1775,20260101,raw: input ideal d'=6.93 meets the floor and the processed task d'=6.90 follows it; no excess false structure or erasure.,True,20261101,
dose,120.0,12.500000000000002,0.12500000000000003,84.85281374238569,0.0,20.0,,NLM(0.6 sd),nlm,2.450729766597878,0.9584457342995427,1.9477356519248128,0.91699375,2.2274895891455375,0.9482444444444444,2.049209354373676,0.9302520833333333,0.1540798887689684,25.598683207556427,21.011816062036242,-0.041451984299542666,0.01163352266467899,True,0.6316393472445988,0.9966666666666667,0.6186727857651273,red,0.004683355415702356,0.0059352255000565375,0.0054409109271000835,,0.9207025672041795,0.7893870408744643,1200,"{""h"": 50.911688245431414, ""patch_distance"": 6, ""patch_size"": 5}",84.85281374238569,0.94533125,2.256393187630366,1.0,20260101,"NLM(0.6 sd): input ideal d'=2.45 < 5 (prespecified floor, Rose): the input does not meet the detectability requirement and post-processing cannot restore it.",False,20264101,
dose,120.0,12.500000000000002,0.12500000000000003,84.85281374238569,0.0,20.0,,TV(0.4 sd),tv,2.450729766597878,0.9584457342995427,2.2686523798686276,0.9466763888888889,2.416637986742578,0.9577388888888889,1.9223918329759708,0.912125,0.049851318881271624,20.793925881598746,36.516612815536845,-0.011769345410653775,0.009318895698092028,True,0.8569294307020513,1.0,0.915580330392233,red,0.004228644340723143,0.004754271673943178,0.006105922089125028,,0.9207025672041795,1.098156693610494,1200,"{""max_num_iter"": 200, ""weight"": 33.94112549695428}",84.85281374238569,0.94533125,2.256393187630366,1.0,20260101,"TV(0.4 sd): input ideal d'=2.45 < 5 (prespecified floor, Rose): the input does not meet the detectability requirement and post-processing cannot restore it.",False,20264101,
dose,120.0,12.500000000000002,0.12500000000000003,84.85281374238569,0.0,20.0,,gaussian(1.5 px),gaussian,2.450729766597878,0.9584457342995427,1.6445558968992302,0.8776895833333334,2.404098125788289,0.9566166666666667,2.031876730302685,0.9243805555555555,0.20471932143781013,27.478464162615406,16.923191323383495,-0.08075615096620936,0.014079276902309888,True,0.45030464531377196,1.0,0.838263041566088,red,0.004284891180067195,0.00718308222442632,0.005665511063974791,,0.9207025672041795,0.9879366473073158,1200,"{""sigma"": 1.5}",84.85281374238569,0.94533125,2.256393187630366,1.0,20260101,"gaussian(1.5 px): input ideal d'=2.45 < 5 (prespecified floor, Rose): the input does not meet the detectability requirement and post-processing cannot restore it.",False,20264101,
dose,120.0,12.500000000000002,0.12500000000000003,84.85281374238569,0.0,20.0,,raw,none,2.450729766597878,0.9584457342995427,2.256393187630366,0.94533125,2.4156784438118324,0.957475,1.7165977460922883,0.88598125,0.0074324646896344,13.467706848933894,84.85959971641364,-0.013114484299542761,0.009436486208631628,True,0.8476932172563667,1.0,1.0105008825287634,red,0.004241937104090638,0.0048142679348271225,0.006942070901898377,,0.9207025672041795,1.2679589124090518,1200,{},84.85281374238569,0.94533125,2.256393187630366,1.0,20260101,"raw: input ideal d'=2.45 < 5 (prespecified floor, Rose): the input does not meet the detectability requirement and post-processing cannot restore it.",False,20264101,
dose,120.0,200.0,2.0,21.213203435596427,0.0,20.0,,NLM(0.6 sd),nlm,9.802919066391512,0.9999999999979211,8.18013564580098,1.0,8.518621203973936,1.0,7.332593534295421,1.0,0.7527129195700181,37.38195505008097,5.410986501129981,2.0788926136106056e-12,6.944444444444445e-07,True,0.6963220958558571,0.0,0.7338881290283087,green,0.0,0.0,0.0,,1.0038214317053815,0.19632312886500608,1200,"{""h"": 12.727922061357855, ""patch_distance"": 6, ""patch_size"": 5}",21.213203435596427,1.0,9.840380252117109,0.0025,20260101,NLM(0.6 sd): input ideal d'=9.80 meets the floor and the processed task d'=8.18 follows it; no excess false structure or erasure.,True,20260101,
dose,120.0,200.0,2.0,21.213203435596427,0.0,20.0,,TV(0.4 sd),tv,9.802919066391512,0.9999999999979211,9.69936970399769,1.0,9.6386130804161,1.0,7.745087313174883,1.0,0.5361286756138364,32.80436023154376,9.161607448964917,2.0788926136106056e-12,6.944444444444445e-07,True,0.9789853492047451,0.0,0.9206401048091405,green,0.0,0.0,0.0,,1.0038214317053815,0.2740636376444894,1200,"{""max_num_iter"": 200, ""weight"": 8.485281374238571}",21.213203435596427,1.0,9.840380252117109,0.0025,20260101,TV(0.4 sd): input ideal d'=9.80 meets the floor and the processed task d'=9.70 follows it; no excess false structure or erasure.,True,20260101,
dose,120.0,200.0,2.0,21.213203435596427,0.0,20.0,,gaussian(1.5 px),gaussian,9.802919066391512,0.9999999999979211,9.253110724725977,1.0,9.58212679591845,1.0,8.16431476549298,1.0,0.7588879431127535,39.330449441621084,4.323739760580252,2.0788926136106056e-12,6.944444444444445e-07,True,0.8909732883438067,0.0,0.830957564858199,green,0.0,0.0,0.0,,1.0038214317053815,0.24620761062486943,1200,"{""sigma"": 1.5}",21.213203435596427,1.0,9.840380252117109,0.0025,20260101,gaussian(1.5 px): input ideal d'=9.80 meets the floor and the processed task d'=9.25 follows it; no excess false structure or erasure.,True,20260101,
dose,120.0,200.0,2.0,21.213203435596427,0.0,20.0,,raw,none,9.802919066391512,0.9999999999979211,9.840380252117109,1.0,9.636826557215107,1.0,7.138643199811667,1.0,0.19486756244289466,25.511261738152626,21.20914211255244,2.0788926136106056e-12,6.944444444444445e-07,True,1.0076574667510418,0.0025,1.0036135320428619,green,0.0,0.0,0.0,,1.0038214317053815,0.3169366410280077,1200,{},21.213203435596427,1.0,9.840380252117109,0.0025,20260101,raw: input ideal d'=9.80 meets the floor and the processed task d'=9.84 follows it; no excess false structure or erasure.,True,20260101,
dose,120.0,25.000000000000007,0.25000000000000006,59.999999999999986,0.0,20.0,,NLM(0.6 sd),nlm,3.4658552736341695,0.9928716529681852,2.8990302372713415,0.9817305555555556,3.116701923135359,0.9891194444444444,2.9351285478200957,0.9827305555555556,0.2816155204932688,28.58514282127881,14.898383969925968,-0.011141097412629697,0.005431784850267744,True,0.6996561292628113,0.695,0.6234392051698951,red,0.002135396145240835,0.002771015410825427,0.002693618553377383,,0.9829166658357542,0.5572649715696473,1200,"{""h"": 35.99999999999999, ""patch_distance"": 6, ""patch_size"": 5}",59.999999999999986,0.9924555555555555,3.4066469098297634,1.0,20260101,"NLM(0.6 sd): input ideal d'=3.47 < 5 (prespecified floor, Rose): the input does not meet the detectability requirement and post-processing cannot restore it.",False,20263101,
dose,120.0,25.000000000000007,0.25000000000000006,59.999999999999986,0.0,20.0,,TV(0.4 sd),tv,3.4658552736341695,0.9928716529681852,3.382136646236306,0.99233125,3.3512084458922264,0.9914138888888889,2.7230399247489148,0.9722590277777777,0.10933929221627452,23.79649634516839,25.844312528027416,-0.0005404029681852496,0.0035119730885035025,True,0.9522729610113004,1.0,0.9042660494027654,red,0.0018960071854343405,0.0017915016152110835,0.0034198961685445793,,0.9829166658357542,0.7751544891285671,1200,"{""max_num_iter"": 200, ""weight"": 23.999999999999996}",59.999999999999986,0.9924555555555555,3.4066469098297634,1.0,20260101,"TV(0.4 sd): input ideal d'=3.47 < 5 (prespecified floor, Rose): the input does not meet the detectability requirement and post-processing cannot restore it.",False,20263101,
dose,120.0,25.000000000000007,0.25000000000000006,59.999999999999986,0.0,20.0,,gaussian(1.5 px),gaussian,3.4658552736341695,0.9928716529681852,3.0717426206039886,0.9856340277777778,3.3508824947267213,0.9915027777777777,2.8417626674397027,0.9774715277777778,0.3359129222917489,30.47593102674314,11.984230440653597,-0.007237625190407493,0.004813222389311875,True,0.7855047219088586,0.985,0.8269258246591711,red,0.001886131041149595,0.002455416519297312,0.003079377135176016,,0.9829166658357542,0.6968846950205854,1200,"{""sigma"": 1.5}",59.999999999999986,0.9924555555555555,3.4066469098297634,1.0,20260101,"gaussian(1.5 px): input ideal d'=3.47 < 5 (prespecified floor, Rose): the input does not meet the detectability requirement and post-processing cannot restore it.",False,20263101,
dose,120.0,25.000000000000007,0.25000000000000006,59.999999999999986,0.0,20.0,,raw,none,3.4658552736341695,0.9928716529681852,3.4066469098297634,0.9924555555555555,3.3619233490858655,0.9914777777777778,2.492501146381427,0.9594965277777778,0.018707746695363656,16.476606076654377,60.014480778298896,-0.00041609741262971234,0.003483303854774314,True,0.9661251719776757,1.0,0.9994216411523792,red,0.0018889138548006039,0.0017768741863627333,0.00413903090246827,,0.9829166658357542,0.8944583266089257,1200,{},59.999999999999986,0.9924555555555555,3.4066469098297634,1.0,20260101,"raw: input ideal d'=3.47 < 5 (prespecified floor, Rose): the input does not meet the detectability requirement and post-processing cannot restore it.",False,20263101,
dose,120.0,3.125,0.03125,169.7056274847714,0.0,20.0,,NLM(0.6 sd),nlm,1.225364883298939,0.8068820701518937,0.9581610501266385,0.7520569444444445,1.0680406107284715,0.7770166666666667,1.0315454277333647,0.7710097222222222,0.03187823032463499,19.60584501952408,41.88846167228691,-0.05482512570744924,0.019365780689274664,True,0.6114291850687726,1.0,0.6083304867424328,red,0.009460689188206084,0.009880327596618891,0.00956619806980583,,0.85992530117223,1.5541801722742923,1200,"{""h"": 101.82337649086284, ""patch_distance"": 6, ""patch_size"": 5}",169.7056274847714,0.7724840277777778,1.0537222663167145,1.0,20260101,"NLM(0.6 sd): input ideal d'=1.23 < 5 (prespecified floor, Rose): the input does not meet the detectability requirement and post-processing cannot restore it.",False,20266101,
dose,120.0,3.125,0.03125,169.7056274847714,0.0,20.0,,TV(0.4 sd),tv,1.225364883298939,0.8068820701518937,1.0475240307082492,0.7720125,1.1501156513980155,0.7938861111111111,0.9066861571610463,0.7387694444444445,0.008070530471689874,14.776384102485045,73.00768462855291,-0.034869570151893736,0.018715975168098427,True,0.7307976281761919,1.0,0.9182870804330399,red,0.00914835120356818,0.009548788075330838,0.01008419279255404,,0.85992530117223,2.1666542507327216,1200,"{""max_num_iter"": 200, ""weight"": 67.88225099390857}",169.7056274847714,0.7724840277777778,1.0537222663167145,1.0,20260101,"TV(0.4 sd): input ideal d'=1.23 < 5 (prespecified floor, Rose): the input does not meet the detectability requirement and post-processing cannot restore it.",False,20266101,
dose,120.0,3.125,0.03125,169.7056274847714,0.0,20.0,,gaussian(1.5 px),gaussian,1.225364883298939,0.8068820701518937,0.6202203647175072,0.6706819444444444,1.146212499745904,0.7932,0.9942197464377732,0.7594993055555556,0.051298291150448434,21.446605915001886,33.89034533283137,-0.13620012570744933,0.02142973601846715,True,0.25618941611995133,1.0,0.843595138674728,red,0.009161528430795832,0.010933385380064251,0.009760312916811625,,0.85992530117223,1.9449881491943484,1200,"{""sigma"": 1.5}",169.7056274847714,0.7724840277777778,1.0537222663167145,1.0,20260101,"gaussian(1.5 px): input ideal d'=1.23 < 5 (prespecified floor, Rose): the input does not meet the detectability requirement and post-processing cannot restore it.",False,20266101,
dose,120.0,3.125,0.03125,169.7056274847714,0.0,20.0,,raw,none,1.225364883298939,0.8068820701518937,1.0537222663167145,0.7724840277777778,1.1504634962782039,0.7941055555555555,0.7709447153486748,0.7077597222222223,0.0010466648049542978,7.450592359217032,169.65080809006963,-0.03439804237411592,0.018699874894168345,True,0.7394715235961504,1.0,1.0174867009046558,red,0.009144127958910186,0.009540573498911535,0.010510251692179607,,0.85992530117223,2.5080199299846995,1200,{},169.7056274847714,0.7724840277777778,1.0537222663167145,1.0,20260101,"raw: input ideal d'=1.23 < 5 (prespecified floor, Rose): the input does not meet the detectability requirement and post-processing cannot restore it.",False,20266101,
dose,120.0,49.99999999999999,0.49999999999999994,42.42640687119285,0.0,20.0,,NLM(0.6 sd),nlm,4.901459533195756,0.9997357261459661,4.163460338337337,0.9982625,4.399285932679302,0.9990583333333334,3.961177229510452,0.9982763888888889,0.44451371007352597,31.562066297780152,10.574966114253183,-0.0014732261459660112,0.001669750539979198,True,0.7215360272879779,0.08083333333333333,0.6476326610469131,red,0.0006267940199067208,0.0008515748803039521,0.0008481616228386932,,0.984230737581335,0.39211962243059756,1200,"{""h"": 25.45584412271571, ""patch_distance"": 6, ""patch_size"": 5}",42.42640687119285,0.99956875,4.824167131582325,0.9625,20260101,"NLM(0.6 sd): input ideal d'=4.90 < 5 (prespecified floor, Rose): the input does not meet the detectability requirement and post-processing cannot restore it.",False,20262101,
dose,120.0,49.99999999999999,0.49999999999999994,42.42640687119285,0.0,20.0,,TV(0.4 sd),tv,4.901459533195756,0.9997357261459661,4.781638532188129,0.9994652777777778,4.774871534601903,0.9993666666666666,3.7364066125799402,0.9952694444444444,0.21340546039081326,26.811825931157344,18.26400087436416,-0.00027044836818823637,0.0009263405838020439,True,0.951705638260124,0.6916666666666667,0.9120871504319616,red,0.0005139957359729477,0.0004722771166506008,0.0014061243348804189,,0.984230737581335,0.549468339051092,1200,"{""max_num_iter"": 200, ""weight"": 16.970562748477143}",42.42640687119285,0.99956875,4.824167131582325,0.9625,20260101,"TV(0.4 sd): input ideal d'=4.90 < 5 (prespecified floor, Rose): the input does not meet the detectability requirement and post-processing cannot restore it.",False,20262101,
dose,120.0,49.99999999999999,0.49999999999999994,42.42640687119285,0.0,20.0,,gaussian(1.5 px),gaussian,4.901459533195756,0.9997357261459661,4.1349540834077825,0.99786875,4.790639074145351,0.9994333333333333,3.920759224430007,0.9971319444444444,0.4868030133957709,33.46113650031825,8.498395748540013,-0.0018669761459660927,0.001849396773937625,True,0.7116894693314813,0.41833333333333333,0.8335841934469845,red,0.0004861833048069855,0.0009432328063553764,0.0010943897116823353,,0.984230737581335,0.4924661573846159,1200,"{""sigma"": 1.5}",42.42640687119285,0.99956875,4.824167131582325,0.9625,20260101,"gaussian(1.5 px): input ideal d'=4.90 < 5 (prespecified floor, Rose): the input does not meet the detectability requirement and post-processing cannot restore it.",False,20262101,
dose,120.0,49.99999999999999,0.49999999999999994,42.42640687119285,0.0,20.0,,raw,none,4.901459533195756,0.9997357261459661,4.824167131582325,0.99956875,4.8200100661092184,0.9994361111111111,3.4480312906876973,0.9914486111111112,0.04441405686853787,19.491670821703888,42.413324360604385,-0.00016697614596605792,0.0008319495720276285,True,0.9687101447998986,0.9625,1.0080695084301705,red,0.00048498988296936745,0.0004241175522305606,0.0018921553682512977,,0.984230737581335,0.6341400434894827,1200,{},42.42640687119285,0.99956875,4.824167131582325,0.9625,20260101,"raw: input ideal d'=4.90 < 5 (prespecified floor, Rose): the input does not meet the detectability requirement and post-processing cannot restore it.",False,20262101,
dose,120.0,6.25,0.0625,120.0,0.0,20.0,,NLM(0.6 sd),nlm,1.7329276368170845,0.8897811140599974,1.4013957402229156,0.8395319444444445,1.6141034898727065,0.8735416666666667,1.4802299011949371,0.8515777777777778,0.07422325900396069,22.60213201147828,29.665515916826976,-0.050249169615552924,0.016019452750677343,True,0.6539743731358875,1.0,0.6194226130052144,red,0.007299841509206884,0.008172986051063601,0.007879775536572122,,0.896762871032294,1.106733813914485,1200,"{""h"": 72.0, ""patch_distance"": 6, ""patch_size"": 5}",120.0,0.8636409722222222,1.5540251628832973,1.0,20260101,"NLM(0.6 sd): input ideal d'=1.73 < 5 (prespecified floor, Rose): the input does not meet the detectability requirement and post-processing cannot restore it.",False,20265101,
dose,120.0,6.25,0.0625,120.0,0.0,20.0,,TV(0.4 sd),tv,1.7329276368170845,0.8897811140599974,1.5597050556513046,0.8633847222222222,1.6851671473825067,0.8818694444444445,1.3123739154473146,0.8214215277777778,0.02080980856686179,17.780767288654282,51.65849283864016,-0.0263963918377752,0.014848852737695283,True,0.8100729005460682,1.0,0.9198628902941591,red,0.007062889170107099,0.00757573017176398,0.008584288494781716,,0.896762871032294,1.5442419630224662,1200,"{""max_num_iter"": 200, ""weight"": 48.0}",120.0,0.8636409722222222,1.5540251628832973,1.0,20260101,"TV(0.4 sd): input ideal d'=1.73 < 5 (prespecified floor, Rose): the input does not meet the detectability requirement and post-processing cannot restore it.",False,20265101,
dose,120.0,6.25,0.0625,120.0,0.0,20.0,,gaussian(1.5 px),gaussian,1.7329276368170845,0.8897811140599974,0.8110076953320591,0.7156791666666666,1.69112694228842,0.8824472222222223,1.4194251785446423,0.8389604166666667,0.10985159564721239,24.47448191119775,23.914277749879464,-0.17410194739333074,0.020399759371936693,True,0.21902268279657927,1.0,0.8486321167176302,red,0.007046069214453592,0.010407877434686285,0.008186494157163486,,0.896762871032294,1.392247513852293,1200,"{""sigma"": 1.5}",120.0,0.8636409722222222,1.5540251628832973,1.0,20260101,"gaussian(1.5 px): input ideal d'=1.73 < 5 (prespecified floor, Rose): the input does not meet the detectability requirement and post-processing cannot restore it.",False,20265101,
dose,120.0,6.25,0.0625,120.0,0.0,20.0,,raw,none,1.7329276368170845,0.8897811140599974,1.5540251628832973,0.8636409722222222,1.6976266257078254,0.8833083333333334,1.1367785611982864,0.7890076388888889,0.0028394063664538218,10.455942184322163,120.02919326356943,-0.026140141837775133,0.014835540145796598,True,0.8041836468620828,1.0,1.018166457483126,red,0.007020906558059078,0.007568937908230725,0.009241159552610491,,0.896762871032294,1.7841565360332887,1200,{},120.0,0.8636409722222222,1.5540251628832973,1.0,20260101,"raw: input ideal d'=1.73 < 5 (prespecified floor, Rose): the input does not meet the detectability requirement and post-processing cannot restore it.",False,20265101,
signal,120.0,25.0,,60.0,,10.0,1.5,NLM(0.6 sd),nlm,0.8426561840065284,0.7243615801373218,0.5071636780759029,0.6369180555555556,0.7354616921261736,0.6887527777777778,0.6153087062813272,0.6677076388888888,0.2746336754034507,28.634777517883425,14.813717962798297,-0.08744352458176619,0.022033569892541762,True,0.3622392124769179,1.0,0.35777766632959085,red,0.010738541008361852,0.011241469548364066,0.010963424978739849,0.5,0.7381430789214634,1.7680936409588848,1200,"{""h"": 36.0, ""patch_distance"": 6, ""patch_size"": 5}",60.0,0.6683736111111112,0.62200083013479,1.0,20260101,"NLM(0.6 sd): input ideal d'=0.84 < 5 (prespecified floor, Rose): the input does not meet the detectability requirement and post-processing cannot restore it.",False,20263101,
signal,120.0,25.0,,60.0,,20.0,1.5,NLM(0.6 sd),nlm,1.6853123680130568,0.8833097279993577,1.2173972110640296,0.8042465277777778,1.3676011346615997,0.8369305555555555,1.3469210428983653,0.8299520833333334,0.2743654367075736,28.626291797649664,14.828087456571971,-0.07906320022157987,0.017531224920043928,True,0.5217996567455571,1.0,0.360485771457683,red,0.008234183465992941,0.00894431255567861,0.00839478601422302,1.0,0.8620559224822337,0.8900288857363059,1200,"{""h"": 36.0, ""patch_distance"": 6, ""patch_size"": 5}",60.0,0.8479048611111111,1.4528335080782135,1.0,20260101,"NLM(0.6 sd): input ideal d'=1.69 < 5 (prespecified floor, Rose): the input does not meet the detectability requirement and post-processing cannot restore it.",False,20263201,
signal,120.0,25.0,,60.0,,10.0,3.0,NLM(0.6 sd),nlm,1.7329276368170845,0.8897811140599974,1.3873971731169588,0.8382027777777777,1.5237872549558291,0.8602944444444445,1.4786545394386308,0.8556027777777778,0.2760830887639903,28.629337048614445,14.82241272815163,-0.05157833628221964,0.016080917539027347,True,0.640974503599021,1.0,0.6104741422345352,red,0.007656980840097275,0.008204346213206799,0.007778047677837931,0.5,0.9244859638468982,1.098971338536185,1200,"{""h"": 36.0, ""patch_distance"": 6, ""patch_size"": 5}",60.0,0.8700930555555556,1.6020672765997699,1.0,20260101,"NLM(0.6 sd): input ideal d'=1.73 < 5 (prespecified floor, Rose): the input does not meet the detectability requirement and post-processing cannot restore it.",False,20266101,
signal,120.0,25.0,,60.0,,20.0,3.0,NLM(0.6 sd),nlm,3.465855273634169,0.9928716529681852,2.9593857115293605,0.9815229166666667,3.2732771156189173,0.9921916666666667,2.9854426644118646,0.9846284722222223,0.28200083833692235,28.599636421823185,14.873388155402068,-0.011348736301518558,0.005462765607632296,True,0.7290919414383558,0.6508333333333334,0.6305849942445524,red,0.001807787518327184,0.002786822210138539,0.002540390802246113,1.0,0.9912303226214004,0.5495700908773934,1200,"{""h"": 36.0, ""patch_distance"": 6, ""patch_size"": 5}",60.0,0.9925819444444445,3.4354608410434793,1.0,20260101,"NLM(0.6 sd): input ideal d'=3.47 < 5 (prespecified floor, Rose): the input does not meet the detectability requirement and post-processing cannot restore it.",False,20266201,
signal,120.0,25.0,,60.0,,10.0,5.0,NLM(0.6 sd),nlm,2.911006412451428,0.9802237584170569,2.614767273583515,0.9683819444444445,2.6785607113841414,0.9702083333333333,2.1554803758347245,0.9381388888888889,0.2847548362664229,28.642264292371166,14.800631793115311,-0.011841813972612414,0.007160572038201946,True,0.8068257626555911,0.9166666666666666,0.7405178980913452,red,0.0035450963901916743,0.003653065898268388,0.005122991355608237,0.5,0.9734426016357498,0.6894939271837457,1200,"{""h"": 36.0, ""patch_distance"": 6, ""patch_size"": 5}",60.0,0.9772326388888889,2.833697655515069,1.0,20260101,"NLM(0.6 sd): input ideal d'=2.91 < 5 (prespecified floor, Rose): the input does not meet the detectability requirement and post-processing cannot restore it.",False,20269101,
signal,120.0,25.0,,60.0,,20.0,5.0,NLM(0.6 sd),nlm,5.822012824902856,0.9999807902708996,5.180700824308437,0.9997430555555555,5.117017190244277,0.9998694444444445,4.376622242846081,0.9991069444444445,0.29529180794087506,28.567422572486617,14.92848800407089,-0.00023773471534405122,0.0006423037726443209,True,0.7918277378534271,0.03833333333333333,0.7743706053067617,amber,0.0002333388365856112,0.00032735771333596383,0.0006103940718099297,1.0,0.9882087203994452,0.3452146265231482,1200,"{""h"": 36.0, ""patch_distance"": 6, ""patch_size"": 5}",60.0,0.9999409722222222,5.753363843846411,0.37416666666666665,20260101,NLM(0.6 sd): input ideal d'=5.82 is within 1.2x of the floor (5): marginal — small dose changes cross it.,False,20269201,
signal,120.0,25.0,,60.0,,10.0,1.5,TV(0.4 sd),tv,0.8426561840065284,0.7243615801373218,0.6083540265965733,0.6625979166666667,0.8411550233852352,0.7193527777777777,0.6894601581419072,0.6922173611111111,0.10238636355884803,23.8019385738716,25.828150116704435,-0.061763663470655095,0.02158716718656017,True,0.5212090515538589,1.0,0.835434600338481,red,0.010358910931222213,0.011013708880564679,0.010698734288889395,0.5,0.7381430789214634,3.2483327222995397,1200,"{""max_num_iter"": 200, ""weight"": 24.0}",60.0,0.6683736111111112,0.62200083013479,1.0,20260101,"TV(0.4 sd): input ideal d'=0.84 < 5 (prespecified floor, Rose): the input does not meet the detectability requirement and post-processing cannot restore it.",False,20263101,
signal,120.0,25.0,,60.0,,20.0,1.5,TV(0.4 sd),tv,1.6853123680130568,0.8833097279993577,1.4549218714962915,0.84823125,1.488239132710815,0.8525861111111112,1.4309926857977497,0.8436902777777778,0.10381852991191165,23.804438483303194,25.82096751896884,-0.035078477999357704,0.015607683974045123,True,0.7452783909799294,1.0,0.8120388286497895,red,0.007854472708134476,0.007962896080084441,0.008073621085706357,1.0,0.8620559224822337,1.6283404913129425,1200,"{""max_num_iter"": 200, ""weight"": 24.0}",60.0,0.8479048611111111,1.4528335080782135,1.0,20260101,"TV(0.4 sd): input ideal d'=1.69 < 5 (prespecified floor, Rose): the input does not meet the detectability requirement and post-processing cannot restore it.",False,20263201,
signal,120.0,25.0,,60.0,,10.0,3.0,TV(0.4 sd),tv,1.7329276368170845,0.8897811140599974,1.5934793027886869,0.8688131944444445,1.6340378387219456,0.8751027777777778,1.3348670721817526,0.8258277777777778,0.10382185062515337,23.806498687017903,25.81444423822826,-0.020967919615552888,0.0145632352679558,True,0.8455357954198985,1.0,0.914073657188812,red,0.007256185937459554,0.007430004295170127,0.00848732352879874,0.5,0.9244859638468982,1.532055913168465,1200,"{""max_num_iter"": 200, ""weight"": 24.0}",60.0,0.8700930555555556,1.6020672765997699,1.0,20260101,"TV(0.4 sd): input ideal d'=1.73 < 5 (prespecified floor, Rose): the input does not meet the detectability requirement and post-processing cannot restore it.",False,20266101,
signal,120.0,25.0,,60.0,,20.0,3.0,TV(0.4 sd),tv,3.465855273634169,0.9928716529681852,3.4130410171915644,0.9917173611111111,3.488908937259183,0.99395,2.7483265115289717,0.9745777777777778,0.10951126937678098,23.81165822798818,25.799633710153092,-0.0011542918570741634,0.0036502973486041788,True,0.969755313683834,0.9966666666666667,0.9084487726889868,red,0.001590655318885586,0.0018620765141335945,0.003272697976285664,1.0,0.9912303226214004,0.7730449968850691,1200,"{""max_num_iter"": 200, ""weight"": 24.0}",60.0,0.9925819444444445,3.4354608410434793,1.0,20260101,"TV(0.4 sd): input ideal d'=3.47 < 5 (prespecified floor, Rose): the input does not meet the detectability requirement and post-processing cannot restore it.",False,20266201,
signal,120.0,25.0,,60.0,,10.0,5.0,TV(0.4 sd),tv,2.911006412451428,0.9802237584170569,2.8498323277558737,0.9783381944444445,2.842051197137046,0.97615,1.6379609465532323,0.8783861111111111,0.10837311125600839,23.822649807683348,25.767120835772463,-0.001885563972612414,0.005918073787789608,True,0.9584121111824908,1.0,0.9269134701718709,red,0.0031690938155999365,0.003019126570702675,0.007163232690783759,0.5,0.9734426016357498,0.8661930253553801,1200,"{""max_num_iter"": 200, ""weight"": 24.0}",60.0,0.9772326388888889,2.833697655515069,1.0,20260101,"TV(0.4 sd): input ideal d'=2.91 < 5 (prespecified floor, Rose): the input does not meet the detectability requirement and post-processing cannot restore it.",False,20269101,
signal,120.0,25.0,,60.0,,20.0,5.0,TV(0.4 sd),tv,5.822012824902856,0.9999807902708996,5.7180554534309005,0.9999298611111112,5.531329083582072,0.9999611111111111,3.465121640341057,0.9934125,0.11910012681164256,23.804933965295657,25.819143385678895,-5.0929159788437595e-05,0.00033589934927207195,True,0.9646070018982921,0.18,0.9558590512148217,amber,0.00012734802887164255,0.00017102605327020345,0.0016600117174841603,1.0,0.9882087203994452,0.43408509246512095,1200,"{""max_num_iter"": 200, ""weight"": 24.0}",60.0,0.9999409722222222,5.753363843846411,0.37416666666666665,20260101,TV(0.4 sd): input ideal d'=5.82 is within 1.2x of the floor (5): marginal — small dose changes cross it.,False,20269201,
signal,120.0,25.0,,60.0,,10.0,1.5,gaussian(1.5 px),gaussian,0.8426561840065284,0.7243615801373218,0.28490488771684896,0.5823534722222222,0.8331005942686363,0.7173666666666667,0.7024512265257462,0.6951069444444444,0.3241798738010738,30.4995458423424,11.951780146628243,-0.14200810791509955,0.022719458352220993,True,0.1143138825082919,1.0,0.6777689593579487,red,0.010385501389222986,0.011591419070441733,0.010664922931529215,0.5,0.7381430789214634,2.6837284716096623,1200,"{""sigma"": 1.5}",60.0,0.6683736111111112,0.62200083013479,1.0,20260101,"gaussian(1.5 px): input ideal d'=0.84 < 5 (prespecified floor, Rose): the input does not meet the detectability requirement and post-processing cannot restore it.",False,20263101,
signal,120.0,25.0,,60.0,,20.0,1.5,gaussian(1.5 px),gaussian,1.6853123680130568,0.8833097279993577,0.869020545391797,0.7360291666666666,1.4866608925750096,0.8523861111111111,1.4452330044393025,0.84625625,0.3253059240044306,30.485646393872806,11.970686210833032,-0.14728056133269107,0.019844566357380536,True,0.26588832762122283,1.0,0.6612096924358479,red,0.007859501040290385,0.010124610487469168,0.00801134206316496,1.0,0.8620559224822337,1.3422524446044386,1200,"{""sigma"": 1.5}",60.0,0.8479048611111111,1.4528335080782135,1.0,20260101,"gaussian(1.5 px): input ideal d'=1.69 < 5 (prespecified floor, Rose): the input does not meet the detectability requirement and post-processing cannot restore it.",False,20263201,
signal,120.0,25.0,,60.0,,10.0,3.0,gaussian(1.5 px),gaussian,1.7329276368170845,0.8897811140599974,1.1060029960185533,0.7836993055555556,1.629634136610455,0.8741611111111112,1.4287628803274917,0.8435034722222222,0.32669600449698927,30.474092967695967,11.986741053924815,-0.10608180850444182,0.01830642716563829,True,0.4073350214009892,1.0,0.8389036289076635,red,0.0072825602627724015,0.009339831173219064,0.008078126090938147,0.5,0.9244859638468982,1.3753143089934268,1200,"{""sigma"": 1.5}",60.0,0.8700930555555556,1.6020672765997699,1.0,20260101,"gaussian(1.5 px): input ideal d'=1.73 < 5 (prespecified floor, Rose): the input does not meet the detectability requirement and post-processing cannot restore it.",False,20266101,
signal,120.0,25.0,,60.0,,20.0,3.0,gaussian(1.5 px),gaussian,3.465855273634169,0.9928716529681852,3.017959030637269,0.9820909722222222,3.476532050602075,0.99405,2.8901658518611058,0.9800951388888889,0.3362492201021332,30.474710448102627,11.985695799534593,-0.010780680745963056,0.0053775942399791185,True,0.7582385005504414,0.9766666666666667,0.8308120500715683,red,0.0015774190027613997,0.002743366632217211,0.002893225600440089,1.0,0.9912303226214004,0.6951459866922921,1200,"{""sigma"": 1.5}",60.0,0.9925819444444445,3.4354608410434793,1.0,20260101,"gaussian(1.5 px): input ideal d'=3.47 < 5 (prespecified floor, Rose): the input does not meet the detectability requirement and post-processing cannot restore it.",False,20266201,
signal,120.0,25.0,,60.0,,10.0,5.0,gaussian(1.5 px),gaussian,2.911006412451428,0.9802237584170569,2.140381231354355,0.9345381944444444,2.8431082326633397,0.9759361111111111,1.8496338170362345,0.9054625,0.33860954531575754,30.505705785650097,11.943535736424307,-0.045685563972612475,0.010330888016145323,True,0.5406247747895051,0.9966666666666667,0.881243201626543,red,0.003183382021124548,0.0052706037729183435,0.006331228193945674,0.5,0.9734426016357498,0.7970462792205949,1200,"{""sigma"": 1.5}",60.0,0.9772326388888889,2.833697655515069,1.0,20260101,"gaussian(1.5 px): input ideal d'=2.91 < 5 (prespecified floor, Rose): the input does not meet the detectability requirement and post-processing cannot restore it.",False,20269101,
signal,120.0,25.0,,60.0,,20.0,5.0,gaussian(1.5 px),gaussian,5.822012824902856,0.9999807902708996,5.49572823343671,0.9998784722222223,5.557514944198004,0.9999694444444445,3.9085692468832476,0.9975673611111111,0.3571756941535739,30.47941667392967,11.979235820985325,-0.00010231804867733008,0.0004419338039751324,True,0.8910543227769404,0.10166666666666667,0.9068562059208977,amber,0.00011288172882808392,0.00022512625895737255,0.0010077943801586695,1.0,0.9882087203994452,0.3991748711557624,1200,"{""sigma"": 1.5}",60.0,0.9999409722222222,5.753363843846411,0.37416666666666665,20260101,gaussian(1.5 px): input ideal d'=5.82 is within 1.2x of the floor (5): marginal — small dose changes cross it.,False,20269201,
signal,120.0,25.0,,60.0,,10.0,1.5,raw,none,0.8426561840065284,0.7243615801373218,0.62200083013479,0.6683736111111112,0.8485490425808179,0.7213444444444445,0.6642372626430351,0.68295,0.016850471041255925,16.476606076654377,60.014480778298896,-0.055987969026210616,0.021475526340384812,True,0.5448552049596577,1.0,1.0380193238102342,red,0.010331968248436763,0.010956748218503556,0.010803434789920675,0.5,0.7381430789214634,4.011485573733923,1200,{},60.0,0.6683736111111112,0.62200083013479,1.0,20260101,"raw: input ideal d'=0.84 < 5 (prespecified floor, Rose): the input does not meet the detectability requirement and post-processing cannot restore it.",False,20263101,
signal,120.0,25.0,,60.0,,20.0,1.5,raw,none,1.6853123680130568,0.8833097279993577,1.4528335080782135,0.8479048611111111,1.4947855216858166,0.8538861111111111,1.3636914071211244,0.8324256944444445,0.01733281364241557,16.48026959676003,59.98927173231591,-0.03540486688824662,0.015623436411115112,True,0.743140413486695,1.0,0.9989877064257919,red,0.007821672261143223,0.007970933185456908,0.008338444478901494,1.0,0.8620559224822337,2.018401914176185,1200,{},60.0,0.8479048611111111,1.4528335080782135,1.0,20260101,"raw: input ideal d'=1.69 < 5 (prespecified floor, Rose): the input does not meet the detectability requirement and post-processing cannot restore it.",False,20263201,
signal,120.0,25.0,,60.0,,10.0,3.0,raw,none,1.7329276368170845,0.8897811140599974,1.6020672765997699,0.8700930555555556,1.63592740331905,0.87505,1.1737639658724517,0.7958034722222223,0.017172996865876665,16.481492228811046,59.98061841939391,-0.019688058504441774,0.014494775547298262,True,0.8546742973499284,1.0,1.0123649643842492,red,0.007257667469700375,0.007395075224433348,0.009111308812327848,0.5,0.9244859638468982,1.7734379001343432,1200,{},60.0,0.8700930555555556,1.6020672765997699,1.0,20260101,"raw: input ideal d'=1.73 < 5 (prespecified floor, Rose): the input does not meet the detectability requirement and post-processing cannot restore it.",False,20266101,
signal,120.0,25.0,,60.0,,20.0,3.0,raw,none,3.465855273634169,0.9928716529681852,3.4354608410434793,0.9925819444444445,3.4863984838008992,0.9941861111111111,2.490112403958192,0.9610590277777777,0.018685221855790083,16.480245432607635,59.98940625534376,-0.0002897085237407726,0.0034539131491756873,True,0.9825375524841256,1.0,1.0065293343142667,red,0.0015592242177883465,0.0017618786528578031,0.00405772662933111,1.0,0.9912303226214004,0.8935809166143642,1200,{},60.0,0.9925819444444445,3.4354608410434793,1.0,20260101,"raw: input ideal d'=3.47 < 5 (prespecified floor, Rose): the input does not meet the detectability requirement and post-processing cannot restore it.",False,20266201,
signal,120.0,25.0,,60.0,,10.0,5.0,raw,none,2.911006412451428,0.9802237584170569,2.833697655515069,0.9772326388888889,2.8502610280896468,0.9761833333333333,1.3986364703052014,0.8405486111111111,0.01796152097408245,16.485674572370595,59.95185848215806,-0.002991119528167996,0.00606831785590737,True,0.9475904986793771,1.0,0.9859166032791213,red,0.003166861407765746,0.003095783116079461,0.008148868763613589,0.5,0.9734426016357498,0.9744235227670646,1200,{},60.0,0.9772326388888889,2.833697655515069,1.0,20260101,"raw: input ideal d'=2.91 < 5 (prespecified floor, Rose): the input does not meet the detectability requirement and post-processing cannot restore it.",False,20269101,
signal,120.0,25.0,,60.0,,20.0,5.0,raw,none,5.822012824902856,0.9999807902708996,5.753363843846411,0.9999409722222222,5.5547603821976805,0.9999694444444445,2.9922051362235287,0.9830777777777778,0.020967940733763898,16.481725113391615,59.97911412236682,-3.9818048677364715e-05,0.0003082035227457855,True,0.9765564750735088,0.37416666666666665,1.0168395160075527,amber,0.00011288172882808392,0.00015689526987584131,0.002666230486491207,1.0,0.9882087203994452,0.4882188757357407,1200,{},60.0,0.9999409722222222,5.753363843846411,0.37416666666666665,20260101,raw: input ideal d'=5.82 is within 1.2x of the floor (5): marginal — small dose changes cross it.,False,20269201,
texture,120.0,25.0,,60.0,0.0,,,NLM(0.6 sd),nlm,3.465855273634169,0.9928716529681852,2.8990900148673546,0.98015,3.2103227301146853,0.9885555555555555,2.891571251140694,0.9817506944444444,0.2818956565803244,28.60149608579321,14.870097817799076,-0.012721652968185282,0.005663438004985975,True,0.6996849831823777,0.675,0.6324141732645783,red,0.0021902863084481226,0.0028892079677017178,0.002769477613961244,,0.9671051769064817,0.554540887878656,1200,"{""h"": 36.0, ""patch_distance"": 6, ""patch_size"": 5}",60.0,0.9901111111111112,3.3518465775402353,1.0,20260101,"NLM(0.6 sd): input ideal d'=3.47 < 5 (prespecified floor, Rose): the input does not meet the detectability requirement and post-processing cannot restore it.",False,20262101,0.0
texture,120.0,25.0,,60.0,0.25,,,NLM(0.6 sd),nlm,3.7547370518688785,0.9960345799373341,2.731125406795487,0.9721638888888889,3.1361043172287095,0.9876361111111112,2.926453305206439,0.9830715277777777,0.6063175966266712,36.97124340544502,5.687086463768548,-0.023870691048445192,0.0067151461768322745,True,0.5290835125245148,0.38333333333333336,0.562932089069369,red,0.0022769972984422156,0.0034258036297353262,0.0026667259055091386,,0.9479658065152046,0.48416841711687086,1200,"{""h"": 36.0, ""patch_distance"": 6, ""patch_size"": 5}",33.50001999239478,0.9939631944444445,3.559362337627403,1.0,20260101,"NLM(0.6 sd): input ideal d'=3.75 < 5 (prespecified floor, Rose): the input does not meet the detectability requirement and post-processing cannot restore it.",False,20264101,6.0
texture,120.0,25.0,,60.0,0.5,,,NLM(0.6 sd),nlm,6.154588910664027,0.9999932534459398,2.4819606383464063,0.9587145833333334,3.157315383358053,0.986175,3.024515265425073,0.9833152777777778,0.6415576078558274,38.08432085992573,5.006885703169699,-0.04127867011260644,0.008191644523863914,True,0.16262663633266905,0.2325,0.5068008236744879,amber,0.0024084863755921538,0.004179132955517877,0.0026473373019328347,,0.9808165663495493,0.4394936245582928,1200,"{""h"": 36.0, ""patch_distance"": 6, ""patch_size"": 5}",17.95755117152193,0.9999430555555555,6.036522762650504,0.9966666666666667,20260101,NLM(0.6 sd): task d' fell 59% against the unprocessed input (6.04 -> 2.48) while fidelity improved: fidelity-task discordance.,True,20266101,6.0
texture,120.0,25.0,,60.0,1.0,,,NLM(0.6 sd),nlm,9.97053385555633,0.9999999999991069,1.840033745449647,0.9061597222222222,3.800735181123436,0.9959694444444445,3.3690870415786507,0.9915604166666667,0.6718758652129346,39.029109917435456,4.494500437840944,-0.09384027777688475,0.012364295982752994,True,0.03405765569752884,0.14166666666666666,0.5053750577152532,amber,0.0012977157724277082,0.006308075880899375,0.0018796996242471705,,0.9537056709536142,0.4065458952374012,1200,"{""h"": 36.0, ""patch_distance"": 6, ""patch_size"": 5}",10.3739926928523,1.0,9.508954680479075,0.9041666666666667,20260101,NLM(0.6 sd): task d' fell 81% against the unprocessed input (9.51 -> 1.84) while fidelity improved: fidelity-task discordance.,True,20268101,6.0
texture,120.0,25.0,,60.0,0.0,,,TV(0.4 sd),tv,3.465855273634169,0.9928716529681852,3.334489030800218,0.9894465277777778,3.405499386961611,0.9904666666666667,2.63765663101423,0.9684979166666666,0.10932090440961725,23.807332577481194,25.811966849070803,-0.0034251251904074964,0.004122325423536369,True,0.9256306760513856,1.0,0.9122818271132163,red,0.001998261534366115,0.0021029115900102367,0.00364630314516157,,0.9671051769064817,0.7770655768309893,1200,"{""max_num_iter"": 200, ""weight"": 24.0}",60.0,0.9901111111111112,3.3518465775402353,1.0,20260101,"TV(0.4 sd): input ideal d'=3.47 < 5 (prespecified floor, Rose): the input does not meet the detectability requirement and post-processing cannot restore it.",False,20262101,0.0
texture,120.0,25.0,,60.0,0.25,,,TV(0.4 sd),tv,3.7547370518688785,0.9960345799373341,3.2898103709445263,0.9909097222222222,3.3657289112905793,0.9911861111111111,2.9514091967881635,0.9824236111111111,0.35601664193897503,30.701446864403298,11.68143653434397,-0.005124857715111952,0.0038247617439397235,True,0.7676843268717292,0.9541666666666667,0.814499624430232,red,0.0019210862203454977,0.0019510905963880123,0.0027176045553567625,,0.9479658065152046,0.6640540862008038,1200,"{""max_num_iter"": 200, ""weight"": 24.0}",33.50001999239478,0.9939631944444445,3.559362337627403,1.0,20260101,"TV(0.4 sd): input ideal d'=3.75 < 5 (prespecified floor, Rose): the input does not meet the detectability requirement and post-processing cannot restore it.",False,20264101,6.0
texture,120.0,25.0,,60.0,0.5,,,TV(0.4 sd),tv,6.154588910664027,0.9999932534459398,3.5710556708841525,0.9961833333333333,3.2936940128593575,0.9905583333333333,3.031139404459384,0.9869986111111111,0.46810903762616285,33.743761710052105,8.426780624301848,-0.003809920112606502,0.002475639855943812,True,0.3366628079533179,0.7275,0.7828994547246482,amber,0.001988592502324976,0.0012627504541009023,0.0023352615019913772,,0.9808165663495493,0.5833846794746766,1200,"{""max_num_iter"": 200, ""weight"": 24.0}",17.95755117152193,0.9999430555555555,6.036522762650504,0.9966666666666667,20260101,TV(0.4 sd): task d' fell 41% against the unprocessed input (6.04 -> 3.57) while fidelity improved: fidelity-task discordance.,True,20266101,6.0
texture,120.0,25.0,,60.0,1.0,,,TV(0.4 sd),tv,9.97053385555633,0.9999999999991069,3.74688073412605,0.9991201388888888,4.222165768796757,0.9994333333333333,3.6465585380339007,0.9958138888888889,0.608734353108944,37.52090660041175,5.345562821289413,-0.0008798611102180942,0.0011881703748348735,True,0.14122218082666183,0.405,0.7158172976981177,amber,0.0004861833048069855,0.0006058661994593206,0.0013225687127357605,,0.9537056709536142,0.4876768633752158,1200,"{""max_num_iter"": 200, ""weight"": 24.0}",10.3739926928523,1.0,9.508954680479075,0.9041666666666667,20260101,TV(0.4 sd): task d' fell 61% against the unprocessed input (9.51 -> 3.75) while fidelity improved: fidelity-task discordance.,True,20268101,6.0
texture,120.0,25.0,,60.0,0.0,,,gaussian(1.5 px),gaussian,3.465855273634169,0.9928716529681852,2.6242970725580563,0.9672048611111111,3.4174890794116544,0.9908916666666666,2.7694939098327875,0.9748777777777777,0.3357733068398753,30.477897871627327,11.981242516970497,-0.0256667918570741,0.0072937680128505305,True,0.5733306304409866,0.9841666666666666,0.8360723189949489,red,0.0019530348674902725,0.003721024276942291,0.00325317800526207,,0.9671051769064817,0.6964523186207642,1200,"{""sigma"": 1.5}",60.0,0.9901111111111112,3.3518465775402353,1.0,20260101,"gaussian(1.5 px): input ideal d'=3.47 < 5 (prespecified floor, Rose): the input does not meet the detectability requirement and post-processing cannot restore it.",False,20262101,0.0
texture,120.0,25.0,,60.0,0.25,,,gaussian(1.5 px),gaussian,3.7547370518688785,0.9960345799373341,2.6716712141126964,0.9701048611111112,3.3987159194711123,0.9913805555555556,2.9358047122765574,0.9810409722222222,0.354141174334865,31.079478149871186,11.180631987249312,-0.02592971882622297,0.006961112885523125,True,0.5062988789165603,0.9783333333333334,0.8359607457839792,red,0.0018996976826769723,0.003551299154464864,0.0028231771133558486,,0.9479658065152046,0.6870225183586067,1200,"{""sigma"": 1.5}",33.50001999239478,0.9939631944444445,3.559362337627403,1.0,20260101,"gaussian(1.5 px): input ideal d'=3.75 < 5 (prespecified floor, Rose): the input does not meet the detectability requirement and post-processing cannot restore it.",False,20264101,6.0
texture,120.0,25.0,,60.0,0.5,,,gaussian(1.5 px),gaussian,6.154588910664027,0.9999932534459398,3.1817452417267833,0.9876277777777778,3.490892950540911,0.9921194444444444,3.146512248517423,0.9868152777777778,0.4011049572435425,32.31040253030055,9.705824263985818,-0.01236547566816204,0.004465038400805755,True,0.2672592261777647,0.9383333333333334,0.8326708593984625,amber,0.0018161574489765776,0.0022777683628757905,0.002351754750877746,,0.9808165663495493,0.6481216132273516,1200,"{""sigma"": 1.5}",17.95755117152193,0.9999430555555555,6.036522762650504,0.9966666666666667,20260101,gaussian(1.5 px): task d' fell 47% against the unprocessed input (6.04 -> 3.18) while fidelity improved: fidelity-task discordance.,True,20266101,6.0
texture,120.0,25.0,,60.0,1.0,,,gaussian(1.5 px),gaussian,9.97053385555633,0.9999999999991069,3.6386183129524223,0.9934104166666666,4.712990441681574,0.99965,3.8079438758848165,0.9965465277777777,0.5158890992828347,35.185618215848145,6.97735408965048,-0.0065895833324403075,0.0032547735788635234,True,0.13317913104327728,0.7541666666666667,0.833027192789805,amber,0.0003820735645094191,0.0016602749642783438,0.0012010645908177725,,0.9537056709536142,0.5761426530924537,1200,"{""sigma"": 1.5}",10.3739926928523,1.0,9.508954680479075,0.9041666666666667,20260101,gaussian(1.5 px): task d' fell 62% against the unprocessed input (9.51 -> 3.64) while fidelity improved: fidelity-task discordance.,True,20268101,6.0
texture,120.0,25.0,,60.0,0.0,,,raw,none,3.465855273634169,0.9928716529681852,3.3518465775402353,0.9901111111111112,3.4396000812751866,0.9910194444444445,2.4219316079559063,0.9558131944444445,0.018695898451533938,16.481370864837384,59.981498537635055,-0.0027605418570740836,0.003989882575147761,True,0.9352924231993173,1.0,1.0114120070742683,red,0.001939234094309542,0.0020353374664889372,0.004324716699019714,,0.9671051769064817,0.8968094495109188,1200,{},60.0,0.9901111111111112,3.3518465775402353,1.0,20260101,"raw: input ideal d'=3.47 < 5 (prespecified floor, Rose): the input does not meet the detectability requirement and post-processing cannot restore it.",False,20262101,0.0
texture,120.0,25.0,,60.0,0.25,,,raw,none,3.7547370518688785,0.9960345799373341,3.559362337627403,0.9939631944444445,3.4187374193061153,0.9917388888888888,2.639576723106111,0.9672236111111111,0.059503789592535224,21.54056029906893,33.502314479005165,-0.0020713854928896547,0.0031149108351416345,True,0.8986391703220222,1.0,1.009715254013646,red,0.0018596463345185686,0.001588915110309032,0.003719951291979186,,0.9479658065152046,0.8401366406755286,1200,{},33.50001999239478,0.9939631944444445,3.559362337627403,1.0,20260101,"raw: input ideal d'=3.75 < 5 (prespecified floor, Rose): the input does not meet the detectability requirement and post-processing cannot restore it.",False,20264101,6.0
texture,120.0,25.0,,60.0,0.5,,,raw,none,6.154588910664027,0.9999932534459398,6.036522762650504,0.9999430555555555,3.525356541947755,0.9926083333333333,3.1142095030372365,0.9860270833333333,0.18230826160521454,26.948673148151588,17.97879891236136,-5.0197890384295896e-05,0.0003027279894433618,True,0.9620011368257197,0.9966666666666667,1.0069186563272747,green,0.001758731781219619,0.00015410157910110566,0.002421406993183865,,0.9808165663495493,0.7521393602186653,1200,{},17.95755117152193,0.9999430555555555,6.036522762650504,0.9966666666666667,20260101,raw: input ideal d'=6.15 meets the floor and the processed task d'=6.04 follows it; no excess false structure or erasure.,True,20266101,6.0
texture,120.0,25.0,,60.0,1.0,,,raw,none,9.97053385555633,0.9999999999991069,9.508954680479075,1.0,4.993402284177281,0.9998666666666667,4.569053959633412,0.9994694444444444,0.37366476348049693,31.731788465151283,10.369655684533258,8.930634010084759e-13,6.944444444444445e-07,True,0.9095545068090836,0.9041666666666667,1.0061279909651253,green,0.00023580826199122912,0.0,0.0004704329938537889,,0.9537056709536142,0.635245318425796,1200,{},10.3739926928523,1.0,9.508954680479075,0.9041666666666667,20260101,raw: input ideal d'=9.97 meets the floor and the processed task d'=9.51 follows it; no excess false structure or erasure.,True,20268101,6.0
atlas_demo,120.0,12.0,0.12,86.60254037844388,,20.0,,gaussian(1.5 px),gaussian,2.4012149702459653,0.9552381337941949,1.3342262585384534,0.82608125,2.330296121690554,0.944875,1.8590427871247834,0.90298125,0.19589302333371422,27.316658282512307,17.241884223056402,-0.12915688379419488,0.028815463295854292,True,0.30874283144503895,1.0,0.8690161881701289,red,0.008379491837163598,0.014698848306957522,0.011114556392076912,,0.861939196588482,0.994158126284822,400,"{""sigma"": 1.5}",86.60254037844388,0.92518125,2.069701302290043,1.0,21260104,"gaussian(1.5 px): input ideal d'=2.40 < 5 (prespecified floor, Rose): the input does not meet the detectability requirement and post-processing cannot restore it.",False,21272104,
atlas_demo,80.0,12.0,0.12,129.9038105676658,,36.742346141747674,,gaussian(1.5 px),gaussian,2.9408758377279614,0.9812148992675147,1.392470417736289,0.84225625,2.904024631090406,0.979975,2.362336794903983,0.9500625,0.10156225124186159,23.784767568033832,25.892927670397544,-0.13895864926751467,0.027546996056111217,True,0.2241912078533178,1.0,0.8379359330070022,red,0.005030366345313454,0.014051659251572535,0.007972784644256976,,0.8421153783479753,0.8239834283342597,400,"{""sigma"": 1.5}",129.9038105676658,0.9570125,2.476556768762701,1.0,21260104,"gaussian(1.5 px): input ideal d'=2.94 < 5 (prespecified floor, Rose): the input does not meet the detectability requirement and post-processing cannot restore it.",False,21276104,
atlas_demo,120.0,12.0,0.12,86.60254037844388,,20.0,,raw,none,2.4012149702459653,0.9552381337941949,2.069701302290043,0.92518125,2.3412932235744472,0.94585,1.4821993072071098,0.850775,0.0070030458494139735,13.285083360449683,86.66278049458535,-0.03005688379419491,0.019150224683861378,True,0.7429391786155978,1.0,1.04873247898624,red,0.008304582272906444,0.009767513502730973,0.013690846455341505,,0.861939196588482,1.2878973669257416,400,{},86.60254037844388,0.92518125,2.069701302290043,1.0,21260104,"raw: input ideal d'=2.40 < 5 (prespecified floor, Rose): the input does not meet the detectability requirement and post-processing cannot restore it.",False,21272104,
atlas_demo,80.0,12.0,0.12,129.9038105676658,,36.742346141747674,,raw,none,2.9408758377279614,0.9812148992675147,2.476556768762701,0.9570125,2.922804652466988,0.9804,1.922885015155658,0.9103,0.003043887800069843,9.762063739589566,130.01302685741877,-0.024202399267514663,0.014496027578985144,True,0.7091583104501537,1.0,1.0201344146838691,red,0.004976332727671358,0.007392879508643354,0.010691279659722561,,0.8421153783479753,1.0605983540559742,400,{},129.9038105676658,0.9570125,2.476556768762701,1.0,21260104,"raw: input ideal d'=2.94 < 5 (prespecified floor, Rose): the input does not meet the detectability requirement and post-processing cannot restore it.",False,21276104,
atlas_demo,120.0,200.0,2.0,21.213203435596427,,20.0,,gaussian(1.5 px),gaussian,9.802919066391512,0.9999999999979211,8.693749343720295,1.0,9.219552938727968,1.0,8.065143283547323,1.0,0.7578959042575587,39.31339542073128,4.332445865122524,2.0788926136106056e-12,6.25e-06,True,0.7865084536643254,0.0,0.8252819496514071,green,0.0,0.0,0.0,,0.9785379560981656,0.24631469408993226,400,"{""sigma"": 1.5}",21.213203435596427,1.0,9.592528387022488,0.0,21260104,gaussian(1.5 px): input ideal d'=9.80 meets the floor and the processed task d'=8.69 follows it; no excess false structure or erasure.,True,21264104,
atlas_demo,120.0,200.0,2.0,21.213203435596427,,20.0,,raw,none,9.802919066391512,0.9999999999979211,9.592528387022488,1.0,9.221857970789134,1.0,6.88513526573439,1.0,0.1947680368712576,25.51214958909764,21.206952388591763,2.0788926136106056e-12,6.25e-06,True,0.9575365315247755,0.0,0.9965664622481984,green,0.0,0.0,0.0,,0.9785379560981656,0.31751248824213973,400,{},21.213203435596427,1.0,9.592528387022488,0.0,21260104,raw: input ideal d'=9.80 meets the floor and the processed task d'=9.59 follows it; no excess false structure or erasure.,True,21264104,
atlas_demo,120.0,50.0,0.5,42.42640687119285,,20.0,,gaussian(1.5 px),gaussian,4.901459533195756,0.9997357261459661,3.439785187320937,0.9923,4.571013336241786,0.999925,3.9162563004122366,0.99694375,0.48552528970421405,33.445984270059846,8.512758654332679,-0.007435726145966104,0.006105341384751506,True,0.4925063123073869,0.4425,0.8276096745162258,red,0.0003065743705972814,0.0031118384995134406,0.0019584420308947138,,0.9275932055986692,0.4969701127481682,400,"{""sigma"": 1.5}",42.42640687119285,0.9995625,4.546560560509208,0.965,21260104,"gaussian(1.5 px): input ideal d'=4.90 < 5 (prespecified floor, Rose): the input does not meet the detectability requirement and post-processing cannot restore it.",False,21268104,
atlas_demo,120.0,50.0,0.5,42.42640687119285,,20.0,,raw,none,4.901459533195756,0.9997357261459661,4.546560560509208,0.9995625,4.584044722754177,0.999925,3.34704323190096,0.98985,0.04428100628610601,19.486646549899596,42.43760479892648,-0.00017322614596604335,0.001457629374523747,True,0.860429155072815,0.965,0.9996824568509487,red,0.0003065743705972814,0.000740513287984903,0.0035746283236390394,,0.9275932055986692,0.6358537448017576,400,{},42.42640687119285,0.9995625,4.546560560509208,0.965,21260104,"raw: input ideal d'=4.90 < 5 (prespecified floor, Rose): the input does not meet the detectability requirement and post-processing cannot restore it.",False,21268104,
dose,120.0,100.0,1.0,30.0,0.0,20.0,,NLM(0.6 sd),nlm,6.931710547268338,0.9999995243637675,5.694445093375688,0.9999965277777778,5.867830509171757,0.999975,5.345845135433114,0.9999590277777778,0.6108521972855173,34.47712633510774,7.559808007622517,-2.9965859896785574e-06,7.527532077779005e-05,True,0.6748728875114528,0.0,0.6765685857442839,green,0.00010210522446816943,3.805216673450637e-05,0.0001307147042025004,,0.954894244089188,0.2784362900831433,1200,"{""h"": 18.0, ""patch_distance"": 6, ""patch_size"": 5}",30.0,0.9999993055555556,6.619050503278851,0.1725,21260104,NLM(0.6 sd): input ideal d'=6.93 meets the floor and the processed task d'=5.69 follows it; no excess false structure or erasure.,True,21261104,
dose,120.0,100.0,1.0,30.0,0.0,20.0,,TV(0.4 sd),tv,6.931710547268338,0.9999995243637675,6.546149130478512,1.0,6.458740982087334,0.9999944444444444,5.2972776686171805,0.9997256944444445,0.36278395045719625,29.805909507651048,12.938693757602456,4.756362325109009e-07,6.944444444444445e-07,True,0.8918482230291803,0.04083333333333333,0.9167011838361923,green,4.813263165616641e-05,0.0,0.0003382377930900538,,0.954894244089188,0.3876763428651286,1200,"{""max_num_iter"": 200, ""weight"": 12.0}",30.0,0.9999993055555556,6.619050503278851,0.1725,21260104,TV(0.4 sd): input ideal d'=6.93 meets the floor and the processed task d'=6.55 follows it; no excess false structure or erasure.,True,21261104,
dose,120.0,100.0,1.0,30.0,0.0,20.0,,gaussian(1.5 px),gaussian,6.931710547268338,0.9999995243637675,6.286435069821621,0.9999979166666667,6.466926459171344,0.9999916666666666,5.614392606962386,0.9998631944444445,0.633687446523513,36.41399220393245,6.049063124250736,-1.6076971007805696e-06,5.84645228801617e-05,True,0.8224850827778546,0.013333333333333334,0.8332948027268989,green,5.8950234496151456e-05,2.9475071425495707e-05,0.00023885915435118972,,0.954894244089188,0.3489119922468031,1200,"{""sigma"": 1.5}",30.0,0.9999993055555556,6.619050503278851,0.1725,21260104,gaussian(1.5 px): input ideal d'=6.93 meets the floor and the processed task d'=6.29 follows it; no excess false structure or erasure.,True,21261104,
dose,120.0,100.0,1.0,30.0,0.0,20.0,,raw,none,6.931710547268338,0.9999995243637675,6.619050503278851,0.9999993055555556,6.4828377835873425,0.9999944444444444,4.851413357515696,0.9995229166666667,0.09777790824600487,22.49900125473496,30.00092459012604,-2.1880821188258182e-07,3.404800325296122e-05,True,0.9118230173946618,0.1725,1.0073445816400495,green,4.813263165616641e-05,1.7017434540433082e-05,0.0004460912771852105,,0.954894244089188,0.44836848931768847,1200,{},30.0,0.9999993055555556,6.619050503278851,0.1725,21260104,raw: input ideal d'=6.93 meets the floor and the processed task d'=6.62 follows it; no excess false structure or erasure.,True,21261104,
dose,120.0,12.500000000000002,0.12500000000000003,84.85281374238569,0.0,20.0,,NLM(0.6 sd),nlm,2.450729766597878,0.9584457342995427,1.8801095302506954,0.9098743055555556,2.152891279506176,0.9389611111111111,2.047162352567693,0.9279444444444445,0.15375618016375237,25.598722333736006,21.011278261652382,-0.04857142874398712,0.012119284473365896,True,0.5885392753709918,0.9916666666666667,0.6121473394484025,red,0.005088665664548044,0.006183067711708656,0.0055303338643563306,,0.8867986321007612,0.7818144839344088,1200,"{""h"": 50.911688245431414, ""patch_distance"": 6, ""patch_size"": 5}",84.85281374238569,0.9379819444444445,2.173303804667616,1.0,21260104,"NLM(0.6 sd): input ideal d'=2.45 < 5 (prespecified floor, Rose): the input does not meet the detectability requirement and post-processing cannot restore it.",False,21264104,
dose,120.0,12.500000000000002,0.12500000000000003,84.85281374238569,0.0,20.0,,TV(0.4 sd),tv,2.450729766597878,0.9584457342995427,2.1635511239861827,0.9367722222222222,2.263547888116039,0.9458694444444444,1.8357624507945525,0.9033986111111111,0.049663755133092735,20.78723065955086,36.545277156924286,-0.02167351207732049,0.010152385461650383,True,0.779369618868241,1.0,0.90094995190368,red,0.004790354227335874,0.0051795293675195985,0.006399202004714314,,0.8867986321007612,1.095921102711166,1200,"{""max_num_iter"": 200, ""weight"": 33.94112549695428}",84.85281374238569,0.9379819444444445,2.173303804667616,1.0,21260104,"TV(0.4 sd): input ideal d'=2.45 < 5 (prespecified floor, Rose): the input does not meet the detectability requirement and post-processing cannot restore it.",False,21264104,
dose,120.0,12.500000000000002,0.12500000000000003,84.85281374238569,0.0,20.0,,gaussian(1.5 px),gaussian,2.450729766597878,0.9584457342995427,1.6897729602682015,0.8859645833333334,2.270971668010011,0.9465055555555556,1.9487295928643433,0.916,0.20359204690866048,27.466716296679053,16.945957797109916,-0.07248115096620933,0.013607873635723916,True,0.4754073162532305,1.0,0.8259642551488107,red,0.00476193349540935,0.006942565934175917,0.005970502710978427,,0.8867986321007612,0.9843138377544975,1200,"{""sigma"": 1.5}",84.85281374238569,0.9379819444444445,2.173303804667616,1.0,21260104,"gaussian(1.5 px): input ideal d'=2.45 < 5 (prespecified floor, Rose): the input does not meet the detectability requirement and post-processing cannot restore it.",False,21264104,
dose,120.0,12.500000000000002,0.12500000000000003,84.85281374238569,0.0,20.0,,raw,none,2.450729766597878,0.9584457342995427,2.173303804667616,0.9379819444444445,2.2849135233020927,0.9476305555555555,1.6548655243572852,0.8796284722222222,0.007437313552349462,13.467688021045445,84.85980830919526,-0.020463789855098224,0.010054362234916132,True,0.7864118138957811,1.0,0.9972210511901015,red,0.004711246818306885,0.005129516598148608,0.0071276513207340604,,0.8867986321007612,1.2662204179808503,1200,{},84.85281374238569,0.9379819444444445,2.173303804667616,1.0,21260104,"raw: input ideal d'=2.45 < 5 (prespecified floor, Rose): the input does not meet the detectability requirement and post-processing cannot restore it.",False,21264104,
dose,120.0,200.0,2.0,21.213203435596427,0.0,20.0,,NLM(0.6 sd),nlm,9.802919066391512,0.9999999999979211,8.082963975750713,1.0,8.095214297588525,1.0,7.17038133845569,1.0,0.7525018111206614,37.37928558187847,5.41232175739837,2.0788926136106056e-12,6.944444444444445e-07,True,0.6798771610921278,0.0,0.7347029075435404,green,0.0,0.0,0.0,,0.9856234304673853,0.1956255610417965,1200,"{""h"": 12.727922061357855, ""patch_distance"": 6, ""patch_size"": 5}",21.213203435596427,1.0,9.66198671881094,0.0,21260104,NLM(0.6 sd): input ideal d'=9.80 meets the floor and the processed task d'=8.08 follows it; no excess false structure or erasure.,True,21260104,
dose,120.0,200.0,2.0,21.213203435596427,0.0,20.0,,TV(0.4 sd),tv,9.802919066391512,0.9999999999979211,9.577181274234281,1.0,9.211936854976651,1.0,7.590350719976857,1.0,0.5352583370996419,32.79635531196304,9.16990945138168,2.0788926136106056e-12,6.944444444444445e-07,True,0.9544750518119888,0.0,0.9209160437336115,green,0.0,0.0,0.0,,0.9856234304673853,0.2741094178028036,1200,"{""max_num_iter"": 200, ""weight"": 8.485281374238571}",21.213203435596427,1.0,9.66198671881094,0.0,21260104,TV(0.4 sd): input ideal d'=9.80 meets the floor and the processed task d'=9.58 follows it; no excess false structure or erasure.,True,21260104,
dose,120.0,200.0,2.0,21.213203435596427,0.0,20.0,,gaussian(1.5 px),gaussian,9.802919066391512,0.9999999999979211,9.176461452574372,1.0,9.182270988287977,1.0,8.014171481691948,1.0,0.7581016756200724,39.32237976804838,4.327926866178957,2.0788926136106056e-12,6.944444444444445e-07,True,0.8762734535224745,0.0,0.8312707779388455,green,0.0,0.0,0.0,,0.9856234304673853,0.24605045229614697,1200,"{""sigma"": 1.5}",21.213203435596427,1.0,9.66198671881094,0.0,21260104,gaussian(1.5 px): input ideal d'=9.80 meets the floor and the processed task d'=9.18 follows it; no excess false structure or erasure.,True,21260104,
dose,120.0,200.0,2.0,21.213203435596427,0.0,20.0,,raw,none,9.802919066391512,0.9999999999979211,9.66198671881094,1.0,9.213709817693674,1.0,6.974624448338548,1.0,0.1945649424362719,25.508253884663034,21.21638176130645,2.0788926136106056e-12,6.944444444444445e-07,True,0.9714535466862968,0.0,1.0036211233826529,green,0.0,0.0,0.0,,0.9856234304673853,0.31686886369835937,1200,{},21.213203435596427,1.0,9.66198671881094,0.0,21260104,raw: input ideal d'=9.80 meets the floor and the processed task d'=9.66 follows it; no excess false structure or erasure.,True,21260104,
dose,120.0,25.000000000000007,0.25000000000000006,59.999999999999986,0.0,20.0,,NLM(0.6 sd),nlm,3.4658552736341695,0.9928716529681852,2.8661606401008055,0.9787291666666667,3.0988255164617096,0.9872666666666666,2.880671484576418,0.9815277777777778,0.2814847396723717,28.59048387306512,14.889414110842917,-0.014142486301518598,0.005864040596072353,True,0.6838804806129672,0.6941666666666667,0.6220402444770451,red,0.0023109383888997095,0.0029915581091679412,0.002786453154293246,,0.9651285280736873,0.5544999922028172,1200,"{""h"": 35.99999999999999, ""patch_distance"": 6, ""patch_size"": 5}",59.999999999999986,0.9914076388888889,3.3449957987589727,1.0,21260104,"NLM(0.6 sd): input ideal d'=3.47 < 5 (prespecified floor, Rose): the input does not meet the detectability requirement and post-processing cannot restore it.",False,21263104,
dose,120.0,25.000000000000007,0.25000000000000006,59.999999999999986,0.0,20.0,,TV(0.4 sd),tv,3.4658552736341695,0.9928716529681852,3.3470011115609446,0.9915319444444445,3.3247611681833114,0.9915333333333334,2.7327515797467283,0.9754333333333334,0.10905806364957087,23.797555833651906,25.841694481348547,-0.001339708523740768,0.003691070055100117,True,0.9325902399039098,1.0,0.8992578721643808,red,0.0018827243145464,0.0018828792976630614,0.0032167242621227747,,0.9651285280736873,0.7744124843897944,1200,"{""max_num_iter"": 200, ""weight"": 23.999999999999996}",59.999999999999986,0.9914076388888889,3.3449957987589727,1.0,21260104,"TV(0.4 sd): input ideal d'=3.47 < 5 (prespecified floor, Rose): the input does not meet the detectability requirement and post-processing cannot restore it.",False,21263104,
dose,120.0,25.000000000000007,0.25000000000000006,59.999999999999986,0.0,20.0,,gaussian(1.5 px),gaussian,3.4658552736341695,0.9928716529681852,2.813748964187301,0.9776791666666667,3.3186237106904604,0.991275,2.862975630872924,0.9797041666666667,0.3354307994241654,30.47506017290117,11.985793754382193,-0.015192486301518593,0.006008077290588375,True,0.6590977803838561,0.9858333333333333,0.8212907335090681,red,0.0019113378908121874,0.0030650475690009614,0.002921701126999192,,0.9651285280736873,0.6942445016828943,1200,"{""sigma"": 1.5}",59.999999999999986,0.9914076388888889,3.3449957987589727,1.0,21260104,"gaussian(1.5 px): input ideal d'=3.47 < 5 (prespecified floor, Rose): the input does not meet the detectability requirement and post-processing cannot restore it.",False,21263104,
dose,120.0,25.000000000000007,0.25000000000000006,59.999999999999986,0.0,20.0,,raw,none,3.4658552736341695,0.9928716529681852,3.3449957987589727,0.9914076388888889,3.3392606181983573,0.9918111111111111,2.4692555621127648,0.9613680555555556,0.01866231300660725,16.478356779728955,60.00252016325271,-0.0014640140792963052,0.003718157532499607,True,0.9314730757016823,1.0,0.9978978564404648,red,0.0018514704830761746,0.0018966996931464237,0.004041455447762022,,0.9651285280736873,0.895977727167227,1200,{},59.999999999999986,0.9914076388888889,3.3449957987589727,1.0,21260104,"raw: input ideal d'=3.47 < 5 (prespecified floor, Rose): the input does not meet the detectability requirement and post-processing cannot restore it.",False,21263104,
dose,120.0,3.125,0.03125,169.7056274847714,0.0,20.0,,NLM(0.6 sd),nlm,1.225364883298939,0.8068820701518937,0.8883174475699035,0.73524375,1.1472102649654747,0.7932805555555555,0.9609741395569146,0.7507465277777777,0.03199451695603972,19.61577773535949,41.84155687103032,-0.07163832015189375,0.019867073524046243,True,0.525539694511339,1.0,0.6162515411415708,red,0.009159983431920433,0.010136093946779258,0.009901021123590604,,0.7396200888935619,1.5587987819970563,1200,"{""h"": 101.82337649086284, ""patch_distance"": 6, ""patch_size"": 5}",169.7056274847714,0.7375180555555556,0.9063044839126103,1.0,21260104,"NLM(0.6 sd): input ideal d'=1.23 < 5 (prespecified floor, Rose): the input does not meet the detectability requirement and post-processing cannot restore it.",False,21266104,
dose,120.0,3.125,0.03125,169.7056274847714,0.0,20.0,,TV(0.4 sd),tv,1.225364883298939,0.8068820701518937,0.9199731907606435,0.7419659722222223,1.1796357801675486,0.7983888888888889,0.7907256464656344,0.7114854166666666,0.008125132921584352,14.784660189582821,72.93914723209588,-0.06491609792967146,0.019671577797346778,True,0.5636629419392999,1.0,0.9068001868638923,red,0.009060847587720158,0.010036349396245927,0.01046262915530953,,0.7396200888935619,2.1705133310327587,1200,"{""max_num_iter"": 200, ""weight"": 67.88225099390857}",169.7056274847714,0.7375180555555556,0.9063044839126103,1.0,21260104,"TV(0.4 sd): input ideal d'=1.23 < 5 (prespecified floor, Rose): the input does not meet the detectability requirement and post-processing cannot restore it.",False,21266104,
dose,120.0,3.125,0.03125,169.7056274847714,0.0,20.0,,gaussian(1.5 px),gaussian,1.225364883298939,0.8068820701518937,0.49292839499657404,0.6466409722222223,1.1880072361402292,0.79995,0.9039814145339207,0.7363138888888889,0.051630282869682964,21.486116214219393,33.7366469946672,-0.16024109792967145,0.021874065021475486,True,0.16182171977925772,1.0,0.8317025917633794,red,0.00903009114399554,0.01116008801670102,0.01012043651180567,,0.7396200888935619,1.9475443836458552,1200,"{""sigma"": 1.5}",169.7056274847714,0.7375180555555556,0.9063044839126103,1.0,21260104,"gaussian(1.5 px): input ideal d'=1.23 < 5 (prespecified floor, Rose): the input does not meet the detectability requirement and post-processing cannot restore it.",False,21266104,
dose,120.0,3.125,0.03125,169.7056274847714,0.0,20.0,,raw,none,1.225364883298939,0.8068820701518937,0.9063044839126103,0.7375180555555556,1.1885257560698852,0.8000916666666666,0.6480616686896845,0.6777138888888888,0.0010499094698541162,7.449681009904995,169.6687122185016,-0.06936401459633812,0.019801658349436424,True,0.5470378758949204,1.0,1.0026855123207716,red,0.00902728931131317,0.010102718244406252,0.010860095382749898,,0.7396200888935619,2.5134129077992435,1200,{},169.7056274847714,0.7375180555555556,0.9063044839126103,1.0,21260104,"raw: input ideal d'=1.23 < 5 (prespecified floor, Rose): the input does not meet the detectability requirement and post-processing cannot restore it.",False,21266104,
dose,120.0,49.99999999999999,0.49999999999999994,42.42640687119285,0.0,20.0,,NLM(0.6 sd),nlm,4.901459533195756,0.9997357261459661,4.137967820566382,0.9983659722222222,4.485838934828648,0.9995916666666667,4.088020472060045,0.9990368055555555,0.4438825181450056,31.551532216426057,10.588243236936636,-0.0013697539237438328,0.0016192490567766156,True,0.7127272688256038,0.06916666666666667,0.6453946197368273,red,0.00041269256960255185,0.0008258083439793403,0.0006339215582381137,,0.9711422098040641,0.38869588369423164,1200,"{""h"": 25.45584412271571, ""patch_distance"": 6, ""patch_size"": 5}",42.42640687119285,0.9995902777777778,4.760014242332923,0.955,21260104,"NLM(0.6 sd): input ideal d'=4.90 < 5 (prespecified floor, Rose): the input does not meet the detectability requirement and post-processing cannot restore it.",False,21262104,
dose,120.0,49.99999999999999,0.49999999999999994,42.42640687119285,0.0,20.0,,TV(0.4 sd),tv,4.901459533195756,0.9997357261459661,4.747489193599331,0.9995486111111112,4.836327411360506,0.9996694444444445,3.872730446485159,0.9971243055555555,0.2135153199017923,26.810144625655994,18.26806447606619,-0.0001871150348549122,0.0008511416847575005,True,0.9381604638361929,0.6916666666666667,0.9176583979526928,red,0.000371306976033721,0.00043390962641215626,0.0010958481521978999,,0.9711422098040641,0.546955283665828,1200,"{""max_num_iter"": 200, ""weight"": 16.970562748477143}",42.42640687119285,0.9995902777777778,4.760014242332923,0.955,21260104,"TV(0.4 sd): input ideal d'=4.90 < 5 (prespecified floor, Rose): the input does not meet the detectability requirement and post-processing cannot restore it.",False,21262104,
dose,120.0,49.99999999999999,0.49999999999999994,42.42640687119285,0.0,20.0,,gaussian(1.5 px),gaussian,4.901459533195756,0.9997357261459661,4.269487371703212,0.9987319444444445,4.822528262883324,0.9997,4.055850682389926,0.9981791666666666,0.4875990441793385,33.47828677236395,8.48184846202609,-0.0010037817015216,0.0014263943906659229,True,0.7587533539723025,0.42833333333333334,0.8383543681775281,red,0.00035372700830329124,0.0007274112980989538,0.0008717747535434126,,0.9711422098040641,0.49155017376822535,1200,"{""sigma"": 1.5}",42.42640687119285,0.9995902777777778,4.760014242332923,0.955,21260104,"gaussian(1.5 px): input ideal d'=4.90 < 5 (prespecified floor, Rose): the input does not meet the detectability requirement and post-processing cannot restore it.",False,21262104,
dose,120.0,49.99999999999999,0.49999999999999994,42.42640687119285,0.0,20.0,,raw,none,4.901459533195756,0.9997357261459661,4.760014242332923,0.9995902777777778,4.847257380755552,0.9997027777777778,3.5330166136853562,0.9935145833333333,0.04443423798944797,19.48959488750023,42.42360367322998,-0.00014544836818830564,0.0008109317445651373,True,0.9431171916631208,0.955,1.0091377448753684,red,0.00035208533266030216,0.000413393973823877,0.0016470616564438333,,0.9711422098040641,0.6316076462799739,1200,{},42.42640687119285,0.9995902777777778,4.760014242332923,0.955,21260104,"raw: input ideal d'=4.90 < 5 (prespecified floor, Rose): the input does not meet the detectability requirement and post-processing cannot restore it.",False,21262104,
dose,120.0,6.25,0.0625,120.0,0.0,20.0,,NLM(0.6 sd),nlm,1.7329276368170845,0.8897811140599974,1.3999568321124158,0.83763125,1.6543234130092932,0.878925,1.502148430061478,0.8570861111111111,0.0743613420702704,22.61356403293594,29.627118594416608,-0.05214986405999733,0.01610723120084351,True,0.6526321028496954,1.0,0.6252624282684791,red,0.007147826775730641,0.008217771797566371,0.007740064358587168,,0.8963067038396167,1.11718759175505,1200,"{""h"": 72.0, ""patch_distance"": 6, ""patch_size"": 5}",120.0,0.86394375,1.5532346581480976,1.0,21260104,"NLM(0.6 sd): input ideal d'=1.73 < 5 (prespecified floor, Rose): the input does not meet the detectability requirement and post-processing cannot restore it.",False,21265104,
dose,120.0,6.25,0.0625,120.0,0.0,20.0,,TV(0.4 sd),tv,1.7329276368170845,0.8897811140599974,1.5841412472648266,0.8682222222222222,1.7223342268151811,0.887625,1.276954251538054,0.8189777777777778,0.02075590687963013,17.79699939262969,51.56255142129093,-0.02155889183777515,0.014594700178591175,True,0.8356548697676531,1.0,0.9106427391351765,red,0.0068930317846926424,0.007446058115997226,0.00863723672739899,,0.8963067038396167,1.5576135461096259,1200,"{""max_num_iter"": 200, ""weight"": 48.0}",120.0,0.86394375,1.5532346581480976,1.0,21260104,"TV(0.4 sd): input ideal d'=1.73 < 5 (prespecified floor, Rose): the input does not meet the detectability requirement and post-processing cannot restore it.",False,21265104,
dose,120.0,6.25,0.0625,120.0,0.0,20.0,,gaussian(1.5 px),gaussian,1.7329276368170845,0.8897811140599974,1.2500257071586038,0.8108555555555556,1.7254698983341215,0.8882472222222222,1.383941012675771,0.8360930555555556,0.1094391018484121,24.487056569595048,23.882021009953746,-0.07892555850444183,0.017266156743650368,True,0.520327803838152,1.0,0.8349995575086661,red,0.006874355845517993,0.008809071205080139,0.008253730130522588,,0.8963067038396167,1.4002059589274316,1200,"{""sigma"": 1.5}",120.0,0.86394375,1.5532346581480976,1.0,21260104,"gaussian(1.5 px): input ideal d'=1.73 < 5 (prespecified floor, Rose): the input does not meet the detectability requirement and post-processing cannot restore it.",False,21265104,
dose,120.0,6.25,0.0625,120.0,0.0,20.0,,raw,none,1.7329276368170845,0.8897811140599974,1.5532346581480976,0.86394375,1.7338285863558858,0.8894416666666667,1.0990365805733737,0.7841368055555555,0.002830170586928117,10.460852875358908,119.96157677042929,-0.02583736405999737,0.014819788942131748,True,0.8033657073478384,1.0,1.010425848228454,red,0.0068383290675921565,0.007560901432158158,0.00933178899872795,,0.8963067038396167,1.7975895182012929,1200,{},120.0,0.86394375,1.5532346581480976,1.0,21260104,"raw: input ideal d'=1.73 < 5 (prespecified floor, Rose): the input does not meet the detectability requirement and post-processing cannot restore it.",False,21265104,
signal,120.0,25.0,,60.0,,10.0,1.5,NLM(0.6 sd),nlm,0.8426561840065284,0.7243615801373218,0.4670816745844801,0.6300888888888889,0.6356660743916114,0.6794805555555555,0.5893433246135135,0.6632597222222222,0.27476015591281583,28.640896025692346,14.80344731159401,-0.09427269124843285,0.022138757673691,True,0.3072450060195646,1.0,0.34606404392347345,red,0.010841178148535075,0.011295137769810453,0.011007290107596993,0.5,0.6181668141059511,1.7615931813791657,1200,"{""h"": 36.0, ""patch_distance"": 6, ""patch_size"": 5}",60.0,0.6444840277777778,0.5209020886539938,1.0,21260104,"NLM(0.6 sd): input ideal d'=0.84 < 5 (prespecified floor, Rose): the input does not meet the detectability requirement and post-processing cannot restore it.",False,21263104,
signal,120.0,25.0,,60.0,,20.0,1.5,NLM(0.6 sd),nlm,1.6853123680130568,0.8833097279993577,1.1972281090972814,0.8001680555555556,1.4250980826888704,0.8546222222222222,1.3481112247615672,0.8327263888888888,0.27429372112600237,28.62204703847247,14.835433787585146,-0.0831416724438021,0.01769089381361942,True,0.5046531562606892,1.0,0.36657593575169045,red,0.007803009507401411,0.009025777773833097,0.008331552019966357,1.0,0.8548867752635576,0.8826114269995696,1200,"{""h"": 36.0, ""patch_distance"": 6, ""patch_size"": 5}",60.0,0.8456541666666667,1.4407512556024722,1.0,21260104,"NLM(0.6 sd): input ideal d'=1.69 < 5 (prespecified floor, Rose): the input does not meet the detectability requirement and post-processing cannot restore it.",False,21263204,
signal,120.0,25.0,,60.0,,10.0,3.0,NLM(0.6 sd),nlm,1.7329276368170845,0.8897811140599974,1.3323938173750196,0.8285569444444445,1.5978094325466239,0.8743416666666667,1.4000706279128754,0.8404465277777777,0.27733442429868604,28.639143456072755,14.806028068050331,-0.06122416961555288,0.01651590698483618,True,0.5911590761194425,1.0,0.6166322342130045,red,0.007277512958710542,0.008426283682078664,0.008151295496932899,0.5,0.8375685592198541,1.1022371946133198,1200,"{""h"": 36.0, ""patch_distance"": 6, ""patch_size"": 5}",60.0,0.8476104166666667,1.451445704001152,1.0,21260104,"NLM(0.6 sd): input ideal d'=1.73 < 5 (prespecified floor, Rose): the input does not meet the detectability requirement and post-processing cannot restore it.",False,21266104,
signal,120.0,25.0,,60.0,,20.0,3.0,NLM(0.6 sd),nlm,3.465855273634169,0.9928716529681852,2.8373317272551,0.9765979166666666,3.137985801076972,0.9876972222222222,2.9399339161654927,0.9828986111111111,0.28153630201780017,28.59030178464424,14.890207733587049,-0.016273736301518626,0.006152955115362778,True,0.6701922194480883,0.6575,0.6254254095144941,red,0.002271334969013451,0.0031389661848108337,0.0026803969425555417,1.0,0.9721966709705215,0.5519163388681717,1200,"{""h"": 36.0, ""patch_distance"": 6, ""patch_size"": 5}",60.0,0.9903763888888889,3.369492959092765,1.0,21260104,"NLM(0.6 sd): input ideal d'=3.47 < 5 (prespecified floor, Rose): the input does not meet the detectability requirement and post-processing cannot restore it.",False,21266204,
signal,120.0,25.0,,60.0,,10.0,5.0,NLM(0.6 sd),nlm,2.911006412451428,0.9802237584170569,2.5305493153672707,0.9625430555555555,2.6186886185877594,0.9671444444444445,2.017299898995737,0.9230291666666667,0.2835885306864858,28.621809758245327,14.83624587055679,-0.017680702861501363,0.007799371955655255,True,0.7556893231721611,0.935,0.7462726599656978,red,0.0037244796114959647,0.003978990212435424,0.005715879713465741,0.5,0.9287167951057067,0.6993415112611916,1200,"{""h"": 36.0, ""patch_distance"": 6, ""patch_size"": 5}",60.0,0.9719604166666667,2.7035005459040513,1.0,21260104,"NLM(0.6 sd): input ideal d'=2.91 < 5 (prespecified floor, Rose): the input does not meet the detectability requirement and post-processing cannot restore it.",False,21269104,
signal,120.0,25.0,,60.0,,20.0,5.0,NLM(0.6 sd),nlm,5.822012824902856,0.9999807902708996,5.287812021348994,0.9998965277777778,5.342426884445532,0.9999277777777777,4.33236027566977,0.9991180555555556,0.2935541041355378,28.558175088498647,14.94406271053247,-8.426249312176726e-05,0.00040783691557480013,True,0.8249083507743705,0.02666666666666667,0.7706726489090433,amber,0.00017354754770413,0.0002077295676562649,0.0006065833697909572,1.0,1.0206155922416404,0.3446585825298319,1200,"{""h"": 36.0, ""patch_distance"": 6, ""patch_size"": 5}",60.0,0.9999902777777778,5.9420370673266545,0.4033333333333333,21260104,NLM(0.6 sd): input ideal d'=5.82 is within 1.2x of the floor (5): marginal — small dose changes cross it.,False,21269204,
signal,120.0,25.0,,60.0,,10.0,1.5,TV(0.4 sd),tv,0.8426561840065284,0.7243615801373218,0.5517357430443562,0.6521868055555555,0.6556480777688309,0.6773166666666667,0.6351629716871173,0.6736034722222223,0.10226812581957102,23.802977486530196,25.825592313798683,-0.07217477458176624,0.02177791535157006,True,0.4287078292615154,1.0,0.7776045745282006,red,0.01086432080917046,0.011111031161236408,0.010903324371451107,0.5,0.6181668141059511,3.2354300989032923,1200,"{""max_num_iter"": 200, ""weight"": 24.0}",60.0,0.6444840277777778,0.5209020886539938,1.0,21260104,"TV(0.4 sd): input ideal d'=0.84 < 5 (prespecified floor, Rose): the input does not meet the detectability requirement and post-processing cannot restore it.",False,21263104,
signal,120.0,25.0,,60.0,,20.0,1.5,TV(0.4 sd),tv,1.6853123680130568,0.8833097279993577,1.4447232743724756,0.8463888888888889,1.6332162709823679,0.8799027777777778,1.4373030819161314,0.8474520833333333,0.10398008204828517,23.806676145332748,25.8145726011461,-0.03692083911046884,0.01569628687956905,True,0.7348666232028069,1.0,0.8224901908557526,red,0.007119764434764118,0.008008102474805372,0.007982062210823041,1.0,0.8548867752635576,1.624778785601772,1200,"{""max_num_iter"": 200, ""weight"": 24.0}",60.0,0.8456541666666667,1.4407512556024722,1.0,21260104,"TV(0.4 sd): input ideal d'=1.69 < 5 (prespecified floor, Rose): the input does not meet the detectability requirement and post-processing cannot restore it.",False,21263204,
signal,120.0,25.0,,60.0,,10.0,3.0,TV(0.4 sd),tv,1.7329276368170845,0.8897811140599974,1.4640805993784984,0.8501270833333333,1.6619996825816454,0.8807888888888888,1.2101463050873962,0.8024694444444445,0.10442266639615798,23.81474267350763,25.7903058065439,-0.03965403072666407,0.015515707312179295,True,0.7137877917909904,1.0,0.9055938631891203,red,0.007094210236980596,0.007915968349477488,0.008979993542780116,0.5,0.8375685592198541,1.5347846952349953,1200,"{""max_num_iter"": 200, ""weight"": 24.0}",60.0,0.8476104166666667,1.451445704001152,1.0,21260104,"TV(0.4 sd): input ideal d'=1.73 < 5 (prespecified floor, Rose): the input does not meet the detectability requirement and post-processing cannot restore it.",False,21266104,
signal,120.0,25.0,,60.0,,20.0,3.0,TV(0.4 sd),tv,3.465855273634169,0.9928716529681852,3.340132290686705,0.9895986111111111,3.4031416059663506,0.9908333333333333,2.708290708574359,0.9710659722222222,0.10917203673490936,23.806092822248775,25.816337300322267,-0.0032730418570741104,0.004092389602988464,True,0.9287663856496452,1.0,0.9067393819724178,red,0.001959303361260851,0.002087637931522614,0.0034932694343901894,1.0,0.9721966709705215,0.7729932651025225,1200,"{""max_num_iter"": 200, ""weight"": 24.0}",60.0,0.9903763888888889,3.369492959092765,1.0,21260104,"TV(0.4 sd): input ideal d'=3.47 < 5 (prespecified floor, Rose): the input does not meet the detectability requirement and post-processing cannot restore it.",False,21266204,
signal,120.0,25.0,,60.0,,10.0,5.0,TV(0.4 sd),tv,2.911006412451428,0.9802237584170569,2.7185268534540628,0.9730451388888889,2.8286928277763748,0.9769555555555556,1.5929973268764412,0.8701375,0.10793857082987007,23.80946016638045,25.80652348030041,-0.0071786195281680065,0.006607138810859047,True,0.8721294066174324,1.0,0.9388490271629164,red,0.0031147063356677315,0.0033706968181687995,0.007393858286321636,0.5,0.9287167951057067,0.8761139406181254,1200,"{""max_num_iter"": 200, ""weight"": 24.0}",60.0,0.9719604166666667,2.7035005459040513,1.0,21260104,"TV(0.4 sd): input ideal d'=2.91 < 5 (prespecified floor, Rose): the input does not meet the detectability requirement and post-processing cannot restore it.",False,21269104,
signal,120.0,25.0,,60.0,,20.0,5.0,TV(0.4 sd),tv,5.822012824902856,0.9999807902708996,5.895077493157534,0.9999875,5.796398729083953,0.9999722222222223,3.5389322240102774,0.9935833333333334,0.11839255537979634,23.800887990021973,25.83095912004085,6.70972910044032e-06,0.00014220202564627456,True,1.0252569485039709,0.18833333333333332,0.9494885490384273,amber,0.00010762843111213935,7.219907218603192e-05,0.0016382831392340147,1.0,1.0206155922416404,0.43344564541181796,1200,"{""max_num_iter"": 200, ""weight"": 24.0}",60.0,0.9999902777777778,5.9420370673266545,0.4033333333333333,21260104,TV(0.4 sd): input ideal d'=5.82 is within 1.2x of the floor (5): marginal — small dose changes cross it.,False,21269204,
signal,120.0,25.0,,60.0,,10.0,1.5,gaussian(1.5 px),gaussian,0.8426561840065284,0.7243615801373218,0.17457368132666623,0.5528458333333334,0.6520397023198009,0.6761222222222222,0.6673294144523864,0.6811770833333334,0.3238038024766656,30.498540072893412,11.953542982993534,-0.1715157468039884,0.02294596856541985,True,0.04291970377036671,1.0,0.6269921238867072,red,0.010876964862358384,0.011706987629346662,0.010822820338257943,0.5,0.6181668141059511,2.669752733800315,1200,"{""sigma"": 1.5}",60.0,0.6444840277777778,0.5209020886539938,1.0,21260104,"gaussian(1.5 px): input ideal d'=0.84 < 5 (prespecified floor, Rose): the input does not meet the detectability requirement and post-processing cannot restore it.",False,21263104,
signal,120.0,25.0,,60.0,,20.0,1.5,gaussian(1.5 px),gaussian,1.6853123680130568,0.8833097279993577,0.7985654151164111,0.7198152777777778,1.6486897344563904,0.8808638888888889,1.4811458472173848,0.8543020833333334,0.32537550974513996,30.48224162419614,11.97562303368129,-0.16349445022157993,0.020291572846329806,True,0.2245226601459331,1.0,0.6742120885963545,red,0.007092041954243624,0.010352679213463728,0.007811134060244012,1.0,0.8548867752635576,1.3357585271355088,1200,"{""sigma"": 1.5}",60.0,0.8456541666666667,1.4407512556024722,1.0,21260104,"gaussian(1.5 px): input ideal d'=1.69 < 5 (prespecified floor, Rose): the input does not meet the detectability requirement and post-processing cannot restore it.",False,21263204,
signal,120.0,25.0,,60.0,,10.0,3.0,gaussian(1.5 px),gaussian,1.7329276368170845,0.8897811140599974,0.9369803556622585,0.7553458333333334,1.6702263148127459,0.8817527777777778,1.3288818476163626,0.8249847222222222,0.3286579949944644,30.513587792187256,11.93239923074251,-0.134435280726664,0.019262858639073174,True,0.29234799228365715,1.0,0.8304943274475501,red,0.007066279362483913,0.009827815381591816,0.00850602640662776,0.5,0.8375685592198541,1.377121840939994,1200,"{""sigma"": 1.5}",60.0,0.8476104166666667,1.451445704001152,1.0,21260104,"gaussian(1.5 px): input ideal d'=1.73 < 5 (prespecified floor, Rose): the input does not meet the detectability requirement and post-processing cannot restore it.",False,21266104,
signal,120.0,25.0,,60.0,,20.0,3.0,gaussian(1.5 px),gaussian,3.465855273634169,0.9928716529681852,2.6446372894286845,0.9661895833333334,3.396813988950674,0.9909555555555556,2.846239398970345,0.9765694444444445,0.33528095600763,30.480025639757308,11.978470490645838,-0.026682069634851868,0.007406767810010257,True,0.5822525339151232,0.9808333333333333,0.8287003497144398,red,0.0019461465401577514,0.0037786782940829396,0.0031408896804140315,1.0,0.9721966709705215,0.6959487922946632,1200,"{""sigma"": 1.5}",60.0,0.9903763888888889,3.369492959092765,1.0,21260104,"gaussian(1.5 px): input ideal d'=3.47 < 5 (prespecified floor, Rose): the input does not meet the detectability requirement and post-processing cannot restore it.",False,21266204,
signal,120.0,25.0,,60.0,,10.0,5.0,gaussian(1.5 px),gaussian,2.911006412451428,0.9802237584170569,2.17614654919645,0.9387486111111111,2.8319763926006067,0.9771333333333333,1.8373035824957948,0.9030826388888888,0.33854642138313845,30.49847490118318,11.953470127863325,-0.041475147305945814,0.009991727899216745,True,0.5588431778041096,0.9958333333333333,0.8929129740761357,red,0.003102578091991643,0.005097559717209244,0.006409535486644285,0.5,0.9287167951057067,0.8056471093651574,1200,"{""sigma"": 1.5}",60.0,0.9719604166666667,2.7035005459040513,1.0,21260104,"gaussian(1.5 px): input ideal d'=2.91 < 5 (prespecified floor, Rose): the input does not meet the detectability requirement and post-processing cannot restore it.",False,21269104,
signal,120.0,25.0,,60.0,,20.0,5.0,gaussian(1.5 px),gaussian,5.822012824902856,0.9999807902708996,5.619558150389695,0.9999680555555556,5.7959938549407,0.9999694444444445,3.972666487178218,0.9977104166666667,0.3547599496058025,30.45558617064126,12.012011701084385,-1.2734715344020486e-05,0.00022691104447259506,True,0.9316612308969514,0.1,0.9015099082800674,amber,0.00011288172882808392,0.0001154187535141045,0.0009776793602547657,1.0,1.0206155922416404,0.398244505697083,1200,"{""sigma"": 1.5}",60.0,0.9999902777777778,5.9420370673266545,0.4033333333333333,21260104,gaussian(1.5 px): input ideal d'=5.82 is within 1.2x of the floor (5): marginal — small dose changes cross it.,False,21269204,
signal,120.0,25.0,,60.0,,10.0,1.5,raw,none,0.8426561840065284,0.7243615801373218,0.5209020886539938,0.6444840277777778,0.6659569748495024,0.680225,0.5884295849880089,0.6604833333333333,0.01683331758663525,16.478356779728955,60.00252016325271,-0.07987755235954397,0.021910443225148516,True,0.3821302100619015,1.0,0.9591062418461116,red,0.010833145799287763,0.011178648665753747,0.011034031219773496,0.5,0.6181668141059511,3.9968554134965553,1200,{},60.0,0.6444840277777778,0.5209020886539938,1.0,21260104,"raw: input ideal d'=0.84 < 5 (prespecified floor, Rose): the input does not meet the detectability requirement and post-processing cannot restore it.",False,21263104,
signal,120.0,25.0,,60.0,,20.0,1.5,raw,none,1.6853123680130568,0.8833097279993577,1.4407512556024722,0.8456541666666667,1.656331246104611,0.882025,1.3887660648686126,0.8384736111111111,0.01734605684090446,16.47971977867557,59.99298032351534,-0.03765556133269099,0.01573140896045743,True,0.7308313985205245,1.0,1.004609622226291,red,0.007058365706317752,0.00802602223310982,0.008197971794454513,1.0,0.8548867752635576,2.0061893312351313,1200,{},60.0,0.8456541666666667,1.4407512556024722,1.0,21260104,"raw: input ideal d'=1.69 < 5 (prespecified floor, Rose): the input does not meet the detectability requirement and post-processing cannot restore it.",False,21263204,
signal,120.0,25.0,,60.0,,10.0,3.0,raw,none,1.7329276368170845,0.8897811140599974,1.451445704001152,0.8476104166666667,1.6729130126309135,0.8822527777777778,1.0441093081765784,0.7690034722222222,0.0172319102743989,16.480580879939815,59.986948481631465,-0.04217069739333068,0.01563762647582067,True,0.7015210913936222,1.0,1.0018989424039906,red,0.00705173543888656,0.007978173147424314,0.009600787699343515,0.5,0.8375685592198541,1.7772513117470805,1200,{},60.0,0.8476104166666667,1.451445704001152,1.0,21260104,"raw: input ideal d'=1.73 < 5 (prespecified floor, Rose): the input does not meet the detectability requirement and post-processing cannot restore it.",False,21266104,
signal,120.0,25.0,,60.0,,20.0,3.0,raw,none,3.465855273634169,0.9928716529681852,3.369492959092765,0.9903763888888889,3.416529909860637,0.9911333333333333,2.453217265123215,0.9571868055555556,0.018686002507994914,16.47960174794652,59.993879798683786,-0.0024952640792963443,0.003935791014331922,True,0.9451663670461645,1.0,1.0035046441823137,red,0.0019268512803023211,0.002007739224254638,0.004256407257008916,1.0,0.9721966709705215,0.8927155513490106,1200,{},60.0,0.9903763888888889,3.369492959092765,1.0,21260104,"raw: input ideal d'=3.47 < 5 (prespecified floor, Rose): the input does not meet the detectability requirement and post-processing cannot restore it.",False,21266204,
signal,120.0,25.0,,60.0,,10.0,5.0,raw,none,2.911006412451428,0.9802237584170569,2.7035005459040513,0.9719604166666667,2.828860268512121,0.977075,1.3286574204433668,0.8251236111111111,0.017918189696520148,16.47994019314152,59.99172804419674,-0.00826334175039023,0.006739843462971751,True,0.8625148855114152,1.0,0.9959690570276976,red,0.0031065627732563706,0.0034384045174732057,0.008502950135975879,0.5,0.9287167951057067,0.9840545244685143,1200,{},60.0,0.9719604166666667,2.7035005459040513,1.0,21260104,"raw: input ideal d'=2.91 < 5 (prespecified floor, Rose): the input does not meet the detectability requirement and post-processing cannot restore it.",False,21269104,
signal,120.0,25.0,,60.0,,20.0,5.0,raw,none,5.822012824902856,0.9999807902708996,5.9420370673266545,0.9999902777777778,5.798910308069735,0.9999694444444445,3.0353487048689143,0.9837875,0.020829297931414862,16.4800818238469,59.990309083285695,9.487506878236296e-06,0.00012549231438977598,True,1.0416561871267545,0.4033333333333333,1.008142638719261,amber,0.00011288172882808392,6.367355264164098e-05,0.0026093740443124467,1.0,1.0206155922416404,0.4871377724109773,1200,{},60.0,0.9999902777777778,5.9420370673266545,0.4033333333333333,21260104,raw: input ideal d'=5.82 is within 1.2x of the floor (5): marginal — small dose changes cross it.,False,21269204,
texture,120.0,25.0,,60.0,0.0,,,NLM(0.6 sd),nlm,3.465855273634169,0.9928716529681852,2.8555253900648525,0.9778194444444445,3.238699789378666,0.991125,2.9640732121567854,0.9843743055555556,0.28144685554925575,28.59083747437202,14.888978380067693,-0.015052208523740784,0.005989030318324473,True,0.6788146474784932,0.6691666666666667,0.629850246252709,red,0.0019277599989410534,0.003055329547438248,0.0025614315129746817,,0.9484050963557605,0.5496989896884571,1200,"{""h"": 36.0, ""patch_distance"": 6, ""patch_size"": 5}",60.0,0.9890548611111111,3.287034804746135,1.0,21260104,"NLM(0.6 sd): input ideal d'=3.47 < 5 (prespecified floor, Rose): the input does not meet the detectability requirement and post-processing cannot restore it.",False,21262104,0.0
texture,120.0,25.0,,60.0,0.25,,,NLM(0.6 sd),nlm,3.7547370518688785,0.9960345799373341,2.575736238619901,0.9664027777777778,3.040452501945423,0.9842777777777778,2.8976528273196807,0.9811826388888889,0.6047307741508167,36.94411342864612,5.706078743325136,-0.029631802159556297,0.007383180109702395,True,0.47059111127193637,0.37083333333333335,0.5568705683223418,red,0.002569378141932748,0.003766643531967963,0.002812538367213834,,0.9332633298784022,0.4797938631068072,1200,"{""h"": 36.0, ""patch_distance"": 6, ""patch_size"": 5}",33.50001999239478,0.9925958333333333,3.5041584038449645,1.0,21260104,"NLM(0.6 sd): input ideal d'=3.75 < 5 (prespecified floor, Rose): the input does not meet the detectability requirement and post-processing cannot restore it.",False,21264104,6.0
texture,120.0,25.0,,60.0,0.5,,,NLM(0.6 sd),nlm,6.154588910664027,0.9999932534459398,2.310352944276255,0.9496173611111111,3.2276283340165923,0.9891916666666667,3.003065740521165,0.9855013888888889,0.6440234466191879,38.14438165973996,4.975602166427504,-0.050375892334828754,0.009056446531153598,True,0.1409154335431359,0.2375,0.5070331688823064,amber,0.0021282653042206576,0.004620366577212526,0.0024667894382163704,,0.9426511327510451,0.4402337179525985,1200,"{""h"": 36.0, ""patch_distance"": 6, ""patch_size"": 5}",17.95755117152193,0.9999631944444445,5.8016302082544655,1.0,21260104,NLM(0.6 sd): task d' fell 60% against the unprocessed input (5.80 -> 2.31) while fidelity improved: fidelity-task discordance.,True,21266104,6.0
texture,120.0,25.0,,60.0,1.0,,,NLM(0.6 sd),nlm,9.97053385555633,0.9999999999991069,2.6517350840882865,0.9694298611111111,3.9441616400275272,0.9968666666666667,3.3289352281548537,0.9901854166666667,0.6720541619981142,39.011580487958106,4.503467793764745,-0.030570138887995868,0.007039915816767462,True,0.07073322248820889,0.12,0.5000600422888728,amber,0.001143954765452025,0.0035915054704308332,0.002027644373089661,,0.950106602756116,0.40566698176522276,1200,"{""h"": 36.0, ""patch_distance"": 6, ""patch_size"": 5}",10.3739926928523,1.0,9.473070049167463,0.9091666666666667,21260104,NLM(0.6 sd): task d' fell 72% against the unprocessed input (9.47 -> 2.65) while fidelity improved: fidelity-task discordance.,True,21268104,6.0
texture,120.0,25.0,,60.0,0.0,,,TV(0.4 sd),tv,3.465855273634169,0.9928716529681852,3.300008021303432,0.9892145833333333,3.4306129860393813,0.992125,2.7345797980984394,0.97421875,0.10948512430770596,23.805688456431497,25.81759567285782,-0.003657069634851906,0.004167573398659597,True,0.9065862832525201,1.0,0.9200579736274029,red,0.001815514960646214,0.0021259977158166994,0.003295910120926248,,0.9484050963557605,0.7735115799092629,1200,"{""max_num_iter"": 200, ""weight"": 24.0}",60.0,0.9890548611111111,3.287034804746135,1.0,21260104,"TV(0.4 sd): input ideal d'=3.47 < 5 (prespecified floor, Rose): the input does not meet the detectability requirement and post-processing cannot restore it.",False,21262104,0.0
texture,120.0,25.0,,60.0,0.25,,,TV(0.4 sd),tv,3.7547370518688785,0.9960345799373341,3.1560239039058966,0.9874534722222222,3.202970981194432,0.9876388888888888,2.8354268249977324,0.9785145833333333,0.35496021297057045,30.6829044885751,11.706654129955798,-0.00858110771511189,0.004496534503824486,True,0.706515202443609,0.9491666666666667,0.8049929755126444,red,0.0022767402199581144,0.0022938380984766325,0.003006719528013011,,0.9332633298784022,0.6609424424570464,1200,"{""max_num_iter"": 200, ""weight"": 24.0}",33.50001999239478,0.9925958333333333,3.5041584038449645,1.0,21260104,"TV(0.4 sd): input ideal d'=3.75 < 5 (prespecified floor, Rose): the input does not meet the detectability requirement and post-processing cannot restore it.",False,21264104,6.0
texture,120.0,25.0,,60.0,0.5,,,TV(0.4 sd),tv,6.154588910664027,0.9999932534459398,3.3634467053961576,0.9948125,3.2766111172830863,0.9918416666666666,2.8488160366708852,0.9839034722222222,0.4721908943752516,33.820317696169646,8.35442276165328,-0.005180753445939823,0.0028869873260828414,True,0.29865583290888975,0.7341666666666666,0.7797114678339646,amber,0.0018480007244147134,0.0014726254688377475,0.0025999676860730147,,0.9426511327510451,0.5848150429123933,1200,"{""max_num_iter"": 200, ""weight"": 24.0}",17.95755117152193,0.9999631944444445,5.8016302082544655,1.0,21260104,TV(0.4 sd): task d' fell 42% against the unprocessed input (5.80 -> 3.36) while fidelity improved: fidelity-task discordance.,True,21266104,6.0
texture,120.0,25.0,,60.0,1.0,,,TV(0.4 sd),tv,9.97053385555633,0.9999999999991069,3.91322237093483,0.9999305555555555,4.1632635569208585,0.9990861111111111,3.6010937371670244,0.9956652777777778,0.6086171933381709,37.49974015723999,5.358875073393171,-6.94444435513919e-05,0.00033423573353420994,True,0.1540395460928805,0.4216666666666667,0.7082350407277019,amber,0.0006174758640391576,0.00017017725413359463,0.001345886715910639,,0.950106602756116,0.4884286964973046,1200,"{""max_num_iter"": 200, ""weight"": 24.0}",10.3739926928523,1.0,9.473070049167463,0.9091666666666667,21260104,TV(0.4 sd): task d' fell 59% against the unprocessed input (9.47 -> 3.91) while fidelity improved: fidelity-task discordance.,True,21268104,6.0
texture,120.0,25.0,,60.0,0.0,,,gaussian(1.5 px),gaussian,3.465855273634169,0.9928716529681852,2.773002241271009,0.9747048611111111,3.4213295094851963,0.99205,2.867122678669401,0.9791243055555555,0.3365950256366652,30.495325366049165,11.957542896928578,-0.01816679185707415,0.006398885209313419,True,0.6401468223347544,0.975,0.8428183660056131,red,0.0018241697042380828,0.0032644430282071954,0.00296344116492135,,0.9484050963557605,0.6951569222865124,1200,"{""sigma"": 1.5}",60.0,0.9890548611111111,3.287034804746135,1.0,21260104,"gaussian(1.5 px): input ideal d'=3.47 < 5 (prespecified floor, Rose): the input does not meet the detectability requirement and post-processing cannot restore it.",False,21262104,0.0
texture,120.0,25.0,,60.0,0.25,,,gaussian(1.5 px),gaussian,3.7547370518688785,0.9960345799373341,2.759284351021484,0.9737784722222222,3.2565173329704398,0.9884111111111111,2.825451553248018,0.9772361111111111,0.35307169726340515,31.066932613520716,11.196844322204209,-0.022256107715111884,0.0065159263317509895,True,0.5400498616681091,0.97,0.8265045334938708,red,0.0022041305455767733,0.0033241589838884098,0.0030955452657320595,,0.9332633298784022,0.6850210507473492,1200,"{""sigma"": 1.5}",33.50001999239478,0.9925958333333333,3.5041584038449645,1.0,21260104,"gaussian(1.5 px): input ideal d'=3.75 < 5 (prespecified floor, Rose): the input does not meet the detectability requirement and post-processing cannot restore it.",False,21264104,6.0
texture,120.0,25.0,,60.0,0.5,,,gaussian(1.5 px),gaussian,6.154588910664027,0.9999932534459398,2.8143260421837772,0.9754798611111111,3.5150032705025147,0.9939666666666667,3.0037669011001187,0.9848270833333334,0.4037585109246157,32.356125400010775,9.655619891604683,-0.024513392334828743,0.006299338428455394,True,0.20909840443000996,0.9375,0.8297347249778085,amber,0.0015884568470914706,0.0032136529210199014,0.0025238295205864693,,0.9426511327510451,0.6495043387803201,1200,"{""sigma"": 1.5}",17.95755117152193,0.9999631944444445,5.8016302082544655,1.0,21260104,gaussian(1.5 px): task d' fell 51% against the unprocessed input (5.80 -> 2.81) while fidelity improved: fidelity-task discordance.,True,21266104,6.0
texture,120.0,25.0,,60.0,1.0,,,gaussian(1.5 px),gaussian,9.97053385555633,0.9999999999991069,4.35965666971512,0.9989263888888888,4.575030881424932,0.9991166666666667,3.7560094661073737,0.9963520833333334,0.5159276350832015,35.17182290616221,6.988887812233073,-0.0010736111102180868,0.0013124770466791497,True,0.191191135879097,0.7675,0.8241614051200237,amber,0.0006070610134580099,0.0006692891362197873,0.0012344704264502702,,0.950106602756116,0.5766753081225048,1200,"{""sigma"": 1.5}",10.3739926928523,1.0,9.473070049167463,0.9091666666666667,21260104,gaussian(1.5 px): task d' fell 54% against the unprocessed input (9.47 -> 4.36) while fidelity improved: fidelity-task discordance.,True,21268104,6.0
texture,120.0,25.0,,60.0,0.0,,,raw,none,3.465855273634169,0.9928716529681852,3.287034804746135,0.9890548611111111,3.4392385794469904,0.9922833333333333,2.478664365144964,0.96,0.01871876021421362,16.479294931294667,59.996035676428946,-0.0038167918570741755,0.004198453149596533,True,0.8994722267935794,1.0,1.0129227226393025,red,0.0017971087244685457,0.002141752980291206,0.004113006007736375,,0.9484050963557605,0.8932280992341888,1200,{},60.0,0.9890548611111111,3.287034804746135,1.0,21260104,"raw: input ideal d'=3.47 < 5 (prespecified floor, Rose): the input does not meet the detectability requirement and post-processing cannot restore it.",False,21262104,0.0
texture,120.0,25.0,,60.0,0.25,,,raw,none,3.7547370518688785,0.9960345799373341,3.5041584038449645,0.9925958333333333,3.2809426893056712,0.9889527777777778,2.565337121392075,0.9647076388888889,0.05944897993760961,21.53670193842925,33.517455808421815,-0.0034387466040007864,0.0034506683200366543,True,0.8709804428957234,1.0,0.9988640013291065,red,0.002151763201424053,0.0017602230973656474,0.003861316239929588,,0.9332633298784022,0.8406158514648695,1200,{},33.50001999239478,0.9925958333333333,3.5041584038449645,1.0,21260104,"raw: input ideal d'=3.75 < 5 (prespecified floor, Rose): the input does not meet the detectability requirement and post-processing cannot restore it.",False,21264104,6.0
texture,120.0,25.0,,60.0,0.5,,,raw,none,6.154588910664027,0.9999932534459398,5.8016302082544655,0.9999631944444445,3.5440380114791408,0.9943694444444444,2.9651173216911464,0.9826222222222222,0.18343927004154642,26.970293592597564,17.933990059067582,-3.0059001495330584e-05,0.0002435141983394753,True,0.8885911580768284,1.0,1.0032019871775435,green,0.0015343794204534472,0.0001238899060443774,0.0027021080002256575,,0.9426511327510451,0.7532187620524398,1200,{},17.95755117152193,0.9999631944444445,5.8016302082544655,1.0,21260104,raw: input ideal d'=6.15 meets the floor and the processed task d'=5.80 follows it; no excess false structure or erasure.,True,21266104,6.0
texture,120.0,25.0,,60.0,1.0,,,raw,none,9.97053385555633,0.9999999999991069,9.473070049167463,1.0,4.832927082330674,0.9995138888888889,4.462564559214212,0.9991798611111111,0.3737816119242508,31.726344499273793,10.376580890064037,8.930634010084759e-13,6.944444444444445e-07,True,0.902702556600768,0.9091666666666667,0.9959416397257016,green,0.0004502931606355802,0.0,0.0005849341791532565,,0.950106602756116,0.635472981294954,1200,{},10.3739926928523,1.0,9.473070049167463,0.9091666666666667,21260104,raw: input ideal d'=9.97 meets the floor and the processed task d'=9.47 follows it; no excess false structure or erasure.,True,21268104,6.0
atlas_demo,120.0,12.0,0.12,86.60254037844388,,20.0,,gaussian(1.5 px),gaussian,2.4012149702459653,0.9552381337941949,1.153148251804851,0.80450625,2.308967147169811,0.94765,1.8852180054044794,0.90601875,0.19801182666526812,27.29339633496059,17.287158206584483,-0.1507318837941949,0.03036843353089787,True,0.23062596744742034,1.0,0.8370468759111895,red,0.008164465063561879,0.015491194619080198,0.010941145396786554,,0.807139331486266,1.0164072666984125,400,"{""sigma"": 1.5}",86.60254037844388,0.91558125,1.9381150458391425,1.0,22260107,"gaussian(1.5 px): input ideal d'=2.40 < 5 (prespecified floor, Rose): the input does not meet the detectability requirement and post-processing cannot restore it.",False,22272107,
atlas_demo,80.0,12.0,0.12,129.9038105676658,,36.742346141747674,,gaussian(1.5 px),gaussian,2.9408758377279614,0.9812148992675147,1.7429476234244077,0.89234375,2.611072096674891,0.96775,2.226519639277421,0.94371875,0.10107554779885934,23.773403827982012,25.925418454907057,-0.08887114926751472,0.022934707973009248,True,0.3512491602380643,1.0,0.8289038659455132,red,0.006395604555387617,0.011698407804360694,0.008467457727547142,,0.8324088589385114,0.82065859133589,400,"{""sigma"": 1.5}",129.9038105676658,0.96149375,2.448011100362971,1.0,22260107,"gaussian(1.5 px): input ideal d'=2.94 < 5 (prespecified floor, Rose): the input does not meet the detectability requirement and post-processing cannot restore it.",False,22276107,
atlas_demo,120.0,12.0,0.12,86.60254037844388,,20.0,,raw,none,2.4012149702459653,0.9552381337941949,1.9381150458391425,0.91558125,2.3135523558249442,0.94805,1.469487108312012,0.84901875,0.007012943186791938,13.285535953176863,86.65918697186636,-0.03965688379419485,0.02033840742479911,True,0.6514739004320964,1.0,1.0055055764687584,red,0.008132997693427024,0.010373740326443023,0.013766414536310728,,0.807139331486266,1.306174469805179,400,{},86.60254037844388,0.91558125,1.9381150458391425,1.0,22260107,"raw: input ideal d'=2.40 < 5 (prespecified floor, Rose): the input does not meet the detectability requirement and post-processing cannot restore it.",False,22272107,
atlas_demo,80.0,12.0,0.12,129.9038105676658,,36.742346141747674,,raw,none,2.9408758377279614,0.9812148992675147,2.448011100362971,0.96149375,2.63106350463065,0.968275,1.901123062759996,0.91151875,0.0030190241675806654,9.771817814423983,129.8659808784887,-0.01972114926751467,0.013713702640921305,True,0.6929045084393145,1.0,1.000915704657842,red,0.006342896217659749,0.006993726797555437,0.010618938173398524,,0.8324088589385114,1.0538657169792176,400,{},129.9038105676658,0.96149375,2.448011100362971,1.0,22260107,"raw: input ideal d'=2.94 < 5 (prespecified floor, Rose): the input does not meet the detectability requirement and post-processing cannot restore it.",False,22276107,
atlas_demo,120.0,200.0,2.0,21.213203435596427,,20.0,,gaussian(1.5 px),gaussian,9.802919066391512,0.9999999999979211,9.357470563390109,1.0,9.431055640680018,1.0,7.885161010850989,1.0,0.7582666629780674,39.320777168219756,4.328388501741812,2.0788926136106056e-12,6.25e-06,True,0.9111840417429241,0.0,0.8348264559283451,green,0.0,0.0,0.0,,1.0064370160374925,0.24889337230420885,400,"{""sigma"": 1.5}",21.213203435596427,1.0,9.866020613636115,0.0,22260107,gaussian(1.5 px): input ideal d'=9.80 meets the floor and the processed task d'=9.36 follows it; no excess false structure or erasure.,True,22264107,
atlas_demo,120.0,200.0,2.0,21.213203435596427,,20.0,,raw,none,9.802919066391512,0.9999999999979211,9.866020613636115,1.0,9.486829955256336,1.0,6.922980358184242,1.0,0.1945603163289944,25.505700667934907,21.222590575038712,2.0788926136106056e-12,6.25e-06,True,1.012915467250452,0.0,1.0084987632567517,green,0.0,0.0,0.0,,1.0064370160374925,0.3206173087504732,400,{},21.213203435596427,1.0,9.866020613636115,0.0,22260107,raw: input ideal d'=9.80 meets the floor and the processed task d'=9.87 follows it; no excess false structure or erasure.,True,22264107,
atlas_demo,120.0,50.0,0.5,42.42640687119285,,20.0,,gaussian(1.5 px),gaussian,4.901459533195756,0.9997357261459661,3.861195796521549,0.9971375,4.772136259182296,0.99985,4.04420713785801,0.9986125,0.48726027247359044,33.45505822053452,8.504880155882077,-0.002598226145966054,0.0037208953202342216,True,0.6205729004153484,0.4025,0.8179124101171334,red,0.00043356962640452934,0.0018952620300856904,0.0013190476296090158,,0.9154924725379878,0.4912311415162878,400,"{""sigma"": 1.5}",42.42640687119285,0.99951875,4.487249307090274,0.965,22260107,"gaussian(1.5 px): input ideal d'=4.90 < 5 (prespecified floor, Rose): the input does not meet the detectability requirement and post-processing cannot restore it.",False,22268107,
atlas_demo,120.0,50.0,0.5,42.42640687119285,,20.0,,raw,none,4.901459533195756,0.9997357261459661,4.487249307090274,0.99951875,4.805532829772404,0.9999,3.439691726781404,0.99368125,0.04437518621683594,19.488016089460412,42.43104526567123,-0.00021697614596605241,0.0015284858125628774,True,0.8381264672737184,0.965,0.9887500325536643,red,0.00035400376721100293,0.0007766651961822153,0.002818094091415371,,0.9154924725379878,0.6331374874637611,400,{},42.42640687119285,0.99951875,4.487249307090274,0.965,22260107,"raw: input ideal d'=4.90 < 5 (prespecified floor, Rose): the input does not meet the detectability requirement and post-processing cannot restore it.",False,22268107,
dose,120.0,100.0,1.0,30.0,0.0,20.0,,NLM(0.6 sd),nlm,6.931710547268338,0.9999995243637675,5.786902051119774,0.9999993055555556,5.820972784340478,1.0,5.32566203530222,0.9999833333333333,0.6115244644256062,34.49291922855811,7.5464538362065,-2.1880821188258182e-07,3.404800325296122e-05,True,0.696965730639198,0.0016666666666666668,0.6737634945225128,green,0.0,1.7017434540433082e-05,8.33683939114832e-05,,0.9803281416847874,0.27977704312299856,1200,"{""h"": 18.0, ""patch_distance"": 6, ""patch_size"": 5}",30.0,1.0,6.795350919500411,0.20666666666666667,22260107,NLM(0.6 sd): input ideal d'=6.93 meets the floor and the processed task d'=5.79 follows it; no excess false structure or erasure.,True,22261107,
dose,120.0,100.0,1.0,30.0,0.0,20.0,,TV(0.4 sd),tv,6.931710547268338,0.9999995243637675,6.726444912386026,1.0,6.648960866349831,0.9999972222222222,5.346651191070009,0.9998479166666666,0.36281400031172806,29.81155910567118,12.930640014504418,4.756362325109009e-07,6.944444444444445e-07,True,0.9416518003972241,0.050833333333333335,0.9108216013959942,green,3.403488672524557e-05,0.0,0.00025184450621891383,,0.9803281416847874,0.39064735120020194,1200,"{""max_num_iter"": 200, ""weight"": 12.0}",30.0,1.0,6.795350919500411,0.20666666666666667,22260107,TV(0.4 sd): input ideal d'=6.93 meets the floor and the processed task d'=6.73 follows it; no excess false structure or erasure.,True,22261107,
dose,120.0,100.0,1.0,30.0,0.0,20.0,,gaussian(1.5 px),gaussian,6.931710547268338,0.9999995243637675,6.243811799141602,0.9999972222222222,6.63286774914444,1.0,5.602728583393475,0.9999263888888889,0.6334516554222781,36.415509293208004,6.048077982277368,-2.3021415452850746e-06,6.740159664382614e-05,True,0.8113696708724356,0.014166666666666666,0.8277899429091509,green,0.0,3.403488672524557e-05,0.00017520838809182205,,0.9803281416847874,0.35139266073203335,1200,"{""sigma"": 1.5}",30.0,1.0,6.795350919500411,0.20666666666666667,22260107,gaussian(1.5 px): input ideal d'=6.93 meets the floor and the processed task d'=6.24 follows it; no excess false structure or erasure.,True,22261107,
dose,120.0,100.0,1.0,30.0,0.0,20.0,,raw,none,6.931710547268338,0.9999995243637675,6.795350919500411,1.0,6.669563034071837,1.0,4.90221219523536,0.9996319444444445,0.09778586464128762,22.504091404245433,29.98354835072702,4.756362325109009e-07,6.944444444444445e-07,True,0.9610432653791486,0.20666666666666667,1.0009940041371927,green,0.0,0.0,0.0003918064637077622,,0.9803281416847874,0.4510390613369235,1200,{},30.0,1.0,6.795350919500411,0.20666666666666667,22260107,raw: input ideal d'=6.93 meets the floor and the processed task d'=6.80 follows it; no excess false structure or erasure.,True,22261107,
dose,120.0,12.500000000000002,0.12500000000000003,84.85281374238569,0.0,20.0,,NLM(0.6 sd),nlm,2.450729766597878,0.9584457342995427,1.978629894309913,0.9188763888888889,2.0813706010396964,0.9308416666666667,1.9966025523438045,0.9240847222222223,0.15454952503206326,25.613874784524384,20.97537157860843,-0.03956934541065382,0.011501288412990546,True,0.6518359083643156,0.9933333333333333,0.611925168279297,red,0.005417815373341394,0.005867757805378732,0.0056765781439804975,,0.909898022613212,0.7826919163565511,1200,"{""h"": 50.911688245431414, ""patch_distance"": 6, ""patch_size"": 5}",84.85281374238569,0.9410326388888889,2.2299141685867476,1.0,22260107,"NLM(0.6 sd): input ideal d'=2.45 < 5 (prespecified floor, Rose): the input does not meet the detectability requirement and post-processing cannot restore it.",False,22264107,
dose,120.0,12.500000000000002,0.12500000000000003,84.85281374238569,0.0,20.0,,TV(0.4 sd),tv,2.450729766597878,0.9584457342995427,2.2447498904143384,0.9420868055555556,2.177269708813695,0.9388388888888889,1.7635751831035729,0.8958465277777777,0.04974540856893422,20.80100600180235,36.487584962283414,-0.016358928743987144,0.009714189586332621,True,0.8389673630919919,1.0,0.9011793491325543,red,0.00509378314290579,0.004955955935163599,0.006641087015910049,,0.909898022613212,1.0941123667830022,1200,"{""max_num_iter"": 200, ""weight"": 33.94112549695428}",84.85281374238569,0.9410326388888889,2.2299141685867476,1.0,22260107,"TV(0.4 sd): input ideal d'=2.45 < 5 (prespecified floor, Rose): the input does not meet the detectability requirement and post-processing cannot restore it.",False,22264107,
dose,120.0,12.500000000000002,0.12500000000000003,84.85281374238569,0.0,20.0,,gaussian(1.5 px),gaussian,2.450729766597878,0.9584457342995427,1.2795897642587035,0.8185173611111111,2.1778353860421094,0.9382888888888888,1.8889136920229304,0.9108493055555555,0.2038648980755461,27.476591925072512,16.92783527588605,-0.13992837318843165,0.01694879121211347,True,0.27261557442471196,1.0,0.8246295084090846,red,0.005116746854632554,0.008647147040125968,0.006149781029580217,,0.909898022613212,0.9803544143069265,1200,"{""sigma"": 1.5}",84.85281374238569,0.9410326388888889,2.2299141685867476,1.0,22260107,"gaussian(1.5 px): input ideal d'=2.45 < 5 (prespecified floor, Rose): the input does not meet the detectability requirement and post-processing cannot restore it.",False,22264107,
dose,120.0,12.500000000000002,0.12500000000000003,84.85281374238569,0.0,20.0,,raw,none,2.450729766597878,0.9584457342995427,2.2299141685867476,0.9410326388888889,2.1836046020357824,0.9388138888888888,1.5859113464167418,0.8704243055555556,0.007418479019200071,13.472092159013782,84.81689163521835,-0.017413095410653834,0.00980269993111332,True,0.8279144115554332,1.0,1.0027353621382045,red,0.0050948292508026195,0.0050011151041477525,0.007385998760444945,,0.909898022613212,1.2647066149176134,1200,{},84.85281374238569,0.9410326388888889,2.2299141685867476,1.0,22260107,"raw: input ideal d'=2.45 < 5 (prespecified floor, Rose): the input does not meet the detectability requirement and post-processing cannot restore it.",False,22264107,
dose,120.0,200.0,2.0,21.213203435596427,0.0,20.0,,NLM(0.6 sd),nlm,9.802919066391512,0.9999999999979211,8.193651462854374,1.0,8.584973664628205,1.0,7.2504779182887695,1.0,0.7522614732256666,37.382971448061134,5.410815603674066,2.0788926136106056e-12,6.944444444444445e-07,True,0.6986250251800787,0.0,0.7337361604406558,green,0.0,0.0,0.0,,1.0101936451594424,0.19504842646777173,1200,"{""h"": 12.727922061357855, ""patch_distance"": 6, ""patch_size"": 5}",21.213203435596427,1.0,9.90284654488104,0.0008333333333333334,22260107,NLM(0.6 sd): input ideal d'=9.80 meets the floor and the processed task d'=8.19 follows it; no excess false structure or erasure.,True,22260107,
dose,120.0,200.0,2.0,21.213203435596427,0.0,20.0,,TV(0.4 sd),tv,9.802919066391512,0.9999999999979211,9.7313657966057,1.0,9.738006888795425,1.0,7.666294097376273,1.0,0.535199690958449,32.79983746609082,9.166613015555782,2.0788926136106056e-12,6.944444444444445e-07,True,0.9854549182322597,0.0008333333333333334,0.91761659538701,green,0.0,0.0,0.0,,1.0101936451594424,0.27135617082946045,1200,"{""max_num_iter"": 200, ""weight"": 8.485281374238571}",21.213203435596427,1.0,9.90284654488104,0.0008333333333333334,22260107,TV(0.4 sd): input ideal d'=9.80 meets the floor and the processed task d'=9.73 follows it; no excess false structure or erasure.,True,22260107,
dose,120.0,200.0,2.0,21.213203435596427,0.0,20.0,,gaussian(1.5 px),gaussian,9.802919066391512,0.9999999999979211,9.245392501055262,1.0,9.737669313293704,1.0,8.156383151196632,1.0,0.7577191259777226,39.32049651257374,4.328903346924552,2.0788926136106056e-12,6.944444444444445e-07,True,0.8894875473185371,0.0,0.8289330658644639,green,0.0,0.0,0.0,,1.0101936451594424,0.24383628816198197,1200,"{""sigma"": 1.5}",21.213203435596427,1.0,9.90284654488104,0.0008333333333333334,22260107,gaussian(1.5 px): input ideal d'=9.80 meets the floor and the processed task d'=9.25 follows it; no excess false structure or erasure.,True,22260107,
dose,120.0,200.0,2.0,21.213203435596427,0.0,20.0,,raw,none,9.802919066391512,0.9999999999979211,9.90284654488104,1.0,9.782144616698256,1.0,6.999159308602278,1.0,0.1946065485211584,25.510066263650806,21.212176598326533,2.0788926136106056e-12,6.944444444444445e-07,True,1.0204912007205216,0.0008333333333333334,0.9999140344355764,green,0.0,0.0,0.0,,1.0101936451594424,0.3135312951611527,1200,{},21.213203435596427,1.0,9.90284654488104,0.0008333333333333334,22260107,raw: input ideal d'=9.80 meets the floor and the processed task d'=9.90 follows it; no excess false structure or erasure.,True,22260107,
dose,120.0,25.000000000000007,0.25000000000000006,59.999999999999986,0.0,20.0,,NLM(0.6 sd),nlm,3.4658552736341695,0.9928716529681852,2.839477194741585,0.9782048611111112,3.03104377101127,0.9861333333333333,2.880523950696927,0.9815791666666667,0.2825913083364787,28.59437995428297,14.88196173844967,-0.01466679185707409,0.005936390777134077,True,0.6712061433628475,0.6866666666666666,0.6196089278836678,red,0.0024121328556602315,0.0030284721451565686,0.0027825487775556008,,0.9584627000441263,0.5556743518095149,1200,"{""h"": 35.99999999999999, ""patch_distance"": 6, ""patch_size"": 5}",59.999999999999986,0.9901138888888888,3.32189300352958,1.0,22260107,"NLM(0.6 sd): input ideal d'=3.47 < 5 (prespecified floor, Rose): the input does not meet the detectability requirement and post-processing cannot restore it.",False,22263107,
dose,120.0,25.000000000000007,0.25000000000000006,59.999999999999986,0.0,20.0,,TV(0.4 sd),tv,3.4658552736341695,0.9928716529681852,3.3319899254423593,0.9900701388888888,3.298609862519175,0.9888,2.68346210550896,0.9721048611111112,0.10947815045967876,23.802480635800265,25.82621739172562,-0.0028015140792964077,0.003998172757020596,True,0.9242437278843243,1.0,0.9082155751871576,red,0.002166659494716006,0.0020395672288408104,0.0034294638400171494,,0.9584627000441263,0.7781030412918188,1200,"{""max_num_iter"": 200, ""weight"": 23.999999999999996}",59.999999999999986,0.9901138888888888,3.32189300352958,1.0,22260107,"TV(0.4 sd): input ideal d'=3.47 < 5 (prespecified floor, Rose): the input does not meet the detectability requirement and post-processing cannot restore it.",False,22263107,
dose,120.0,25.000000000000007,0.25000000000000006,59.999999999999986,0.0,20.0,,gaussian(1.5 px),gaussian,3.4658552736341695,0.9928716529681852,2.3353037993754224,0.9498993055555556,3.2773868685766994,0.9884194444444444,2.800133283147302,0.9770986111111111,0.33646518745241527,30.484122894837796,11.972460883736238,-0.042972347412629675,0.009030883975144363,True,0.45401052885927345,0.9858333333333333,0.8255331138485746,red,0.0022033341642464996,0.004607324217143224,0.0031049505281756664,,0.9584627000441263,0.7001711399757814,1200,"{""sigma"": 1.5}",59.999999999999986,0.9901138888888888,3.32189300352958,1.0,22260107,"gaussian(1.5 px): input ideal d'=3.47 < 5 (prespecified floor, Rose): the input does not meet the detectability requirement and post-processing cannot restore it.",False,22263107,
dose,120.0,25.000000000000007,0.25000000000000006,59.999999999999986,0.0,20.0,,raw,none,3.4658552736341695,0.9928716529681852,3.32189300352958,0.9901138888888888,3.2994159633873057,0.9888027777777778,2.418682894478023,0.9575729166666667,0.018738229041723186,16.48011602498635,59.98997484813899,-0.0027577640792963987,0.003989319914710857,True,0.9186507473758767,1.0,1.0081434982500002,red,0.0021663895522049063,0.00203505038956235,0.004237009605200561,,0.9584627000441263,0.898471720513201,1200,{},59.999999999999986,0.9901138888888888,3.32189300352958,1.0,22260107,"raw: input ideal d'=3.47 < 5 (prespecified floor, Rose): the input does not meet the detectability requirement and post-processing cannot restore it.",False,22263107,
dose,120.0,3.125,0.03125,169.7056274847714,0.0,20.0,,NLM(0.6 sd),nlm,1.225364883298939,0.8068820701518937,0.9010128128737739,0.7376159722222222,1.0331405019919235,0.7659111111111111,0.9920487100459116,0.7596305555555556,0.03198090462767557,19.612125872171045,41.85902474521692,-0.06926609792967153,0.019798825386371014,True,0.5406685072900951,1.0,0.6032936124766767,red,0.009653473882252855,0.01010127282852731,0.009758158103514361,,0.7496868574210369,1.5471206532760664,1200,"{""h"": 101.82337649086284, ""patch_distance"": 6, ""patch_size"": 5}",169.7056274847714,0.7419805555555555,0.9186399485544773,1.0,22260107,"NLM(0.6 sd): input ideal d'=1.23 < 5 (prespecified floor, Rose): the input does not meet the detectability requirement and post-processing cannot restore it.",False,22266107,
dose,120.0,3.125,0.03125,169.7056274847714,0.0,20.0,,TV(0.4 sd),tv,1.225364883298939,0.8068820701518937,0.9379617713873407,0.7454597222222222,1.1276919754041035,0.7857972222222223,0.8037125875798422,0.7173791666666667,0.008075177685595432,14.781283542015778,72.96846472791191,-0.061422347929671495,0.01956739314731316,True,0.5859214752657076,1.0,0.8867594562829691,red,0.009301120326937853,0.009983192985793789,0.01038533489947234,,0.7496868574210369,2.1856816969847377,1200,"{""max_num_iter"": 200, ""weight"": 67.88225099390857}",169.7056274847714,0.7419805555555555,0.9186399485544773,1.0,22260107,"TV(0.4 sd): input ideal d'=1.23 < 5 (prespecified floor, Rose): the input does not meet the detectability requirement and post-processing cannot restore it.",False,22266107,
dose,120.0,3.125,0.03125,169.7056274847714,0.0,20.0,,gaussian(1.5 px),gaussian,1.225364883298939,0.8068820701518937,0.5979464727495875,0.6691569444444444,1.1298613973461615,0.7862916666666667,0.9011516586129665,0.7392611111111111,0.05155774599621818,21.477236619102733,33.773351880096136,-0.13772512570744933,0.021460062615562676,True,0.2381188390711209,1.0,0.8155998770314508,red,0.009291942692888244,0.01094885841800512,0.010076882792076356,,0.7496868574210369,1.960638868723563,1200,"{""sigma"": 1.5}",169.7056274847714,0.7419805555555555,0.9186399485544773,1.0,22260107,"gaussian(1.5 px): input ideal d'=1.23 < 5 (prespecified floor, Rose): the input does not meet the detectability requirement and post-processing cannot restore it.",False,22266107,
dose,120.0,3.125,0.03125,169.7056274847714,0.0,20.0,,raw,none,1.225364883298939,0.8068820701518937,0.9186399485544773,0.7419805555555555,1.1243163159947749,0.7849666666666667,0.6716467463509892,0.6842659722222222,0.001036483519786087,7.4501704330826595,169.65892263385032,-0.0649015145963382,0.0196711466056727,True,0.5620303841898301,1.0,0.9727525832877217,red,0.009316490148663707,0.010036129396451298,0.010788912332655796,,0.7496868574210369,2.5324328286067277,1200,{},169.7056274847714,0.7419805555555555,0.9186399485544773,1.0,22260107,"raw: input ideal d'=1.23 < 5 (prespecified floor, Rose): the input does not meet the detectability requirement and post-processing cannot restore it.",False,22266107,
dose,120.0,49.99999999999999,0.49999999999999994,42.42640687119285,0.0,20.0,,NLM(0.6 sd),nlm,4.901459533195756,0.9997357261459661,4.069196088592306,0.9984326388888889,4.074453418058941,0.9996027777777777,3.8777070788649155,0.9983604166666666,0.4442960460868637,31.552755851117702,10.586410351716712,-0.0013030872570771734,0.0015858619099119932,True,0.689233525153273,0.06916666666666667,0.6369292988442313,red,0.0004070378616867255,0.0008087737723606901,0.0008272121060427989,,0.9566116797307845,0.38810175263448676,1200,"{""h"": 25.45584412271571, ""patch_distance"": 6, ""patch_size"": 5}",42.42640687119285,0.9996958333333333,4.688793437182859,0.9575,22260107,"NLM(0.6 sd): input ideal d'=4.90 < 5 (prespecified floor, Rose): the input does not meet the detectability requirement and post-processing cannot restore it.",False,22262107,
dose,120.0,49.99999999999999,0.49999999999999994,42.42640687119285,0.0,20.0,,TV(0.4 sd),tv,4.901459533195756,0.9997357261459661,4.653178568866315,0.9996611111111111,4.566946709975663,0.9996666666666667,3.7284060849877942,0.9964513888888888,0.2132386339398434,26.808321191800516,18.271342465943068,-7.461503485495236e-05,0.0007375604646778648,True,0.9012568851860022,0.6916666666666667,0.8990408799262796,red,0.0003728640818397896,0.0003759589594736054,0.0012175233724395363,,0.9566116797307845,0.5442802358627178,1200,"{""max_num_iter"": 200, ""weight"": 16.970562748477143}",42.42640687119285,0.9996958333333333,4.688793437182859,0.9575,22260107,"TV(0.4 sd): input ideal d'=4.90 < 5 (prespecified floor, Rose): the input does not meet the detectability requirement and post-processing cannot restore it.",False,22262107,
dose,120.0,49.99999999999999,0.49999999999999994,42.42640687119285,0.0,20.0,,gaussian(1.5 px),gaussian,4.901459533195756,0.9997357261459661,4.33640933104714,0.9989222222222223,4.569654365387762,0.9996722222222222,3.8502018258017903,0.9970930555555556,0.486895802701407,33.46004584225485,8.499137051883336,-0.0008135039237437969,0.0013150214243297317,True,0.7827258874521025,0.41583333333333333,0.8226484505935888,red,0.00036974331711912074,0.0006705873119366125,0.0011017945039061658,,0.9566116797307845,0.48919186746025645,1200,"{""sigma"": 1.5}",42.42640687119285,0.9996958333333333,4.688793437182859,0.9575,22260107,"gaussian(1.5 px): input ideal d'=4.90 < 5 (prespecified floor, Rose): the input does not meet the detectability requirement and post-processing cannot restore it.",False,22262107,
dose,120.0,49.99999999999999,0.49999999999999994,42.42640687119285,0.0,20.0,,raw,none,4.901459533195756,0.9997357261459661,4.688793437182859,0.9996958333333333,4.584177235153982,0.9996861111111112,3.439867349345484,0.9931520833333334,0.04436340052277591,19.48895667119119,42.42655703761187,-3.9892812632724706e-05,0.0006987852883484648,True,0.9151059057973531,0.9575,0.9901391292592042,red,0.0003618237398811839,0.0003561753427157192,0.0016926038047124989,,0.9566116797307845,0.6296403477261742,1200,{},42.42640687119285,0.9996958333333333,4.688793437182859,0.9575,22260107,"raw: input ideal d'=4.90 < 5 (prespecified floor, Rose): the input does not meet the detectability requirement and post-processing cannot restore it.",False,22262107,
dose,120.0,6.25,0.0625,120.0,0.0,20.0,,NLM(0.6 sd),nlm,1.7329276368170845,0.8897811140599974,1.3749413486120783,0.8326006944444444,1.5493183068915268,0.86235,1.4649342786076116,0.8510277777777778,0.07456275663815373,22.62358367004504,29.5955410627408,-0.05718041961555298,0.016335885536940917,True,0.6295170389842251,1.0,0.6346473596194475,red,0.007603071035169167,0.00833443431682744,0.007893526400199828,,0.8512190565798609,1.1094067963879324,1200,"{""h"": 72.0, ""patch_distance"": 6, ""patch_size"": 5}",120.0,0.8511784722222222,1.4751010281326065,1.0,22260107,"NLM(0.6 sd): input ideal d'=1.73 < 5 (prespecified floor, Rose): the input does not meet the detectability requirement and post-processing cannot restore it.",False,22265107,
dose,120.0,6.25,0.0625,120.0,0.0,20.0,,TV(0.4 sd),tv,1.7329276368170845,0.8897811140599974,1.5136013434092435,0.8570402777777778,1.6322319901336066,0.8740555555555556,1.260564730443561,0.8137756944444444,0.02080488860078195,17.79651429478778,51.56697653040937,-0.032740836282219576,0.0151732500238622,True,0.7628904057925557,1.0,0.9399835562958052,red,0.007285508864908822,0.007741242032556179,0.00874801767857559,,0.8512190565798609,1.5508972949169952,1200,"{""max_num_iter"": 200, ""weight"": 48.0}",120.0,0.8511784722222222,1.4751010281326065,1.0,22260107,"TV(0.4 sd): input ideal d'=1.73 < 5 (prespecified floor, Rose): the input does not meet the detectability requirement and post-processing cannot restore it.",False,22265107,
dose,120.0,6.25,0.0625,120.0,0.0,20.0,,gaussian(1.5 px),gaussian,1.7329276368170845,0.8897811140599974,1.098484303144087,0.7829916666666666,1.6307764033501044,0.8738583333333333,1.3740973632370874,0.8340625,0.1092650964810654,24.480403177507874,23.898712949825306,-0.10678944739333074,0.018331855514953557,True,0.4018156567193382,1.0,0.862963364259749,red,0.0072910138907130075,0.009352805059227094,0.008300810938551936,,0.8512190565798609,1.3954811323553633,1200,"{""sigma"": 1.5}",120.0,0.8511784722222222,1.4751010281326065,1.0,22260107,"gaussian(1.5 px): input ideal d'=1.73 < 5 (prespecified floor, Rose): the input does not meet the detectability requirement and post-processing cannot restore it.",False,22265107,
dose,120.0,6.25,0.0625,120.0,0.0,20.0,,raw,none,1.7329276368170845,0.8897811140599974,1.4751010281326065,0.8511784722222222,1.6398878168242472,0.8751611111111111,1.1009341709480192,0.7827423611111111,0.002846143203329902,10.463784415246092,119.92156237462103,-0.038602641837775176,0.015464344495013422,True,0.7245738822847083,1.0,1.0431735863546017,red,0.0072545479936797245,0.007889762348973898,0.00935736584284209,,0.8512190565798609,1.7919412483161732,1200,{},120.0,0.8511784722222222,1.4751010281326065,1.0,22260107,"raw: input ideal d'=1.73 < 5 (prespecified floor, Rose): the input does not meet the detectability requirement and post-processing cannot restore it.",False,22265107,
signal,120.0,25.0,,60.0,,10.0,1.5,NLM(0.6 sd),nlm,0.8426561840065284,0.7243615801373218,0.3797199914434636,0.6033444444444445,0.6164582379708025,0.6686583333333334,0.5887367608651963,0.6603666666666667,0.2757583627977791,28.644146727342505,14.797116290996364,-0.12101713569287731,0.02249709836266081,True,0.2030608034607596,1.0,0.3272062518807293,red,0.010953885028979461,0.011477968011486503,0.011035144182441337,0.5,0.5711667322330602,1.7701033898493832,1200,"{""h"": 36.0, ""patch_distance"": 6, ""patch_size"": 5}",60.0,0.6302180555555555,0.4812971790149892,1.0,22260107,"NLM(0.6 sd): input ideal d'=0.84 < 5 (prespecified floor, Rose): the input does not meet the detectability requirement and post-processing cannot restore it.",False,22263107,
signal,120.0,25.0,,60.0,,20.0,1.5,NLM(0.6 sd),nlm,1.6853123680130568,0.8833097279993577,1.1612338184355149,0.79575625,1.3675468520866894,0.8376611111111111,1.2249321078482767,0.8091201388888889,0.27354051514249883,28.610228327886148,14.855581502986778,-0.08755347799935764,0.017860327250491966,True,0.47476482463393405,1.0,0.34450002556904036,red,0.0082170712139107,0.009112224993378463,0.008844975094120747,1.0,0.8345232969867143,0.8837206645459726,1200,"{""h"": 36.0, ""patch_distance"": 6, ""patch_size"": 5}",60.0,0.8408361111111111,1.406432433806743,1.0,22260107,"NLM(0.6 sd): input ideal d'=1.69 < 5 (prespecified floor, Rose): the input does not meet the detectability requirement and post-processing cannot restore it.",False,22263207,
signal,120.0,25.0,,60.0,,10.0,3.0,NLM(0.6 sd),nlm,1.7329276368170845,0.8897811140599974,1.3501691313115136,0.8306798611111111,1.5041322720060835,0.8566527777777778,1.4301353606279699,0.8458270833333333,0.2775126870040363,28.635425355140555,14.81232025191497,-0.05910125294888624,0.01642181255490707,True,0.6070374617675252,1.0,0.6070372210150761,red,0.007751188428224711,0.008378275437707177,0.008021810349047523,0.5,0.8400350020879904,1.0939795029957158,1200,"{""h"": 36.0, ""patch_distance"": 6, ""patch_size"": 5}",60.0,0.8460868055555556,1.4557198710119759,1.0,22260107,"NLM(0.6 sd): input ideal d'=1.73 < 5 (prespecified floor, Rose): the input does not meet the detectability requirement and post-processing cannot restore it.",False,22266107,
signal,120.0,25.0,,60.0,,20.0,3.0,NLM(0.6 sd),nlm,3.465855273634169,0.9928716529681852,2.825107882047715,0.9782944444444445,3.0271537526939367,0.9863305555555556,2.9305778753730123,0.98375625,0.2807811644648719,28.570473604615916,14.92326131904388,-0.014577208523740781,0.005924090153178662,True,0.6644299895996356,0.6533333333333333,0.6345525823095124,red,0.002394824720257494,0.003022196201285946,0.0026119030161194084,1.0,0.9403420386725987,0.5473334162517538,1200,"{""h"": 36.0, ""patch_distance"": 6, ""patch_size"": 5}",60.0,0.9885395833333334,3.259089413753332,1.0,22260107,"NLM(0.6 sd): input ideal d'=3.47 < 5 (prespecified floor, Rose): the input does not meet the detectability requirement and post-processing cannot restore it.",False,22266207,
signal,120.0,25.0,,60.0,,10.0,5.0,NLM(0.6 sd),nlm,2.911006412451428,0.9802237584170569,2.5472701061380563,0.9661159722222222,2.672680624930218,0.9714333333333334,2.1452600713755103,0.9383708333333334,0.28483690021766744,28.631975714343984,14.81863446718194,-0.01410778619483466,0.0074148949998525246,True,0.7657088621855686,0.9133333333333333,0.7598783617600964,red,0.0034708382973261264,0.003782824895707446,0.005113332200592763,0.5,0.9466591968825541,0.6923990383271502,1200,"{""h"": 36.0, ""patch_distance"": 6, ""patch_size"": 5}",60.0,0.9756673611111111,2.755730992531234,1.0,22260107,"NLM(0.6 sd): input ideal d'=2.91 < 5 (prespecified floor, Rose): the input does not meet the detectability requirement and post-processing cannot restore it.",False,22269107,
signal,120.0,25.0,,60.0,,20.0,5.0,NLM(0.6 sd),nlm,5.822012824902856,0.9999807902708996,5.067138999529992,0.99984375,5.01436453935553,0.9998111111111111,4.112109972862003,0.9985673611111111,0.2927076239175705,28.550060811276563,14.958585051124459,-0.00013704027089955773,0.0005010171624672952,True,0.7574942143495849,0.03,0.7586417052348874,amber,0.00028067183998486603,0.0002552713835403776,0.0007732086031886603,1.0,0.9591631397446572,0.34583874207860266,1200,"{""h"": 36.0, ""patch_distance"": 6, ""patch_size"": 5}",60.0,0.9999597222222222,5.584260100767485,0.39,22260107,NLM(0.6 sd): input ideal d'=5.82 is within 1.2x of the floor (5): marginal — small dose changes cross it.,False,22269207,
signal,120.0,25.0,,60.0,,10.0,1.5,TV(0.4 sd),tv,0.8426561840065284,0.7243615801373218,0.4875220192966738,0.6343416666666667,0.7021839460822639,0.691175,0.644162952952126,0.6749125,0.10254614888093805,23.80797914840875,25.80989970410068,-0.09001991347065508,0.02207391388580005,True,0.3347246120202575,1.0,0.780920905063965,red,0.010710794468179905,0.01126205359663052,0.010889676272544831,0.5,0.5711667322330602,3.256184648075292,1200,"{""max_num_iter"": 200, ""weight"": 24.0}",60.0,0.6302180555555555,0.4812971790149892,1.0,22260107,"TV(0.4 sd): input ideal d'=0.84 < 5 (prespecified floor, Rose): the input does not meet the detectability requirement and post-processing cannot restore it.",False,22263107,
signal,120.0,25.0,,60.0,,20.0,1.5,TV(0.4 sd),tv,1.6853123680130568,0.8833097279993577,1.396526140691325,0.8380263888888889,1.603341307394376,0.8699861111111111,1.3713355288896236,0.8346888888888889,0.1040328803665315,23.816189526224907,25.78605661353003,-0.04528333911046878,0.016089046036606,True,0.6866530016511634,1.0,0.7936990809359872,red,0.007398002380179556,0.008208493482056007,0.008286334134779789,1.0,0.8345232969867143,1.6312222097674003,1200,"{""max_num_iter"": 200, ""weight"": 24.0}",60.0,0.8408361111111111,1.406432433806743,1.0,22260107,"TV(0.4 sd): input ideal d'=1.69 < 5 (prespecified floor, Rose): the input does not meet the detectability requirement and post-processing cannot restore it.",False,22263207,
signal,120.0,25.0,,60.0,,10.0,3.0,TV(0.4 sd),tv,1.7329276368170845,0.8897811140599974,1.477365808581688,0.8499486111111111,1.6243554341705668,0.8740333333333333,1.2076071583523598,0.8038006944444445,0.10424372132828721,23.811385273413645,25.80061471261943,-0.039832502948886295,0.015524400889852684,True,0.7268005236843159,1.0,0.8916882363312606,red,0.007286129423220103,0.00792040392979527,0.008953291123166701,0.5,0.8400350020879904,1.5455103492644757,1200,"{""max_num_iter"": 200, ""weight"": 24.0}",60.0,0.8460868055555556,1.4557198710119759,1.0,22260107,"TV(0.4 sd): input ideal d'=1.73 < 5 (prespecified floor, Rose): the input does not meet the detectability requirement and post-processing cannot restore it.",False,22266107,
signal,120.0,25.0,,60.0,,20.0,3.0,TV(0.4 sd),tv,3.465855273634169,0.9928716529681852,3.2507849370007302,0.9887555555555556,3.2327376735967235,0.9883,2.692073970357072,0.9710326388888889,0.1090124727770615,23.792558881839717,25.856012546877736,-0.004116097412629638,0.004255725463503643,True,0.879742615843238,0.9983333333333333,0.9156929843457775,red,0.0022147220621220455,0.0021709740855558267,0.0034952978044587454,1.0,0.9403420386725987,0.775054689089496,1200,"{""max_num_iter"": 200, ""weight"": 24.0}",60.0,0.9885395833333334,3.259089413753332,1.0,22260107,"TV(0.4 sd): input ideal d'=3.47 < 5 (prespecified floor, Rose): the input does not meet the detectability requirement and post-processing cannot restore it.",False,22266207,
signal,120.0,25.0,,60.0,,10.0,5.0,TV(0.4 sd),tv,2.911006412451428,0.9802237584170569,2.7527003437368873,0.975375,2.832438021902569,0.9777583333333333,1.6886215894507342,0.8844409722222222,0.10822665880996979,23.81182638390715,25.79899375762426,-0.004848758417056898,0.00631289732806788,True,0.8941935851398659,0.9991666666666666,0.9550400855785959,red,0.003059566849918189,0.003220570854063282,0.00698763594056572,0.5,0.9466591968825541,0.872583059095369,1200,"{""max_num_iter"": 200, ""weight"": 24.0}",60.0,0.9756673611111111,2.755730992531234,1.0,22260107,"TV(0.4 sd): input ideal d'=2.91 < 5 (prespecified floor, Rose): the input does not meet the detectability requirement and post-processing cannot restore it.",False,22269107,
signal,120.0,25.0,,60.0,,20.0,5.0,TV(0.4 sd),tv,5.822012824902856,0.9999807902708996,5.555028883631862,0.9999597222222222,5.418271944766237,0.9998972222222222,3.421968592125401,0.9913319444444444,0.11802060660257675,23.794260291952007,25.851007564540318,-2.1068048677408413e-05,0.00025471008097959153,True,0.9103875864187118,0.19833333333333333,0.9351656126095048,amber,0.00020703127932710354,0.0001296021960295138,0.001905067018074123,1.0,0.9591631397446572,0.43384808962471616,1200,"{""max_num_iter"": 200, ""weight"": 24.0}",60.0,0.9999597222222222,5.584260100767485,0.39,22260107,TV(0.4 sd): input ideal d'=5.82 is within 1.2x of the floor (5): marginal — small dose changes cross it.,False,22269207,
signal,120.0,25.0,,60.0,,10.0,1.5,gaussian(1.5 px),gaussian,0.8426561840065284,0.7243615801373218,0.18516606189117418,0.5518666666666666,0.6974801878874259,0.6899472222222223,0.6828745015351803,0.6836722222222222,0.32472597854949337,30.506830854129998,11.941284337032693,-0.17249491347065515,0.022951776072189647,True,0.04828608067075997,1.0,0.6420264116148008,red,0.010724907298145797,0.011709950697451793,0.010795478758358212,0.5,0.5711667322330602,2.685861806599034,1200,"{""sigma"": 1.5}",60.0,0.6302180555555555,0.4812971790149892,1.0,22260107,"gaussian(1.5 px): input ideal d'=0.84 < 5 (prespecified floor, Rose): the input does not meet the detectability requirement and post-processing cannot restore it.",False,22263107,
signal,120.0,25.0,,60.0,,20.0,1.5,gaussian(1.5 px),gaussian,1.6853123680130568,0.8833097279993577,0.6744802993726042,0.6955048611111111,1.6066463680356085,0.8700361111111111,1.4041362379740108,0.8391201388888889,0.32583724460229946,30.489603347155256,11.965489042213985,-0.1878048668882466,0.020894347883701807,True,0.16016872638340623,1.0,0.6423348552840943,red,0.007396634033500942,0.010660223149029183,0.008182722695299665,1.0,0.8345232969867143,1.3438552143546003,1200,"{""sigma"": 1.5}",60.0,0.8408361111111111,1.406432433806743,1.0,22260107,"gaussian(1.5 px): input ideal d'=1.69 < 5 (prespecified floor, Rose): the input does not meet the detectability requirement and post-processing cannot restore it.",False,22263207,
signal,120.0,25.0,,60.0,,10.0,3.0,gaussian(1.5 px),gaussian,1.7329276368170845,0.8897811140599974,1.0811408126834692,0.7792770833333333,1.6251561563393453,0.8744138888888889,1.3187527323048973,0.8244243055555556,0.3282078100111061,30.50450729605418,11.945660178076935,-0.11050403072666404,0.018463992108831435,True,0.3892276358696495,1.0,0.8191079903866326,red,0.0072754927484621115,0.009420222927575776,0.008518419458880027,0.5,0.8400350020879904,1.3863810394057088,1200,"{""sigma"": 1.5}",60.0,0.8460868055555556,1.4557198710119759,1.0,22260107,"gaussian(1.5 px): input ideal d'=1.73 < 5 (prespecified floor, Rose): the input does not meet the detectability requirement and post-processing cannot restore it.",False,22266107,
signal,120.0,25.0,,60.0,,20.0,3.0,gaussian(1.5 px),gaussian,3.465855273634169,0.9928716529681852,2.89562048392583,0.9804034722222222,3.224380008214959,0.9882194444444444,2.8382203642769177,0.9776465277777778,0.33494274376735095,30.457179309326214,12.01008401960535,-0.012468180745963009,0.005626916290457285,True,0.6980112675924517,0.9775,0.8394785515646689,red,0.0022223698827602773,0.0028705740974792194,0.0030673043768915742,1.0,0.9403420386725987,0.6958578472978254,1200,"{""sigma"": 1.5}",60.0,0.9885395833333334,3.259089413753332,1.0,22260107,"gaussian(1.5 px): input ideal d'=3.47 < 5 (prespecified floor, Rose): the input does not meet the detectability requirement and post-processing cannot restore it.",False,22266207,
signal,120.0,25.0,,60.0,,10.0,5.0,gaussian(1.5 px),gaussian,2.911006412451428,0.9802237584170569,2.467387404781183,0.9598833333333333,2.8405425940000026,0.9783194444444444,1.9311081425970702,0.9145138888888888,0.33840092677508987,30.493372806786457,11.960375220050027,-0.02034042508372358,0.008073886152839358,True,0.7184364574138792,0.9933333333333333,0.9105666735840146,red,0.003020442500079436,0.004119051049955622,0.006022835311397019,0.5,0.9466591968825541,0.8007734039628717,1200,"{""sigma"": 1.5}",60.0,0.9756673611111111,2.755730992531234,1.0,22260107,"gaussian(1.5 px): input ideal d'=2.91 < 5 (prespecified floor, Rose): the input does not meet the detectability requirement and post-processing cannot restore it.",False,22269107,
signal,120.0,25.0,,60.0,,20.0,5.0,gaussian(1.5 px),gaussian,5.822012824902856,0.9999807902708996,5.213248406578187,0.9998847222222222,5.427649556873065,0.9998972222222222,3.798194086938052,0.9962041666666667,0.35350857664485524,30.4333482875822,12.042465033473764,-9.606804867734464e-05,0.0004304372267252161,True,0.8018082541715551,0.1075,0.8883550880910914,amber,0.00020703127932710354,0.00021926055053589144,0.0012592932236184045,1.0,0.9591631397446572,0.3989585424518572,1200,"{""sigma"": 1.5}",60.0,0.9999597222222222,5.584260100767485,0.39,22260107,gaussian(1.5 px): input ideal d'=5.82 is within 1.2x of the floor (5): marginal — small dose changes cross it.,False,22269207,
signal,120.0,25.0,,60.0,,10.0,1.5,raw,none,0.8426561840065284,0.7243615801373218,0.4812971790149892,0.6302180555555555,0.6953502647632661,0.6895111111111111,0.584435343106619,0.6606159722222222,0.0168591342501029,16.48011602498635,59.98997484813899,-0.09414352458176622,0.022136820256687263,True,0.3262314360097923,1.0,0.9578592771167985,red,0.010729896147172933,0.011294149273583472,0.011032764837613588,0.5,0.5711667322330602,4.016074389357288,1200,{},60.0,0.6302180555555555,0.4812971790149892,1.0,22260107,"raw: input ideal d'=0.84 < 5 (prespecified floor, Rose): the input does not meet the detectability requirement and post-processing cannot restore it.",False,22263107,
signal,120.0,25.0,,60.0,,20.0,1.5,raw,none,1.6853123680130568,0.8833097279993577,1.406432433806743,0.8408361111111111,1.6113751658274569,0.8706638888888889,1.3105856803084854,0.8229909722222222,0.017342704781847833,16.479902305537827,59.991777166529765,-0.04247361688824658,0.01595877634222562,True,0.6964291332135758,1.0,0.9790730802858393,red,0.0073794246915921385,0.008142028130953676,0.008549973072467796,1.0,0.8345232969867143,2.009940077502846,1200,{},60.0,0.8408361111111111,1.406432433806743,1.0,22260107,"raw: input ideal d'=1.69 < 5 (prespecified floor, Rose): the input does not meet the detectability requirement and post-processing cannot restore it.",False,22263207,
signal,120.0,25.0,,60.0,,10.0,3.0,raw,none,1.7329276368170845,0.8897811140599974,1.4557198710119759,0.8460868055555556,1.6220529001201285,0.8739777777777777,1.0420435063055118,0.7691423611111111,0.017199894902439394,16.481070303168256,59.98348734046192,-0.04369430850444178,0.015710742011785357,True,0.70565880473297,1.0,0.9807331668294269,red,0.007287680514764804,0.008015477677783756,0.009598403507369369,0.5,0.8400350020879904,1.7907004256506744,1200,{},60.0,0.8460868055555556,1.4557198710119759,1.0,22260107,"raw: input ideal d'=1.73 < 5 (prespecified floor, Rose): the input does not meet the detectability requirement and post-processing cannot restore it.",False,22266107,
signal,120.0,25.0,,60.0,,20.0,3.0,raw,none,3.465855273634169,0.9928716529681852,3.259089413753332,0.9885395833333334,3.2406583892547136,0.9883972222222223,2.441133710530728,0.9560423611111111,0.018649965861010934,16.475757900617847,60.02030006621028,-0.004332069634851887,0.004296585427695576,True,0.8842431496949391,1.0,1.0107058932118071,red,0.002205457219563065,0.002191821389136011,0.004313394816308286,1.0,0.9403420386725987,0.8965814810766263,1200,{},60.0,0.9885395833333334,3.259089413753332,1.0,22260107,"raw: input ideal d'=3.47 < 5 (prespecified floor, Rose): the input does not meet the detectability requirement and post-processing cannot restore it.",False,22266207,
signal,120.0,25.0,,60.0,,10.0,5.0,raw,none,2.911006412451428,0.9802237584170569,2.755730992531234,0.9756673611111111,2.839607486128576,0.9782416666666667,1.4271344782181594,0.8426618055555556,0.01796264361170796,16.48375791394216,59.965330767344035,-0.004556397305945814,0.006275022658017835,True,0.8961636350423222,1.0,1.0133335979755511,red,0.0030258951965632316,0.0032012466877271682,0.008098375332151261,0.5,0.9466591968825541,0.9813094698270387,1200,{},60.0,0.9756673611111111,2.755730992531234,1.0,22260107,"raw: input ideal d'=2.91 < 5 (prespecified floor, Rose): the input does not meet the detectability requirement and post-processing cannot restore it.",False,22269107,
signal,120.0,25.0,,60.0,,20.0,5.0,raw,none,5.822012824902856,0.9999807902708996,5.584260100767485,0.9999597222222222,5.430280470393902,0.9999,2.9379809686440335,0.9797097222222222,0.020743392099940968,16.478354440509964,60.002498105971924,-2.1068048677408413e-05,0.00025471008097959153,True,0.9199939286448288,0.39,0.992944883758209,amber,0.000204214255086637,0.0001296021960295138,0.0029212984025242844,1.0,0.9591631397446572,0.487178411965484,1200,{},60.0,0.9999597222222222,5.584260100767485,0.39,22260107,raw: input ideal d'=5.82 is within 1.2x of the floor (5): marginal — small dose changes cross it.,False,22269207,
texture,120.0,25.0,,60.0,0.0,,,NLM(0.6 sd),nlm,3.465855273634169,0.9928716529681852,2.8100960153543717,0.9770791666666667,2.8788960403418735,0.9838722222222223,2.796111289680486,0.97891875,0.2817151179176836,28.59188778219001,14.88664472686521,-0.015792486301518527,0.00608888807534841,True,0.6573875442309665,0.6683333333333333,0.6176011595170571,red,0.002602505611376744,0.0031062783188501725,0.002978100293457589,,0.9334520361986898,0.5488587632911945,1200,"{""h"": 36.0, ""patch_distance"": 6, ""patch_size"": 5}",60.0,0.9890979166666667,3.2352096623437823,1.0,22260107,"NLM(0.6 sd): input ideal d'=3.47 < 5 (prespecified floor, Rose): the input does not meet the detectability requirement and post-processing cannot restore it.",False,22262107,0.0
texture,120.0,25.0,,60.0,0.25,,,NLM(0.6 sd),nlm,3.7547370518688785,0.9960345799373341,2.7421271904457383,0.9735604166666667,2.968224742050634,0.9831166666666666,2.8787604151914032,0.9799027777777778,0.6070864838363286,36.97103990007751,5.688531719559431,-0.022474163270667424,0.006543178096287719,True,0.5333547088626025,0.37666666666666665,0.5596714914690174,red,0.00266314585169243,0.0033380632008799915,0.0029072698452482885,,0.9585279104390644,0.4808580319066359,1200,"{""h"": 36.0, ""patch_distance"": 6, ""patch_size"": 5}",33.50001999239478,0.9946486111111111,3.599020260576009,1.0,22260107,"NLM(0.6 sd): input ideal d'=3.75 < 5 (prespecified floor, Rose): the input does not meet the detectability requirement and post-processing cannot restore it.",False,22264107,6.0
texture,120.0,25.0,,60.0,0.5,,,NLM(0.6 sd),nlm,6.154588910664027,0.9999932534459398,2.6169226307466062,0.9686041666666667,3.367731017627017,0.9928138888888889,3.0430124932534914,0.9840555555555556,0.6440050785668514,38.12740332714956,4.984649729084494,-0.0313890867792731,0.007135152537474497,True,0.18079385529451183,0.22916666666666666,0.5069722199154778,amber,0.0017340262072664686,0.0036400965269289373,0.0025875816413519167,,0.9412012210497294,0.4403265980188553,1200,"{""h"": 36.0, ""patch_distance"": 6, ""patch_size"": 5}",17.95755117152193,0.9999854166666666,5.792706597776106,0.9966666666666667,22260107,NLM(0.6 sd): task d' fell 55% against the unprocessed input (5.79 -> 2.62) while fidelity improved: fidelity-task discordance.,True,22266107,6.0
texture,120.0,25.0,,60.0,1.0,,,NLM(0.6 sd),nlm,9.97053385555633,0.9999999999991069,2.696715309715511,0.9713354166666667,3.9172329591710904,0.9981416666666667,3.4581084008821334,0.9931118055555556,0.6714404621726711,39.0435800167079,4.486437921962932,-0.028664583332440263,0.006815157877520592,True,0.07315320806017152,0.14,0.500720900431452,amber,0.0008807140697717164,0.0034768309452764268,0.001697589468980627,,0.979530102115559,0.40631413246080056,1200,"{""h"": 36.0, ""patch_distance"": 6, ""patch_size"": 5}",10.3739926928523,1.0,9.76643804567973,0.915,22260107,NLM(0.6 sd): task d' fell 72% against the unprocessed input (9.77 -> 2.70) while fidelity improved: fidelity-task discordance.,True,22268107,6.0
texture,120.0,25.0,,60.0,0.0,,,TV(0.4 sd),tv,3.465855273634169,0.9928716529681852,3.2245095959467007,0.9887340277777777,3.187362270670091,0.9886805555555556,2.618302649281486,0.9701763888888889,0.10925346214023193,23.803909425622344,25.822092878983646,-0.004137625190407501,0.004259815616885552,True,0.8655785791858585,0.9991666666666666,0.8941566015111503,red,0.0021782358993083315,0.002173060936852163,0.0035470124703634196,,0.9334520361986898,0.7697284917757614,1200,"{""max_num_iter"": 200, ""weight"": 24.0}",60.0,0.9890979166666667,3.2352096623437823,1.0,22260107,"TV(0.4 sd): input ideal d'=3.47 < 5 (prespecified floor, Rose): the input does not meet the detectability requirement and post-processing cannot restore it.",False,22262107,0.0
texture,120.0,25.0,,60.0,0.25,,,TV(0.4 sd),tv,3.7547370518688785,0.9960345799373341,3.2734114491301383,0.9899020833333333,3.1131569610630097,0.9866555555555555,2.7670607776762437,0.9756694444444445,0.35575020104152877,30.69878177679469,11.68589233398627,-0.006132496604000837,0.004032000891770161,True,0.760049954815406,0.9483333333333334,0.8066136569667971,red,0.002366031864052272,0.002056826798412699,0.0032011085767167766,,0.9585279104390644,0.6608219013321129,1200,"{""max_num_iter"": 200, ""weight"": 24.0}",33.50001999239478,0.9946486111111111,3.599020260576009,1.0,22260107,"TV(0.4 sd): input ideal d'=3.75 < 5 (prespecified floor, Rose): the input does not meet the detectability requirement and post-processing cannot restore it.",False,22264107,6.0
texture,120.0,25.0,,60.0,0.5,,,TV(0.4 sd),tv,6.154588910664027,0.9999932534459398,3.459851706757284,0.9955347222222222,3.361696093052008,0.9934388888888889,2.861817066758827,0.9811319444444444,0.47586562760684536,33.90203821077111,8.28388372665534,-0.004458531223717643,0.002678095010777316,True,0.3160216743099974,0.7358333333333333,0.7696131474080902,amber,0.0016566736776230623,0.0013660457985207204,0.002816349886542203,,0.9412012210497294,0.5875548203486979,1200,"{""max_num_iter"": 200, ""weight"": 24.0}",17.95755117152193,0.9999854166666666,5.792706597776106,0.9966666666666667,22260107,TV(0.4 sd): task d' fell 40% against the unprocessed input (5.79 -> 3.46) while fidelity improved: fidelity-task discordance.,True,22266107,6.0
texture,120.0,25.0,,60.0,1.0,,,TV(0.4 sd),tv,9.97053385555633,0.9999999999991069,4.00600261492522,0.9999791666666666,4.1837118000977895,0.9996361111111111,3.8001164558672884,0.99745625,0.6084738053094587,37.530822947888254,5.338445205590199,-2.0833332440295393e-05,0.0001833803248246714,True,0.1614305148551776,0.3908333333333333,0.7134558212897962,amber,0.0003895819772837026,9.32087945601194e-05,0.001030580366966684,,0.979530102115559,0.4862078245246529,1200,"{""max_num_iter"": 200, ""weight"": 24.0}",10.3739926928523,1.0,9.76643804567973,0.915,22260107,TV(0.4 sd): task d' fell 59% against the unprocessed input (9.77 -> 4.01) while fidelity improved: fidelity-task discordance.,True,22268107,6.0
texture,120.0,25.0,,60.0,0.0,,,gaussian(1.5 px),gaussian,3.465855273634169,0.9928716529681852,2.8705647448022944,0.9781465277777778,3.1896647910166673,0.9886833333333334,2.7119506439198613,0.9735326388888889,0.3359576334372827,30.477077207355002,11.981908837091845,-0.014725125190407473,0.005944387107852533,True,0.6859837788065719,0.9758333333333333,0.8206068441971293,red,0.0021779673678372674,0.0030325519806951445,0.0033398303749094874,,0.9334520361986898,0.6918217735433255,1200,"{""sigma"": 1.5}",60.0,0.9890979166666667,3.2352096623437823,1.0,22260107,"gaussian(1.5 px): input ideal d'=3.47 < 5 (prespecified floor, Rose): the input does not meet the detectability requirement and post-processing cannot restore it.",False,22262107,0.0
texture,120.0,25.0,,60.0,0.25,,,gaussian(1.5 px),gaussian,3.7547370518688785,0.9960345799373341,2.2372705501202614,0.9425319444444444,3.121623543383975,0.9867194444444445,2.749137989888974,0.9742708333333333,0.3535649879630329,31.075320262036247,11.186897792344439,-0.053502635492889694,0.009676567184166873,True,0.3550405480007346,0.9683333333333334,0.8250306795748878,red,0.00236033119111343,0.004936760479296803,0.003292552708423175,,0.9585279104390644,0.6831942892775197,1200,"{""sigma"": 1.5}",33.50001999239478,0.9946486111111111,3.599020260576009,1.0,22260107,"gaussian(1.5 px): input ideal d'=3.75 < 5 (prespecified floor, Rose): the input does not meet the detectability requirement and post-processing cannot restore it.",False,22264107,6.0
texture,120.0,25.0,,60.0,0.5,,,gaussian(1.5 px),gaussian,6.154588910664027,0.9999932534459398,3.229240387228735,0.9875881944444445,3.5106286280375123,0.9944972222222223,2.9850175866659088,0.9818125,0.40306028627840895,32.339058181380956,9.675270226646568,-0.012405059001495355,0.004472210026656967,True,0.27529774301678445,0.9491666666666667,0.826315350689828,amber,0.001516825090319988,0.002281427422893108,0.002764752942693136,,0.9412012210497294,0.6516579999237869,1200,"{""sigma"": 1.5}",17.95755117152193,0.9999854166666666,5.792706597776106,0.9966666666666667,22260107,gaussian(1.5 px): task d' fell 44% against the unprocessed input (5.79 -> 3.23) while fidelity improved: fidelity-task discordance.,True,22266107,6.0
texture,120.0,25.0,,60.0,1.0,,,gaussian(1.5 px),gaussian,9.97053385555633,0.9999999999991069,4.640544131990236,0.9996055555555555,4.626342238242202,0.999625,3.9514144265360263,0.9978708333333334,0.5158354680626737,35.18862107013061,6.974381754353454,-0.0003944444435514116,0.0007956791150064818,True,0.21662121599585524,0.7508333333333334,0.8308507702914575,amber,0.0003954861575872425,0.00040561187696956424,0.0009427712080642429,,0.979530102115559,0.5731033549206823,1200,"{""sigma"": 1.5}",10.3739926928523,1.0,9.76643804567973,0.915,22260107,gaussian(1.5 px): task d' fell 52% against the unprocessed input (9.77 -> 4.64) while fidelity improved: fidelity-task discordance.,True,22268107,6.0
texture,120.0,25.0,,60.0,0.0,,,raw,none,3.465855273634169,0.9928716529681852,3.2352096623437823,0.9890979166666667,3.198480900358734,0.9889277777777777,2.394930586432474,0.9563416666666666,0.018671112382136014,16.478656714505043,60.00021236770087,-0.00377373630151856,0.004190151087771833,True,0.87133270388348,1.0,0.986054623107789,red,0.0021542077092978063,0.0021375171566280237,0.004298563217293774,,0.9334520361986898,0.8904459197188733,1200,{},60.0,0.9890979166666667,3.2352096623437823,1.0,22260107,"raw: input ideal d'=3.47 < 5 (prespecified floor, Rose): the input does not meet the detectability requirement and post-processing cannot restore it.",False,22262107,0.0
texture,120.0,25.0,,60.0,0.25,,,raw,none,3.7547370518688785,0.9960345799373341,3.599020260576009,0.9946486111111111,3.13396425649876,0.9868638888888889,2.4693965476078144,0.9596951388888889,0.05941386553226072,21.542116220849554,33.49653250311236,-0.0013859688262229941,0.002932336018457219,True,0.918775755090679,1.0,0.9990877952701253,red,0.002347392624646119,0.0014957629819410915,0.004128783868899232,,0.9585279104390644,0.8394833089156147,1200,{},33.50001999239478,0.9946486111111111,3.599020260576009,1.0,22260107,"raw: input ideal d'=3.75 < 5 (prespecified floor, Rose): the input does not meet the detectability requirement and post-processing cannot restore it.",False,22264107,6.0
texture,120.0,25.0,,60.0,0.5,,,raw,none,6.154588910664027,0.9999932534459398,5.792706597776106,0.9999854166666666,3.5335156564740675,0.9946638888888889,2.887535287408751,0.9782527777777777,0.18318737153157894,26.959577829495483,17.95690702223028,-7.836779273184824e-06,0.00015354018040736935,True,0.8858597385055015,0.9966666666666667,0.9965992394037819,green,0.0014936211048378221,7.798395132183682e-05,0.003025116828141964,,0.9412012210497294,0.7579590551848683,1200,{},17.95755117152193,0.9999854166666666,5.792706597776106,0.9966666666666667,22260107,raw: input ideal d'=6.15 meets the floor and the processed task d'=5.79 follows it; no excess false structure or erasure.,True,22266107,6.0
texture,120.0,25.0,,60.0,1.0,,,raw,none,9.97053385555633,0.9999999999991069,9.76643804567973,1.0,4.891376064935184,0.9998027777777778,4.601479644406277,0.9995375,0.37374572945536305,31.735150759104307,10.36532145216623,8.930634010084759e-13,6.944444444444445e-07,True,0.9594792209505175,0.915,1.003772152012357,green,0.0002867969030261499,0.0,0.00043921879212678144,,0.979530102115559,0.630918572146426,1200,{},10.3739926928523,1.0,9.76643804567973,0.915,22260107,raw: input ideal d'=9.97 meets the floor and the processed task d'=9.77 follows it; no excess false structure or erasure.,True,22268107,6.0
atlas_demo,120.0,12.0,0.12,86.60254037844388,,20.0,,gaussian(1.5 px),gaussian,2.4012149702459653,0.9552381337941949,1.1848577299947838,0.80125,2.3209909834391094,0.94675,1.8305794733052931,0.904775,0.19761453103824725,27.310278931328877,17.254816032681127,-0.15398813379419485,0.03058993555528267,True,0.243483943979487,1.0,0.8211164041875306,red,0.008234824104270337,0.015604207932657375,0.0110125296314078,,0.8099426509310529,0.9919373886376142,400,"{""sigma"": 1.5}",86.60254037844388,0.9183625,1.9448464184563463,1.0,23260110,"gaussian(1.5 px): input ideal d'=2.40 < 5 (prespecified floor, Rose): the input does not meet the detectability requirement and post-processing cannot restore it.",False,23272110,
atlas_demo,80.0,12.0,0.12,129.9038105676658,,36.742346141747674,,gaussian(1.5 px),gaussian,2.9408758377279614,0.9812148992675147,1.5981763469909165,0.86695625,2.859161938251279,0.978925,2.236236358882925,0.93965625,0.10144197656653295,23.77873661357428,25.910769263731204,-0.11425864926751472,0.02541522025371381,True,0.2953221484541722,1.0,0.8283865505192693,red,0.005161488479415517,0.012963998550043024,0.00876942078131928,,0.8573978440096361,0.815222019045263,400,"{""sigma"": 1.5}",129.9038105676658,0.96154375,2.5215006027679867,1.0,23260110,"gaussian(1.5 px): input ideal d'=2.94 < 5 (prespecified floor, Rose): the input does not meet the detectability requirement and post-processing cannot restore it.",False,23276110,
atlas_demo,120.0,12.0,0.12,86.60254037844388,,20.0,,raw,none,2.4012149702459653,0.9552381337941949,1.9448464184563463,0.9183625,2.3226925971538996,0.947175,1.4146730046134106,0.841825,0.007005141148975191,13.287569157191268,86.63760528292616,-0.036875633794194895,0.020002046731577062,True,0.6560070977972214,1.0,0.998463442732363,red,0.00820167476103805,0.01020212457438063,0.014069546760501197,,0.8099426509310529,1.2796808760790574,400,{},86.60254037844388,0.9183625,1.9448464184563463,1.0,23260110,"raw: input ideal d'=2.40 < 5 (prespecified floor, Rose): the input does not meet the detectability requirement and post-processing cannot restore it.",False,23272110,
atlas_demo,80.0,12.0,0.12,129.9038105676658,,36.742346141747674,,raw,none,2.9408758377279614,0.9812148992675147,2.5215006027679867,0.96154375,2.858530609390058,0.9791,1.7789736474760132,0.8941375,0.003057931699475215,9.766986764297187,129.93774095117726,-0.019671149267514676,0.013704725001677624,True,0.7351310629123724,1.0,1.0056007599554078,red,0.005139862024115421,0.006989146285201896,0.011602392092622975,,0.8573978440096361,1.054142589836009,400,{},129.9038105676658,0.96154375,2.5215006027679867,1.0,23260110,"raw: input ideal d'=2.94 < 5 (prespecified floor, Rose): the input does not meet the detectability requirement and post-processing cannot restore it.",False,23276110,
atlas_demo,120.0,200.0,2.0,21.213203435596427,,20.0,,gaussian(1.5 px),gaussian,9.802919066391512,0.9999999999979211,8.950425321021932,1.0,9.507232160437397,1.0,7.835118119343842,1.0,0.7585649811164166,39.34203253162196,4.317788148552555,2.0788926136106056e-12,6.25e-06,True,0.8336360986786702,0.0,0.8261677931327134,green,0.0,0.0,0.0,,0.9595007583624601,0.24690490954942163,400,"{""sigma"": 1.5}",21.213203435596427,1.0,9.405908278368475,0.0025,23260110,gaussian(1.5 px): input ideal d'=9.80 meets the floor and the processed task d'=8.95 follows it; no excess false structure or erasure.,True,23264110,
atlas_demo,120.0,200.0,2.0,21.213203435596427,,20.0,,raw,none,9.802919066391512,0.9999999999979211,9.405908278368475,1.0,9.547391698131216,1.0,6.766129695917834,1.0,0.19480592969668542,25.514234242324033,21.201942587042623,2.0788926136106056e-12,6.25e-06,True,0.9206417052981359,0.0025,0.9979107354326155,green,0.0,0.0,0.0,,0.9595007583624601,0.31796253542045244,400,{},21.213203435596427,1.0,9.405908278368475,0.0025,23260110,raw: input ideal d'=9.80 meets the floor and the processed task d'=9.41 follows it; no excess false structure or erasure.,True,23264110,
atlas_demo,120.0,50.0,0.5,42.42640687119285,,20.0,,gaussian(1.5 px),gaussian,4.901459533195756,0.9997357261459661,3.8068628441336125,0.99574375,4.513686660231622,0.998475,3.8965630245346805,0.997475,0.48463873042066175,33.43305886195862,8.52627654481793,-0.003991976145966025,0.004537301504379788,True,0.6032309521094055,0.43,0.8256887030514285,red,0.0013829079566022244,0.002311803451553265,0.0017798877820742911,,0.9177090346094192,0.4940621551460562,400,"{""sigma"": 1.5}",42.42640687119285,0.997875,4.498113696386212,0.955,23260110,"gaussian(1.5 px): input ideal d'=4.90 < 5 (prespecified floor, Rose): the input does not meet the detectability requirement and post-processing cannot restore it.",False,23268110,
atlas_demo,120.0,50.0,0.5,42.42640687119285,,20.0,,raw,none,4.901459533195756,0.9997357261459661,4.498113696386212,0.997875,4.538117193818239,0.998525,3.3330693153202096,0.9891,0.04430847395654,19.483797435395953,42.45171851653066,-0.0018607261459661073,0.0032062373160185015,True,0.8421898722037522,0.955,0.994136970076617,red,0.001360032044866706,0.0016326765906208448,0.0037049166158248897,,0.9177090346094192,0.6362229514900126,400,{},42.42640687119285,0.997875,4.498113696386212,0.955,23260110,"raw: input ideal d'=4.90 < 5 (prespecified floor, Rose): the input does not meet the detectability requirement and post-processing cannot restore it.",False,23268110,
dose,120.0,100.0,1.0,30.0,0.0,20.0,,NLM(0.6 sd),nlm,6.931710547268338,0.9999995243637675,5.878875887955885,0.9999604166666667,5.751784477899849,0.9999166666666667,5.267766502591258,0.9999986111111111,0.6113856026909402,34.4821227843498,7.555467541505865,-3.9107697100804195e-05,0.00025251072653077256,True,0.7192961650039642,0.0,0.6744782131249624,green,0.00018642048501988604,0.00012848005579317928,2.406629088718002e-05,,0.996030611296369,0.27677636684511325,1200,"{""h"": 18.0, ""patch_distance"": 6, ""patch_size"": 5}",30.0,0.9999951388888889,6.904195893725172,0.19,23260110,NLM(0.6 sd): input ideal d'=6.93 meets the floor and the processed task d'=5.88 follows it; no excess false structure or erasure.,True,23261110,
dose,120.0,100.0,1.0,30.0,0.0,20.0,,TV(0.4 sd),tv,6.931710547268338,0.9999995243637675,6.845259301809969,0.9999944444444444,6.456209670981017,0.9999833333333333,5.228651594476776,0.9999430555555555,0.363155220817288,29.81333837351141,12.92760698041251,-5.07991932308105e-06,9.503266897166309e-05,True,0.9752118495300318,0.0425,0.9047719204661174,green,8.33683939114832e-05,4.813263165616641e-05,0.00015410157910110566,,0.996030611296369,0.38703878862387314,1200,"{""max_num_iter"": 200, ""weight"": 12.0}",30.0,0.9999951388888889,6.904195893725172,0.19,23260110,TV(0.4 sd): input ideal d'=6.93 meets the floor and the processed task d'=6.85 follows it; no excess false structure or erasure.,True,23261110,
dose,120.0,100.0,1.0,30.0,0.0,20.0,,gaussian(1.5 px),gaussian,6.931710547268338,0.9999995243637675,6.370497318400019,0.9999902777777778,6.457298761346833,0.9999833333333333,5.592018784142928,0.9999951388888889,0.6338937711632517,36.42796791513726,6.039124151109237,-9.246585989663991e-06,0.00012549231438977598,True,0.8446287030002634,0.009166666666666667,0.822059450753515,green,8.33683939114832e-05,6.367355264164098e-05,4.5023946417638695e-05,,0.996030611296369,0.3469530091269997,1200,"{""sigma"": 1.5}",30.0,0.9999951388888889,6.904195893725172,0.19,23260110,gaussian(1.5 px): input ideal d'=6.93 meets the floor and the processed task d'=6.37 follows it; no excess false structure or erasure.,True,23261110,
dose,120.0,100.0,1.0,30.0,0.0,20.0,,raw,none,6.931710547268338,0.9999995243637675,6.904195893725172,0.9999951388888889,6.4933992888713075,0.9999861111111111,4.7557908775404965,0.9997541666666667,0.09780003175471344,22.50102192124481,29.9939013646499,-4.385474878576545e-06,8.893975786487747e-05,True,0.9920769786394186,0.19,0.9932180084054107,green,7.610453064041804e-05,4.5023946417638695e-05,0.00032020060762936374,,0.996030611296369,0.44766333990066604,1200,{},30.0,0.9999951388888889,6.904195893725172,0.19,23260110,raw: input ideal d'=6.93 meets the floor and the processed task d'=6.90 follows it; no excess false structure or erasure.,True,23261110,
dose,120.0,12.500000000000002,0.12500000000000003,84.85281374238569,0.0,20.0,,NLM(0.6 sd),nlm,2.450729766597878,0.9584457342995427,2.0091535158118488,0.9227993055555556,2.2616388917960752,0.9462083333333333,2.0470850009726296,0.9273305555555555,0.15550022903309105,25.610808299197032,20.9816845211831,-0.03564642874398716,0.011220311979004574,True,0.6721023158424885,0.9941666666666666,0.6167298328687286,red,0.004775234284616798,0.0057243998476803875,0.005553867187795116,,0.9245339617791952,0.784162275719896,1200,"{""h"": 50.911688245431414, ""patch_distance"": 6, ""patch_size"": 5}",84.85281374238569,0.9458347222222222,2.2657829003629386,1.0,23260110,"NLM(0.6 sd): input ideal d'=2.45 < 5 (prespecified floor, Rose): the input does not meet the detectability requirement and post-processing cannot restore it.",False,23264110,
dose,120.0,12.500000000000002,0.12500000000000003,84.85281374238569,0.0,20.0,,TV(0.4 sd),tv,2.450729766597878,0.9584457342995427,2.2891629711899135,0.94738125,2.4331939330809758,0.9566166666666667,1.87417186937065,0.9074611111111112,0.050140694655363235,20.801924787475613,36.483491283761175,-0.011064484299542765,0.009256676236893288,True,0.8724942490510799,1.0,0.9042803330159607,red,0.004284891180067195,0.00472252646755698,0.006264600745642374,,0.9245339617791952,1.0947184060927775,1200,"{""max_num_iter"": 200, ""weight"": 33.94112549695428}",84.85281374238569,0.9458347222222222,2.2657829003629386,1.0,23260110,"TV(0.4 sd): input ideal d'=2.45 < 5 (prespecified floor, Rose): the input does not meet the detectability requirement and post-processing cannot restore it.",False,23264110,
dose,120.0,12.500000000000002,0.12500000000000003,84.85281374238569,0.0,20.0,,gaussian(1.5 px),gaussian,2.450729766597878,0.9584457342995427,1.78150737147094,0.8970263888888889,2.433318736304655,0.9568138888888889,1.9728596066361903,0.9180305555555556,0.20537149053114784,27.491021759687754,16.89979225553482,-0.06141934541065386,0.012944260107001379,True,0.5284262651864868,1.0,0.8254966189699419,red,0.004275059301308651,0.006603981381624423,0.005898173796795952,,0.9245339617791952,0.98217450775554,1200,"{""sigma"": 1.5}",84.85281374238569,0.9458347222222222,2.2657829003629386,1.0,23260110,"gaussian(1.5 px): input ideal d'=2.45 < 5 (prespecified floor, Rose): the input does not meet the detectability requirement and post-processing cannot restore it.",False,23264110,
dose,120.0,12.500000000000002,0.12500000000000003,84.85281374238569,0.0,20.0,,raw,none,2.450729766597878,0.9584457342995427,2.2657829003629386,0.9458347222222222,2.4447858761689725,0.9575305555555556,1.6657208356584043,0.8805923611111112,0.007466608233564207,13.471146555004358,84.82581646188817,-0.012611012077320516,0.009392647200804074,True,0.8547630464831344,1.0,1.000748708210663,red,0.004239142055791493,0.004791900683095279,0.007099887943154285,,0.9245339617791952,1.2667685644524296,1200,{},84.85281374238569,0.9458347222222222,2.2657829003629386,1.0,23260110,"raw: input ideal d'=2.45 < 5 (prespecified floor, Rose): the input does not meet the detectability requirement and post-processing cannot restore it.",False,23264110,
dose,120.0,200.0,2.0,21.213203435596427,0.0,20.0,,NLM(0.6 sd),nlm,9.802919066391512,0.9999999999979211,7.989210285588267,1.0,8.269387173480538,1.0,7.040287017799636,1.0,0.7530213638571233,37.38522408894729,5.409194906446303,2.0788926136106056e-12,6.944444444444445e-07,True,0.6641969404667081,0.0,0.7338593530609661,green,0.0,0.0,0.0,,0.9909914012432647,0.1938719142961996,1200,"{""h"": 12.727922061357855, ""patch_distance"": 6, ""patch_size"": 5}",21.213203435596427,1.0,9.71460850187764,0.0,23260110,NLM(0.6 sd): input ideal d'=9.80 meets the floor and the processed task d'=7.99 follows it; no excess false structure or erasure.,True,23260110,
dose,120.0,200.0,2.0,21.213203435596427,0.0,20.0,,TV(0.4 sd),tv,9.802919066391512,0.9999999999979211,9.564564264721877,1.0,9.387114191077442,1.0,7.554067961731508,1.0,0.535549852167421,32.80392466541742,9.162046792692605,2.0788926136106056e-12,6.944444444444445e-07,True,0.9519618513264375,0.0,0.9161139646481339,green,0.0,0.0,0.0,,0.9909914012432647,0.27169664235096985,1200,"{""max_num_iter"": 200, ""weight"": 8.485281374238571}",21.213203435596427,1.0,9.71460850187764,0.0,23260110,TV(0.4 sd): input ideal d'=9.80 meets the floor and the processed task d'=9.56 follows it; no excess false structure or erasure.,True,23260110,
dose,120.0,200.0,2.0,21.213203435596427,0.0,20.0,,gaussian(1.5 px),gaussian,9.802919066391512,0.9999999999979211,9.164619160140505,1.0,9.355172542085338,1.0,7.927675454848166,1.0,0.7578477202467727,39.32257133046918,4.327757603109902,2.0788926136106056e-12,6.944444444444445e-07,True,0.8740132379288683,0.0,0.8271011716264104,green,0.0,0.0,0.0,,0.9909914012432647,0.24357545670703198,1200,"{""sigma"": 1.5}",21.213203435596427,1.0,9.71460850187764,0.0,23260110,gaussian(1.5 px): input ideal d'=9.80 meets the floor and the processed task d'=9.16 follows it; no excess false structure or erasure.,True,23260110,
dose,120.0,200.0,2.0,21.213203435596427,0.0,20.0,,raw,none,9.802919066391512,0.9999999999979211,9.71460850187764,1.0,9.404689863745949,1.0,7.0490740886746,1.0,0.19465795071988476,25.511824100657716,21.20782880344751,2.0788926136106056e-12,6.944444444444445e-07,True,0.9820639573380893,0.0,0.9992401466146829,green,0.0,0.0,0.0,,0.9909914012432647,0.31406266635434216,1200,{},21.213203435596427,1.0,9.71460850187764,0.0,23260110,raw: input ideal d'=9.80 meets the floor and the processed task d'=9.71 follows it; no excess false structure or erasure.,True,23260110,
dose,120.0,25.000000000000007,0.25000000000000006,59.999999999999986,0.0,20.0,,NLM(0.6 sd),nlm,3.4658552736341695,0.9928716529681852,2.8590497139714524,0.97706875,3.005919416893721,0.9848138888888889,2.899613529703082,0.9822458333333334,0.28061723376054637,28.575584625373146,14.91469981038491,-0.015802902968185206,0.006090281782784411,True,0.680491283967206,0.6516666666666666,0.6326266366106276,red,0.002524933047073437,0.0031069894071390366,0.0027314026002767207,,0.953839007209932,0.5517016386335566,1200,"{""h"": 35.99999999999999, ""patch_distance"": 6, ""patch_size"": 5}",59.999999999999986,0.9891354166666667,3.305867953336523,1.0,23260110,"NLM(0.6 sd): input ideal d'=3.47 < 5 (prespecified floor, Rose): the input does not meet the detectability requirement and post-processing cannot restore it.",False,23263110,
dose,120.0,25.000000000000007,0.25000000000000006,59.999999999999986,0.0,20.0,,TV(0.4 sd),tv,3.4658552736341695,0.9928716529681852,3.3150163103924255,0.9894770833333333,3.2391916600185944,0.9888027777777778,2.635444886325207,0.9673048611111111,0.10904500566758343,23.793267717413485,25.854098472050214,-0.0033945696348519627,0.004116328123571809,True,0.9148512628392332,0.9991666666666666,0.9121745499492293,red,0.0021663895522049063,0.0020998516868631044,0.003715298180229665,,0.953839007209932,0.7684159541272676,1200,"{""max_num_iter"": 200, ""weight"": 23.999999999999996}",59.999999999999986,0.9891354166666667,3.305867953336523,1.0,23260110,"TV(0.4 sd): input ideal d'=3.47 < 5 (prespecified floor, Rose): the input does not meet the detectability requirement and post-processing cannot restore it.",False,23263110,
dose,120.0,25.000000000000007,0.25000000000000006,59.999999999999986,0.0,20.0,,gaussian(1.5 px),gaussian,3.4658552736341695,0.9928716529681852,2.7475932725421566,0.9752229166666667,3.249587655250417,0.9891444444444445,2.8010153368768016,0.9752472222222223,0.33479827941022555,30.453489772753116,12.015088431280024,-0.01764873630151853,0.00633251179299685,True,0.6284692620031355,0.9741666666666666,0.8336538134649055,red,0.0021329304313740453,0.0032305784180204195,0.003228981071018154,,0.953839007209932,0.6906872695841906,1200,"{""sigma"": 1.5}",59.999999999999986,0.9891354166666667,3.305867953336523,1.0,23260110,"gaussian(1.5 px): input ideal d'=3.47 < 5 (prespecified floor, Rose): the input does not meet the detectability requirement and post-processing cannot restore it.",False,23263110,
dose,120.0,25.000000000000007,0.25000000000000006,59.999999999999986,0.0,20.0,,raw,none,3.4658552736341695,0.9928716529681852,3.305867953336523,0.9891354166666667,3.2554854403235494,0.9892527777777778,2.3805306176251477,0.9526708333333334,0.01868616935944256,16.476316075500122,60.01652311996547,-0.0037362363015185363,0.004182907050619159,True,0.9098088516752286,1.0,1.0098454675408204,red,0.0021222131045165547,0.0021338211513902672,0.00447709511028827,,0.953839007209932,0.8896749642138015,1200,{},59.999999999999986,0.9891354166666667,3.305867953336523,1.0,23260110,"raw: input ideal d'=3.47 < 5 (prespecified floor, Rose): the input does not meet the detectability requirement and post-processing cannot restore it.",False,23263110,
dose,120.0,3.125,0.03125,169.7056274847714,0.0,20.0,,NLM(0.6 sd),nlm,1.225364883298939,0.8068820701518937,0.8890323390233926,0.7352659722222222,1.1226588727994626,0.7872055555555556,0.9529864004916782,0.7481819444444444,0.03229635996055853,19.619063726772858,41.825344687710526,-0.0716160979296715,0.019866437925869385,True,0.5263859123014735,1.0,0.6009688932977659,red,0.00927492495604797,0.010135769656036228,0.009941144286654652,,0.7226684675563505,1.5687566488158566,1200,"{""h"": 101.82337649086284, ""patch_distance"": 6, ""patch_size"": 5}",169.7056274847714,0.7355541666666666,0.8855325624110105,1.0,23260110,"NLM(0.6 sd): input ideal d'=1.23 < 5 (prespecified floor, Rose): the input does not meet the detectability requirement and post-processing cannot restore it.",False,23266110,
dose,120.0,3.125,0.03125,169.7056274847714,0.0,20.0,,TV(0.4 sd),tv,1.225364883298939,0.8068820701518937,0.9279687140822781,0.7449381944444444,1.1802010408179198,0.7967611111111111,0.7670394366950366,0.7065291666666667,0.008174150859265717,14.782602627619235,72.95603334669346,-0.0619438757074493,0.01958305820660354,True,0.5735031515140773,1.0,0.8747705009316997,red,0.00909268683504591,0.009991185509847265,0.010525771634906702,,0.7226684675563505,2.1875603648552615,1200,"{""max_num_iter"": 200, ""weight"": 67.88225099390857}",169.7056274847714,0.7355541666666666,0.8855325624110105,1.0,23260110,"TV(0.4 sd): input ideal d'=1.23 < 5 (prespecified floor, Rose): the input does not meet the detectability requirement and post-processing cannot restore it.",False,23266110,
dose,120.0,3.125,0.03125,169.7056274847714,0.0,20.0,,gaussian(1.5 px),gaussian,1.225364883298939,0.8068820701518937,0.5726385384047482,0.6566,1.1830624773580356,0.7975277777777777,0.8615190029436224,0.7294902777777778,0.05180658695027049,21.46548773361959,33.815680213632206,-0.15028207015189377,0.021698698198882725,True,0.21838876127047713,1.0,0.8089732871323444,red,0.009077720111812784,0.011070613503916076,0.01021885214420591,,0.7226684675563505,1.9669983066204866,1200,"{""sigma"": 1.5}",169.7056274847714,0.7355541666666666,0.8855325624110105,1.0,23260110,"gaussian(1.5 px): input ideal d'=1.23 < 5 (prespecified floor, Rose): the input does not meet the detectability requirement and post-processing cannot restore it.",False,23266110,
dose,120.0,3.125,0.03125,169.7056274847714,0.0,20.0,,raw,none,1.225364883298939,0.8068820701518937,0.8855325624110105,0.7355541666666666,1.1898797972365487,0.798775,0.642679911434939,0.6758701388888889,0.0010571165692111583,7.452451090354818,169.6145849411066,-0.0713279034852271,0.019858188635257255,True,0.522249714000244,1.0,0.9698559830704715,red,0.00905326078075161,0.010131560756955838,0.010879621508197075,,0.7226684675563505,2.5290753474812457,1200,{},169.7056274847714,0.7355541666666666,0.8855325624110105,1.0,23260110,"raw: input ideal d'=1.23 < 5 (prespecified floor, Rose): the input does not meet the detectability requirement and post-processing cannot restore it.",False,23266110,
dose,120.0,49.99999999999999,0.49999999999999994,42.42640687119285,0.0,20.0,,NLM(0.6 sd),nlm,4.901459533195756,0.9997357261459661,4.214491349579771,0.9987263888888889,4.3572787859237945,0.9990972222222222,3.9752271269009456,0.9988243055555556,0.4431509330380638,31.544319983291206,10.596326627506501,-0.001009337257077192,0.0014295160235929026,True,0.7393319775511813,0.07166666666666667,0.6442921669572157,red,0.0006137090598741528,0.0007290039972258779,0.0007004035615266101,,1.0093145612829835,0.38943330833628176,1200,"{""h"": 25.45584412271571, ""patch_distance"": 6, ""patch_size"": 5}",42.42640687119285,0.9998930555555555,4.947114478393772,0.9566666666666667,23260110,"NLM(0.6 sd): input ideal d'=4.90 < 5 (prespecified floor, Rose): the input does not meet the detectability requirement and post-processing cannot restore it.",False,23262110,
dose,120.0,49.99999999999999,0.49999999999999994,42.42640687119285,0.0,20.0,,TV(0.4 sd),tv,4.901459533195756,0.9997357261459661,4.881433337829403,0.9998215277777778,4.7375876420867815,0.999625,3.7713573784703303,0.9950270833333333,0.2129805756231305,26.804068591011188,18.28013936771837,8.580163181171052e-05,0.0005354162815451463,True,0.9918451701577718,0.7,0.9059844752634718,red,0.0003954861575872425,0.0002728222770002508,0.0014417749351024714,,1.0093145612829835,0.5462401859702567,1200,"{""max_num_iter"": 200, ""weight"": 16.970562748477143}",42.42640687119285,0.9998930555555555,4.947114478393772,0.9566666666666667,23260110,"TV(0.4 sd): input ideal d'=4.90 < 5 (prespecified floor, Rose): the input does not meet the detectability requirement and post-processing cannot restore it.",False,23262110,
dose,120.0,49.99999999999999,0.49999999999999994,42.42640687119285,0.0,20.0,,gaussian(1.5 px),gaussian,4.901459533195756,0.9997357261459661,4.289082230149941,0.9988659722222222,4.730734111599638,0.999625,3.9520638689502037,0.9971465277777778,0.48580173752896616,33.45345202173593,8.505937289469115,-0.0008697539237438878,0.0013489016050250169,True,0.7657339494974045,0.41583333333333333,0.8280989402176907,red,0.0003954861575872425,0.0006878734360503859,0.001091600034103265,,1.0093145612829835,0.49039605432752525,1200,"{""sigma"": 1.5}",42.42640687119285,0.9998930555555555,4.947114478393772,0.9566666666666667,23260110,"gaussian(1.5 px): input ideal d'=4.90 < 5 (prespecified floor, Rose): the input does not meet the detectability requirement and post-processing cannot restore it.",False,23262110,
dose,120.0,49.99999999999999,0.49999999999999994,42.42640687119285,0.0,20.0,,raw,none,4.901459533195756,0.9997357261459661,4.947114478393772,0.9998930555555555,4.754624714375455,0.9996166666666667,3.460606357283057,0.9914277777777778,0.04433652407863559,19.487764277867658,42.43238645735778,0.0001573294095894573,0.00041461215473169265,True,1.0187158836178614,0.9566666666666667,0.9998900848566024,red,0.0003998571270353424,0.00021118638584799432,0.0018944673855043155,,1.0093145612829835,0.6325927557929515,1200,{},42.42640687119285,0.9998930555555555,4.947114478393772,0.9566666666666667,23260110,"raw: input ideal d'=4.90 < 5 (prespecified floor, Rose): the input does not meet the detectability requirement and post-processing cannot restore it.",False,23262110,
dose,120.0,6.25,0.0625,120.0,0.0,20.0,,NLM(0.6 sd),nlm,1.7329276368170845,0.8897811140599974,1.2537441343804117,0.81061875,1.546299666352143,0.8630138888888889,1.3831872751776495,0.8366527777777778,0.07422658196931603,22.603229590977765,29.66503354915904,-0.07916236405999733,0.01727579163256895,True,0.5234280261240836,1.0,0.5898195580962341,red,0.007585544647887268,0.008813987055062374,0.00824067494853988,,0.8026959057432447,1.1016954714328782,1200,"{""h"": 72.0, ""patch_distance"": 6, ""patch_size"": 5}",120.0,0.8364722222222222,1.3910139190223902,1.0,23260110,"NLM(0.6 sd): input ideal d'=1.73 < 5 (prespecified floor, Rose): the input does not meet the detectability requirement and post-processing cannot restore it.",False,23265110,
dose,120.0,6.25,0.0625,120.0,0.0,20.0,,TV(0.4 sd),tv,1.7329276368170845,0.8897811140599974,1.4111750795995173,0.83996875,1.641543647429766,0.8721361111111111,1.193196409103317,0.8000243055555556,0.020741584153024975,17.779568727348675,51.666962214580174,-0.04981236405999734,0.015999171063638754,True,0.6631334589639181,1.0,0.8721947042253715,red,0.007338854570666616,0.008162638061407379,0.009028621779210915,,0.8026959057432447,1.549056344269959,1200,"{""max_num_iter"": 200, ""weight"": 48.0}",120.0,0.8364722222222222,1.3910139190223902,1.0,23260110,"TV(0.4 sd): input ideal d'=1.73 < 5 (prespecified floor, Rose): the input does not meet the detectability requirement and post-processing cannot restore it.",False,23265110,
dose,120.0,6.25,0.0625,120.0,0.0,20.0,,gaussian(1.5 px),gaussian,1.7329276368170845,0.8897811140599974,0.9089105857360197,0.7395027777777777,1.6377871817657126,0.8716277777777778,1.3045050491351406,0.8207881944444444,0.1090062374385667,24.463441823538858,23.94584622107259,-0.15027833628221965,0.019743966790941557,True,0.2750942210429742,1.0,0.7997844013990142,red,0.007352896484669205,0.010073283234911216,0.008598067128982128,,0.8026959057432447,1.3908270618794443,1200,"{""sigma"": 1.5}",120.0,0.8364722222222222,1.3910139190223902,1.0,23260110,"gaussian(1.5 px): input ideal d'=1.73 < 5 (prespecified floor, Rose): the input does not meet the detectability requirement and post-processing cannot restore it.",False,23265110,
dose,120.0,6.25,0.0625,120.0,0.0,20.0,,raw,none,1.7329276368170845,0.8897811140599974,1.3910139190223902,0.8364722222222222,1.643723803092217,0.8723861111111111,1.0374112003884135,0.7676881944444445,0.002829662883315102,10.456387563976723,120.02371861652486,-0.05330889183777521,0.016160381838293564,True,0.6443207170969679,1.0,0.9693802420364144,red,0.007331935591696411,0.008244889968037511,0.009623289700891446,,0.8026959057432447,1.7908023303228382,1200,{},120.0,0.8364722222222222,1.3910139190223902,1.0,23260110,"raw: input ideal d'=1.73 < 5 (prespecified floor, Rose): the input does not meet the detectability requirement and post-processing cannot restore it.",False,23265110,
signal,120.0,25.0,,60.0,,10.0,1.5,NLM(0.6 sd),nlm,0.8426561840065284,0.7243615801373218,0.40338760248266303,0.6144368055555556,0.5777852679276059,0.6573222222222223,0.5414082714099943,0.6493951388888889,0.2736094629880349,28.625186143465942,14.829939661619727,-0.1099247745817662,0.022358767071600654,True,0.22916287851820427,1.0,0.3548409789221623,red,0.011063882175701999,0.01140738952527385,0.011135966120909342,0.5,0.5741211926656011,1.7607524071491716,1200,"{""h"": 36.0, ""patch_distance"": 6, ""patch_size"": 5}",60.0,0.6336722222222222,0.4837867733688724,1.0,23260110,"NLM(0.6 sd): input ideal d'=0.84 < 5 (prespecified floor, Rose): the input does not meet the detectability requirement and post-processing cannot restore it.",False,23263110,
signal,120.0,25.0,,60.0,,20.0,1.5,NLM(0.6 sd),nlm,1.6853123680130568,0.8833097279993577,1.1589159846894572,0.7948638888888889,1.4080857708634287,0.846925,1.2999989222717898,0.8247923611111111,0.274939319780221,28.613833386566753,14.849520414006566,-0.08844583911046877,0.01789418819346944,True,0.47287144591173047,1.0,0.348476321756985,red,0.007994987962154747,0.009129501302149729,0.008510283836406972,1.0,0.8396976449491209,0.8790480261497411,1200,"{""h"": 36.0, ""patch_distance"": 6, ""patch_size"": 5}",60.0,0.8402256944444444,1.41515282642419,1.0,23260110,"NLM(0.6 sd): input ideal d'=1.69 < 5 (prespecified floor, Rose): the input does not meet the detectability requirement and post-processing cannot restore it.",False,23263210,
signal,120.0,25.0,,60.0,,10.0,3.0,NLM(0.6 sd),nlm,1.7329276368170845,0.8897811140599974,1.3335235932501988,0.82559375,1.5888310538162105,0.8724555555555555,1.39595419537715,0.8384541666666666,0.2782651929870666,28.642497186481602,14.800174748644258,-0.06418736405999736,0.01664573275546977,True,0.5921620234616762,1.0,0.6055999956714848,red,0.00733001211425586,0.008492522537311534,0.00819842971020123,0.5,0.8310853477214801,1.1092784656831982,1200,"{""h"": 36.0, ""patch_distance"": 6, ""patch_size"": 5}",60.0,0.8440354166666667,1.4402107676202895,1.0,23260110,"NLM(0.6 sd): input ideal d'=1.73 < 5 (prespecified floor, Rose): the input does not meet the detectability requirement and post-processing cannot restore it.",False,23266110,
signal,120.0,25.0,,60.0,,20.0,3.0,NLM(0.6 sd),nlm,3.465855273634169,0.9928716529681852,2.8625850682815366,0.9818326388888889,2.9989954976755873,0.9884166666666667,2.847107052518755,0.9832583333333333,0.2805601919895862,28.58185864384775,14.90411257333299,-0.011039014079296305,0.005416489927759337,True,0.6821752457484438,0.6766666666666666,0.6182460634149323,red,0.0022035996561278397,0.0027632117355390184,0.002651879259167049,1.0,0.9651051348001658,0.5561167640828816,1200,"{""h"": 36.0, ""patch_distance"": 6, ""patch_size"": 5}",60.0,0.9927645833333333,3.3449147210585704,1.0,23260110,"NLM(0.6 sd): input ideal d'=3.47 < 5 (prespecified floor, Rose): the input does not meet the detectability requirement and post-processing cannot restore it.",False,23266210,
signal,120.0,25.0,,60.0,,10.0,5.0,NLM(0.6 sd),nlm,2.911006412451428,0.9802237584170569,2.4991858243307177,0.9610958333333334,2.6240105126784306,0.9687,2.096023799531412,0.9318034722222223,0.2831235939192202,28.604302124287873,14.865768147391309,-0.019127925083723518,0.00794990086557226,True,0.737073459514958,0.9266666666666666,0.7441016350708464,red,0.003634489496099407,0.00405579208793128,0.005379916153910289,0.5,0.9226934986556423,0.6931909958809181,1200,"{""h"": 36.0, ""patch_distance"": 6, ""patch_size"": 5}",60.0,0.9698847222222222,2.685966691313818,1.0,23260110,"NLM(0.6 sd): input ideal d'=2.91 < 5 (prespecified floor, Rose): the input does not meet the detectability requirement and post-processing cannot restore it.",False,23269110,
signal,120.0,25.0,,60.0,,20.0,5.0,NLM(0.6 sd),nlm,5.822012824902856,0.9999807902708996,5.183859506433633,0.9997854166666666,5.357620306429024,0.9998388888888889,4.224658413400887,0.9987166666666667,0.29372031087615286,28.561858387847096,14.93794105645425,-0.00019537360423294015,0.0005870276465599633,True,0.792793589647961,0.03916666666666667,0.7648039729517314,amber,0.00025921217099632185,0.0002991550899610607,0.0007317829000451046,1.0,0.9734990830901247,0.3496982757905412,1200,"{""h"": 36.0, ""patch_distance"": 6, ""patch_size"": 5}",60.0,0.9999444444444444,5.667724146781877,0.4008333333333333,23260110,NLM(0.6 sd): input ideal d'=5.82 is within 1.2x of the floor (5): marginal — small dose changes cross it.,False,23269210,
signal,120.0,25.0,,60.0,,10.0,1.5,TV(0.4 sd),tv,0.8426561840065284,0.7243615801373218,0.476651936805481,0.6312958333333333,0.7240876459295146,0.6957222222222222,0.6599277559020096,0.6809368055555556,0.10208388486292637,23.798748355416524,25.837816336155047,-0.09306574680398849,0.02212057611807728,True,0.3199645761946206,1.0,0.8100109980735702,red,0.010657651425081223,0.011285861295468508,0.010825431769614556,0.5,0.5741211926656011,3.231681764237731,1200,"{""max_num_iter"": 200, ""weight"": 24.0}",60.0,0.6336722222222222,0.4837867733688724,1.0,23260110,"TV(0.4 sd): input ideal d'=0.84 < 5 (prespecified floor, Rose): the input does not meet the detectability requirement and post-processing cannot restore it.",False,23263110,
signal,120.0,25.0,,60.0,,20.0,1.5,TV(0.4 sd),tv,1.6853123680130568,0.8833097279993577,1.4158670670369964,0.8404097222222222,1.6301313866664775,0.8736916666666666,1.4229007287012287,0.8430506944444445,0.10399467124439105,23.80111807577218,25.831005571567918,-0.042900005777135486,0.015978654355336054,True,0.7058040474789055,1.0,0.8152386529933116,red,0.007295661760865912,0.008152170160739543,0.008089029079648433,1.0,0.8396976449491209,1.6213638164368045,1200,"{""max_num_iter"": 200, ""weight"": 24.0}",60.0,0.8402256944444444,1.41515282642419,1.0,23260110,"TV(0.4 sd): input ideal d'=1.69 < 5 (prespecified floor, Rose): the input does not meet the detectability requirement and post-processing cannot restore it.",False,23263210,
signal,120.0,25.0,,60.0,,10.0,3.0,TV(0.4 sd),tv,1.7329276368170845,0.8897811140599974,1.469212215941304,0.8492756944444444,1.681195503115448,0.8842333333333333,1.1935283959935337,0.8021902777777777,0.10448445753689187,23.812697916617275,25.796238633733033,-0.040505419615552984,0.015557113881270145,True,0.7188002268717363,1.0,0.8830185295967795,red,0.0069937500671372185,0.00793709453823272,0.008985572758614434,0.5,0.8310853477214801,1.5468387684438734,1200,"{""max_num_iter"": 200, ""weight"": 24.0}",60.0,0.8440354166666667,1.4402107676202895,1.0,23260110,"TV(0.4 sd): input ideal d'=1.73 < 5 (prespecified floor, Rose): the input does not meet the detectability requirement and post-processing cannot restore it.",False,23266110,
signal,120.0,25.0,,60.0,,20.0,3.0,TV(0.4 sd),tv,3.465855273634169,0.9928716529681852,3.3107915569584927,0.9925798611111111,3.2654089428297177,0.9923861111111111,2.6138502233876895,0.9687805555555555,0.10905876733625584,23.80171320035083,25.8288303722313,-0.0002917918570741751,0.0034543996138130494,True,0.9125209224699408,0.9983333333333333,0.9033786079736064,red,0.0017850605269751118,0.0017621268536621034,0.003629769777433653,1.0,0.9651051348001658,0.7759034845859064,1200,"{""max_num_iter"": 200, ""weight"": 24.0}",60.0,0.9927645833333333,3.3449147210585704,1.0,23260110,"TV(0.4 sd): input ideal d'=3.47 < 5 (prespecified floor, Rose): the input does not meet the detectability requirement and post-processing cannot restore it.",False,23266210,
signal,120.0,25.0,,60.0,,10.0,5.0,TV(0.4 sd),tv,2.911006412451428,0.9802237584170569,2.681122373988746,0.9699236111111111,2.799644627301623,0.9755972222222222,1.6955191644701892,0.8824284722222222,0.10767142596586482,23.80071572235801,25.83206471493506,-0.01030014730594575,0.006982358436341013,True,0.8482950825975324,0.9975,0.9359692276362813,red,0.003205893031432748,0.0035621389203919275,0.007046615851096598,0.5,0.9226934986556423,0.869475589193701,1200,"{""max_num_iter"": 200, ""weight"": 24.0}",60.0,0.9698847222222222,2.685966691313818,1.0,23260110,"TV(0.4 sd): input ideal d'=2.91 < 5 (prespecified floor, Rose): the input does not meet the detectability requirement and post-processing cannot restore it.",False,23269110,
signal,120.0,25.0,,60.0,,20.0,5.0,TV(0.4 sd),tv,5.822012824902856,0.9999807902708996,5.635862710996039,0.9999486111111111,5.632312593844118,0.999975,3.4467994822838226,0.9913798611111111,0.1186975776861462,23.80346920994521,25.823485076994892,-3.217915978848129e-05,0.0002876162228625261,True,0.9370753090752243,0.17833333333333334,0.9445503013789588,amber,0.00010210522446816943,0.00014639135243365903,0.0018997744928459515,1.0,0.9734990830901247,0.4345952513447468,1200,"{""max_num_iter"": 200, ""weight"": 24.0}",60.0,0.9999444444444444,5.667724146781877,0.4008333333333333,23260110,TV(0.4 sd): input ideal d'=5.82 is within 1.2x of the floor (5): marginal — small dose changes cross it.,False,23269210,
signal,120.0,25.0,,60.0,,10.0,1.5,gaussian(1.5 px),gaussian,0.8426561840065284,0.7243615801373218,0.215342230816381,0.5635763888888888,0.7241634144370753,0.6955444444444444,0.6996089830265366,0.6911923611111112,0.3230350413178537,30.476635131910413,11.983150846447494,-0.16078519124843293,0.022875151804564446,True,0.06530667772820023,1.0,0.6691795464244026,red,0.01065975505159969,0.01167085596498242,0.010710594190927089,0.5,0.5741211926656011,2.6604246310438042,1200,"{""sigma"": 1.5}",60.0,0.6336722222222222,0.4837867733688724,1.0,23260110,"gaussian(1.5 px): input ideal d'=0.84 < 5 (prespecified floor, Rose): the input does not meet the detectability requirement and post-processing cannot restore it.",False,23263110,
signal,120.0,25.0,,60.0,,20.0,1.5,gaussian(1.5 px),gaussian,1.6853123680130568,0.8833097279993577,0.6962628528248993,0.6901430555555556,1.6341570368685419,0.8732277777777778,1.457611866190585,0.8488472222222222,0.3262132879204297,30.49531520287881,11.957861780369994,-0.19316667244380215,0.021016727700142315,True,0.1706811791497235,1.0,0.6648743754907896,red,0.007308577815846308,0.0107226629782331,0.00794769464237878,1.0,0.8396976449491209,1.333451787313941,1200,"{""sigma"": 1.5}",60.0,0.8402256944444444,1.41515282642419,1.0,23260110,"gaussian(1.5 px): input ideal d'=1.69 < 5 (prespecified floor, Rose): the input does not meet the detectability requirement and post-processing cannot restore it.",False,23263210,
signal,120.0,25.0,,60.0,,10.0,3.0,gaussian(1.5 px),gaussian,1.7329276368170845,0.8897811140599974,1.0308515367343354,0.7665270833333333,1.6849588500265205,0.8844916666666667,1.2978282590366677,0.8216027777777778,0.328280157072935,30.492954043556843,11.96035958610889,-0.12325403072666408,0.018900705169241642,True,0.35385993183617487,1.0,0.8144222834675826,red,0.006986142177164651,0.009643039807811811,0.008580337981639331,0.5,0.8310853477214801,1.3908778414990202,1200,"{""sigma"": 1.5}",60.0,0.8440354166666667,1.4402107676202895,1.0,23260110,"gaussian(1.5 px): input ideal d'=1.73 < 5 (prespecified floor, Rose): the input does not meet the detectability requirement and post-processing cannot restore it.",False,23266110,
signal,120.0,25.0,,60.0,,20.0,3.0,gaussian(1.5 px),gaussian,3.465855273634169,0.9928716529681852,2.6230271154483447,0.9685173611111111,3.267994757433304,0.9922638888888888,2.7742337050344203,0.9762361111111111,0.33481949084359625,30.472274058177167,11.989186868918088,-0.024354291857074162,0.007145092574004997,True,0.5727758692101899,0.9866666666666667,0.827483869961301,red,0.001799379151992431,0.003645168067329121,0.003163323612991784,1.0,0.9651051348001658,0.6980811129818819,1200,"{""sigma"": 1.5}",60.0,0.9927645833333333,3.3449147210585704,1.0,23260110,"gaussian(1.5 px): input ideal d'=3.47 < 5 (prespecified floor, Rose): the input does not meet the detectability requirement and post-processing cannot restore it.",False,23266210,
signal,120.0,25.0,,60.0,,10.0,5.0,gaussian(1.5 px),gaussian,2.911006412451428,0.9802237584170569,2.3007618259756617,0.9471347222222222,2.8013364572595476,0.9756361111111111,1.906999385868718,0.9092722222222223,0.33816133130872067,30.494869167017157,11.957837702553721,-0.03308903619483472,0.009278485495178651,True,0.6246791371447064,0.9933333333333333,0.8907856963393798,red,0.0032033176544753175,0.004733653844619717,0.006203522950679716,0.5,0.9226934986556423,0.7990603626656453,1200,"{""sigma"": 1.5}",60.0,0.9698847222222222,2.685966691313818,1.0,23260110,"gaussian(1.5 px): input ideal d'=2.91 < 5 (prespecified floor, Rose): the input does not meet the detectability requirement and post-processing cannot restore it.",False,23269110,
signal,120.0,25.0,,60.0,,20.0,5.0,gaussian(1.5 px),gaussian,5.822012824902856,0.9999807902708996,5.391939984252026,0.9999277777777777,5.628029903568196,0.9999722222222223,3.853546284364297,0.9967395833333333,0.355619301718637,30.46725669356114,11.995415912751609,-5.301249312184009e-05,0.0003408413875497862,True,0.8577165372472252,0.10416666666666667,0.8974514307920557,amber,0.00010762843111213935,0.00017354754770413,0.0011669578135880545,1.0,0.9734990830901247,0.39960303464098257,1200,"{""sigma"": 1.5}",60.0,0.9999444444444444,5.667724146781877,0.4008333333333333,23260110,gaussian(1.5 px): input ideal d'=5.82 is within 1.2x of the floor (5): marginal — small dose changes cross it.,False,23269210,
signal,120.0,25.0,,60.0,,10.0,1.5,raw,none,0.8426561840065284,0.7243615801373218,0.4837867733688724,0.6336722222222222,0.7272941244359081,0.6963611111111111,0.6135810399469916,0.6690222222222222,0.01681254079635254,16.476316075500122,60.01652311996547,-0.09068935791509958,0.022084265633114105,True,0.3296151438677723,1.0,0.9967823120522642,red,0.010650074033640761,0.011267335197412836,0.01095021815724058,0.5,0.5741211926656011,3.989233897866664,1200,{},60.0,0.6336722222222222,0.4837867733688724,1.0,23260110,"raw: input ideal d'=0.84 < 5 (prespecified floor, Rose): the input does not meet the detectability requirement and post-processing cannot restore it.",False,23263110,
signal,120.0,25.0,,60.0,,20.0,1.5,raw,none,1.6853123680130568,0.8833097279993577,1.41515282642419,0.8402256944444444,1.6417126571308975,0.8747666666666667,1.364668611774107,0.8329243055555555,0.017351749364213555,16.476352737474073,60.016317644966584,-0.043084033554913304,0.01598722152975531,True,0.7050921349331,1.0,0.9978232446964378,red,0.0072656141964192855,0.008156541248416067,0.0083270102348175,1.0,0.8396976449491209,2.0064771059050823,1200,{},60.0,0.8402256944444444,1.41515282642419,1.0,23260110,"raw: input ideal d'=1.69 < 5 (prespecified floor, Rose): the input does not meet the detectability requirement and post-processing cannot restore it.",False,23263210,
signal,120.0,25.0,,60.0,,10.0,3.0,raw,none,1.7329276368170845,0.8897811140599974,1.4402107676202895,0.8440354166666667,1.6941940111127354,0.8857916666666666,1.042655626806933,0.7708013888888889,0.01724074773608315,16.483350960247748,59.96781160019047,-0.045745697393330675,0.015808367304540067,True,0.6907028551973335,1.0,0.9786849611094222,red,0.0069476993092502885,0.008065287415883419,0.009569804953060184,0.5,0.8310853477214801,1.788326328328717,1200,{},60.0,0.8440354166666667,1.4402107676202895,1.0,23260110,"raw: input ideal d'=1.73 < 5 (prespecified floor, Rose): the input does not meet the detectability requirement and post-processing cannot restore it.",False,23266110,
signal,120.0,25.0,,60.0,,20.0,3.0,raw,none,3.465855273634169,0.9928716529681852,3.3449147210585704,0.9927645833333333,3.271325869000304,0.9923944444444445,2.3792618322338313,0.9544909722222222,0.018640945540426952,16.47722379028201,60.010207857039994,-0.00010706963485196397,0.0034110000283914736,True,0.9314279212176462,1.0,0.9961775796487433,red,0.001784080124830348,0.0017399838011550642,0.004389474432910845,1.0,0.9651051348001658,0.8955873381128792,1200,{},60.0,0.9927645833333333,3.3449147210585704,1.0,23260110,"raw: input ideal d'=3.47 < 5 (prespecified floor, Rose): the input does not meet the detectability requirement and post-processing cannot restore it.",False,23266210,
signal,120.0,25.0,,60.0,,10.0,5.0,raw,none,2.911006412451428,0.9802237584170569,2.685966691313818,0.9698847222222222,2.8042451371505197,0.9757444444444444,1.4298448278057543,0.8424729166666667,0.0178753586943436,16.47491488486314,60.02625671892085,-0.010339036194834672,0.006986908628437146,True,0.8513632924613899,1.0,0.9945994298421739,red,0.0031961326956054777,0.0035644604896309666,0.008102908859414885,0.5,0.9226934986556423,0.9765736049327111,1200,{},60.0,0.9698847222222222,2.685966691313818,1.0,23260110,"raw: input ideal d'=2.91 < 5 (prespecified floor, Rose): the input does not meet the detectability requirement and post-processing cannot restore it.",False,23269110,
signal,120.0,25.0,,60.0,,20.0,5.0,raw,none,5.822012824902856,0.9999807902708996,5.667724146781877,0.9999444444444444,5.637396106858841,0.999975,2.962284948262078,0.9796652777777778,0.020880831565142435,16.480037107159387,59.990860495334296,-3.6345826455175256e-05,0.00029902181304349127,True,0.9477004647773135,0.4008333333333333,1.003318950152138,amber,0.00010210522446816943,0.00015221063802815514,0.002924518679926674,1.0,0.9734990830901247,0.4883479207023432,1200,{},60.0,0.9999444444444444,5.667724146781877,0.4008333333333333,23260110,raw: input ideal d'=5.82 is within 1.2x of the floor (5): marginal — small dose changes cross it.,False,23269210,
texture,120.0,25.0,,60.0,0.0,,,NLM(0.6 sd),nlm,3.465855273634169,0.9928716529681852,2.9330595564036055,0.9803180555555555,3.133218301544734,0.9868,2.8938750840714973,0.9833951388888889,0.2807165760478343,28.58362824233432,14.900309412042636,-0.012553597412629736,0.0056392494524300455,True,0.7161779008776493,0.675,0.6281959030854884,red,0.0023531240653566353,0.0028768666426841534,0.0026409545979745822,,0.9928323344957443,0.5507418665202592,1200,"{""h"": 36.0, ""patch_distance"": 6, ""patch_size"": 5}",60.0,0.9929909722222222,3.4410131823465986,1.0,23260110,"NLM(0.6 sd): input ideal d'=3.47 < 5 (prespecified floor, Rose): the input does not meet the detectability requirement and post-processing cannot restore it.",False,23262110,0.0
texture,120.0,25.0,,60.0,0.25,,,NLM(0.6 sd),nlm,3.7547370518688785,0.9960345799373341,2.7877365347258904,0.9758527777777778,3.2214730094047352,0.9889138888888889,2.935341872492706,0.9820006944444445,0.6094893786140337,37.000206905862505,5.6706352274704095,-0.02018180215955634,0.006250886147612131,True,0.5512446619116882,0.39,0.559667638453719,red,0.0021555645910243293,0.0031889319153149756,0.002750317677380678,,0.9727862921553271,0.48078255469497727,1200,"{""h"": 36.0, ""patch_distance"": 6, ""patch_size"": 5}",33.50001999239478,0.99543125,3.65255673470575,1.0,23260110,"NLM(0.6 sd): input ideal d'=3.75 < 5 (prespecified floor, Rose): the input does not meet the detectability requirement and post-processing cannot restore it.",False,23264110,6.0
texture,120.0,25.0,,60.0,0.5,,,NLM(0.6 sd),nlm,6.154588910664027,0.9999932534459398,2.2477811765516056,0.9441152777777778,3.311732491919814,0.9927111111111111,2.966200140512939,0.9831020833333334,0.6443232657425609,38.12454622890451,4.985231850696519,-0.055877975668161994,0.009541525372394784,True,0.13338591123354313,0.245,0.5054235594247126,amber,0.0017464221557979254,0.004867860329683197,0.0026643029995257815,,0.9475833159817763,0.4449203489028957,1200,"{""h"": 36.0, ""patch_distance"": 6, ""patch_size"": 5}",17.95755117152193,0.9999979166666667,5.831985768471687,0.9991666666666666,23260110,NLM(0.6 sd): task d' fell 61% against the unprocessed input (5.83 -> 2.25) while fidelity improved: fidelity-task discordance.,True,23266110,6.0
texture,120.0,25.0,,60.0,1.0,,,NLM(0.6 sd),nlm,9.97053385555633,0.9999999999991069,2.6493883159417795,0.9689006944444445,3.9576146512843535,0.9980583333333334,3.367748188007568,0.9915736111111111,0.672824791807731,39.02127456784622,4.500463266704965,-0.03109930555466245,0.00710109458078239,True,0.07060808101203282,0.12833333333333333,0.5031525614230609,amber,0.0009002625851114031,0.0036227196991092674,0.0018782243164762596,,0.9613919690592985,0.4057374290867057,1200,"{""h"": 36.0, ""patch_distance"": 6, ""patch_size"": 5}",10.3739926928523,1.0,9.585591175965698,0.8933333333333333,23260110,NLM(0.6 sd): task d' fell 72% against the unprocessed input (9.59 -> 2.65) while fidelity improved: fidelity-task discordance.,True,23268110,6.0
texture,120.0,25.0,,60.0,0.0,,,TV(0.4 sd),tv,3.465855273634169,0.9928716529681852,3.4009706260377066,0.99208125,3.3510642591461606,0.9904166666666666,2.655282928311765,0.9687291666666666,0.10910833558379432,23.79957541462627,25.834767954018442,-0.000790402968185222,0.003568943129836901,True,0.9629082657497721,0.9991666666666666,0.9036587494130759,red,0.0020035161735918617,0.001820568496940937,0.0036327813260278704,,0.9928323344957443,0.772500279559981,1200,"{""max_num_iter"": 200, ""weight"": 24.0}",60.0,0.9929909722222222,3.4410131823465986,1.0,23260110,"TV(0.4 sd): input ideal d'=3.47 < 5 (prespecified floor, Rose): the input does not meet the detectability requirement and post-processing cannot restore it.",False,23262110,0.0
texture,120.0,25.0,,60.0,0.25,,,TV(0.4 sd),tv,3.7547370518688785,0.9960345799373341,3.3238998936806414,0.9917430555555555,3.4379600231077063,0.9927527777777778,2.877285778583646,0.9796493055555555,0.35804380507733924,30.72086634116348,11.65651367531124,-0.0042915243817786,0.0036446116910646242,True,0.783676483317462,0.95,0.8078718638155967,red,0.0017414072790678564,0.0018591756151454487,0.0029256751205134868,,0.9727862921553271,0.6611435738910068,1200,"{""max_num_iter"": 200, ""weight"": 24.0}",33.50001999239478,0.99543125,3.65255673470575,1.0,23260110,"TV(0.4 sd): input ideal d'=3.75 < 5 (prespecified floor, Rose): the input does not meet the detectability requirement and post-processing cannot restore it.",False,23264110,6.0
texture,120.0,25.0,,60.0,0.5,,,TV(0.4 sd),tv,6.154588910664027,0.9999932534459398,3.499783790691811,0.9961833333333333,3.3837668093866573,0.9943861111111111,2.8827137273710663,0.9833111111111111,0.47237987526665326,33.80860809526379,8.367277023256253,-0.003809920112606502,0.002475639855943812,True,0.3233585366381459,0.7475,0.772858489838698,amber,0.0015321010218376375,0.0012627504541009023,0.0026476698989821197,,0.9475833159817763,0.5918325162181373,1200,"{""max_num_iter"": 200, ""weight"": 24.0}",17.95755117152193,0.9999979166666667,5.831985768471687,0.9991666666666666,23260110,TV(0.4 sd): task d' fell 40% against the unprocessed input (5.83 -> 3.50) while fidelity improved: fidelity-task discordance.,True,23266110,6.0
texture,120.0,25.0,,60.0,1.0,,,TV(0.4 sd),tv,9.97053385555633,0.9999999999991069,3.9173470488590305,0.9999131944444445,4.258283205025268,0.9995916666666667,3.630772929964666,0.9960027777777778,0.6089806689360495,37.502519112685064,5.358913903927681,-8.680555466245021e-05,0.00037360655079437535,True,0.1543644437363204,0.40166666666666667,0.712568361829011,amber,0.00041269256960255185,0.00019026477490985245,0.0012923284208914284,,0.9613919690592985,0.4852550614821646,1200,"{""max_num_iter"": 200, ""weight"": 24.0}",10.3739926928523,1.0,9.585591175965698,0.8933333333333333,23260110,TV(0.4 sd): task d' fell 59% against the unprocessed input (9.59 -> 3.92) while fidelity improved: fidelity-task discordance.,True,23268110,6.0
texture,120.0,25.0,,60.0,0.0,,,gaussian(1.5 px),gaussian,3.465855273634169,0.9928716529681852,2.745632186814011,0.9737458333333333,3.3495724329108825,0.9902416666666667,2.7894155699693455,0.9756972222222222,0.33494972877871626,30.470492929507447,11.991506570663326,-0.019125819634851937,0.006520012504569508,True,0.6275724463990452,0.9725,0.8283150006678514,red,0.002021801457168653,0.003326243804247738,0.003199266539745611,,0.9928323344957443,0.6935247514415206,1200,"{""sigma"": 1.5}",60.0,0.9929909722222222,3.4410131823465986,1.0,23260110,"gaussian(1.5 px): input ideal d'=3.47 < 5 (prespecified floor, Rose): the input does not meet the detectability requirement and post-processing cannot restore it.",False,23262110,0.0
texture,120.0,25.0,,60.0,0.25,,,gaussian(1.5 px),gaussian,3.7547370518688785,0.9960345799373341,2.913042825279224,0.9812506944444445,3.48017601136502,0.99305,2.862181206345963,0.9787701388888889,0.35556121184354555,31.094163427267347,11.162783530826713,-0.01478388549288967,0.005503123938166565,True,0.6019143288664296,0.9666666666666667,0.8269311068552466,red,0.001705211864210463,0.0028074135734761363,0.0029886546618726802,,0.9727862921553271,0.6840395722557371,1200,"{""sigma"": 1.5}",33.50001999239478,0.99543125,3.65255673470575,1.0,23260110,"gaussian(1.5 px): input ideal d'=3.75 < 5 (prespecified floor, Rose): the input does not meet the detectability requirement and post-processing cannot restore it.",False,23264110,6.0
texture,120.0,25.0,,60.0,0.5,,,gaussian(1.5 px),gaussian,6.154588910664027,0.9999932534459398,3.074606288860083,0.9858513888888889,3.575785322239302,0.9953305555555556,3.005086041231543,0.98383125,0.4030431518717758,32.331031619446534,9.682906892881595,-0.01414186455705091,0.004776473377270664,True,0.24956341643791116,0.95,0.8209390631139809,amber,0.0013969926861318064,0.0024366666788252,0.00260582944491196,,0.9475833159817763,0.6569133009292767,1200,"{""sigma"": 1.5}",17.95755117152193,0.9999979166666667,5.831985768471687,0.9991666666666666,23260110,gaussian(1.5 px): task d' fell 47% against the unprocessed input (5.83 -> 3.07) while fidelity improved: fidelity-task discordance.,True,23266110,6.0
texture,120.0,25.0,,60.0,1.0,,,gaussian(1.5 px),gaussian,9.97053385555633,0.9999999999991069,4.291877461859472,0.9986361111111111,4.683054352165194,0.999775,3.7665557802480185,0.9967645833333333,0.5158010907597305,35.16710241426974,6.993638062275507,-0.0013638888879958788,0.001479321437397304,True,0.18529248368510454,0.7308333333333333,0.8282514620267584,amber,0.00030633088344316514,0.0007544153895765844,0.001162468377762011,,0.9613919690592985,0.5725920730486133,1200,"{""sigma"": 1.5}",10.3739926928523,1.0,9.585591175965698,0.8933333333333333,23260110,gaussian(1.5 px): task d' fell 55% against the unprocessed input (9.59 -> 4.29) while fidelity improved: fidelity-task discordance.,True,23268110,6.0
texture,120.0,25.0,,60.0,0.0,,,raw,none,3.465855273634169,0.9928716529681852,3.4410131823465986,0.9929909722222222,3.3663374364249954,0.9903083333333333,2.4164604592018692,0.9551041666666666,0.018659976023277205,16.47746432118647,60.00845641213025,0.00011931925403696475,0.003357055094944774,True,0.9857160444202694,1.0,0.9998445565192324,red,0.002014854909656685,0.0017124603701776534,0.004359561131420805,,0.9928323344957443,0.8946212551799526,1200,{},60.0,0.9929909722222222,3.4410131823465986,1.0,23260110,"raw: input ideal d'=3.47 < 5 (prespecified floor, Rose): the input does not meet the detectability requirement and post-processing cannot restore it.",False,23262110,0.0
texture,120.0,25.0,,60.0,0.25,,,raw,none,3.7547370518688785,0.9960345799373341,3.65255673470575,0.99543125,3.502382166117977,0.9933138888888889,2.569159964374408,0.9649763888888889,0.059737457488224364,21.545001202256003,33.48532093925475,-0.0006033299373341405,0.0027090034199107422,True,0.9463131702053094,1.0,1.0010667316578445,red,0.0016724271327725835,0.0013818156847927275,0.003846459273933867,,0.9727862921553271,0.8397100582665513,1200,{},33.50001999239478,0.99543125,3.65255673470575,1.0,23260110,"raw: input ideal d'=3.75 < 5 (prespecified floor, Rose): the input does not meet the detectability requirement and post-processing cannot restore it.",False,23264110,6.0
texture,120.0,25.0,,60.0,0.5,,,raw,none,6.154588910664027,0.9999932534459398,5.831985768471687,0.9999979166666667,3.614384528430534,0.9957333333333334,2.957574534634445,0.9819180555555556,0.18353533876252445,26.96213179893599,17.950895273885454,4.663220726897066e-06,5.84645228801617e-05,True,0.8979141407270188,0.9991666666666666,0.990693017345765,green,0.0013352585346553562,2.9475071425495707e-05,0.0027566655194184277,,0.9475833159817763,0.7613947267448864,1200,{},17.95755117152193,0.9999979166666667,5.831985768471687,0.9991666666666666,23260110,raw: input ideal d'=6.15 meets the floor and the processed task d'=5.83 follows it; no excess false structure or erasure.,True,23266110,6.0
texture,120.0,25.0,,60.0,1.0,,,raw,none,9.97053385555633,0.9999999999991069,9.585591175965698,1.0,4.925864103722615,0.9999111111111111,4.460903280863593,0.9996263888888889,0.3733804757118468,31.71831259862732,10.386285294257958,8.930634010084759e-13,6.944444444444445e-07,True,0.9242745181717151,0.8933333333333333,0.9996430350249907,green,0.0001925345147498303,0.0,0.00039475296083467615,,0.9613919690592985,0.6307425307862151,1200,{},10.3739926928523,1.0,9.585591175965698,0.8933333333333333,23260110,raw: input ideal d'=9.97 meets the floor and the processed task d'=9.59 follows it; no excess false structure or erasure.,True,23268110,6.0
atlas_demo,120.0,12.0,0.12,86.60254037844388,,20.0,,gaussian(1.5 px),gaussian,2.4012149702459653,0.9552381337941949,1.3553744351064683,0.830675,2.377053285723181,0.949525,1.9250511597920004,0.91113125,0.19829489357357935,27.310577495861956,17.25237314568795,-0.12456313379419481,0.02846471909265108,True,0.3186078669183718,1.0,0.8545382309379297,red,0.008015888948402865,0.014519893894544928,0.01064199869337121,,0.8398678661618401,1.0215553276736156,400,"{""sigma"": 1.5}",86.60254037844388,0.92614375,2.016703293256345,1.0,24260113,"gaussian(1.5 px): input ideal d'=2.40 < 5 (prespecified floor, Rose): the input does not meet the detectability requirement and post-processing cannot restore it.",False,24272113,
atlas_demo,80.0,12.0,0.12,129.9038105676658,,36.742346141747674,,gaussian(1.5 px),gaussian,2.9408758377279614,0.9812148992675147,1.652384784055537,0.8790375,2.693277044835171,0.97155,2.2643420702945196,0.94395,0.10147566104730327,23.765970571679695,25.94753783220436,-0.10217739926751468,0.024275331356645845,True,0.31569593939267543,1.0,0.8375444370925033,red,0.0060038794511776015,0.012382411895359947,0.008449938790505328,,0.8362666508034893,0.8356926788939251,400,"{""sigma"": 1.5}",129.9038105676658,0.9601125,2.459356387245668,1.0,24260113,"gaussian(1.5 px): input ideal d'=2.94 < 5 (prespecified floor, Rose): the input does not meet the detectability requirement and post-processing cannot restore it.",False,24276113,
atlas_demo,120.0,12.0,0.12,86.60254037844388,,20.0,,raw,none,2.4012149702459653,0.9552381337941949,2.016703293256345,0.92614375,2.3960221987476995,0.950575,1.5347835685715887,0.85993125,0.00707680895837405,13.292251914805117,86.59107359471305,-0.029094383794194822,0.019026688561363716,True,0.7053780326112424,1.0,1.0352051061681995,red,0.007931466619077312,0.009704483710616373,0.01328651832092395,,0.8398678661618401,1.3106916761585052,400,{},86.60254037844388,0.92614375,2.016703293256345,1.0,24260113,"raw: input ideal d'=2.40 < 5 (prespecified floor, Rose): the input does not meet the detectability requirement and post-processing cannot restore it.",False,24272113,
atlas_demo,80.0,12.0,0.12,129.9038105676658,,36.742346141747674,,raw,none,2.9408758377279614,0.9812148992675147,2.459356387245668,0.9601125,2.7208788584160843,0.972925,2.0070753350075234,0.9250375,0.003051390526019162,9.767037986424784,129.9381674454702,-0.02110239926751467,0.013959457524278174,True,0.699341911246085,1.0,1.0219458670943045,red,0.005855824796839155,0.0071191142461490605,0.009776889929346404,,0.8362666508034893,1.0686112294500991,400,{},129.9038105676658,0.9601125,2.459356387245668,1.0,24260113,"raw: input ideal d'=2.94 < 5 (prespecified floor, Rose): the input does not meet the detectability requirement and post-processing cannot restore it.",False,24276113,
atlas_demo,120.0,200.0,2.0,21.213203435596427,,20.0,,gaussian(1.5 px),gaussian,9.802919066391512,0.9999999999979211,9.298520641324808,1.0,9.859045425715616,1.0,7.922068382644293,1.0,0.7573394888939657,39.30279868172506,4.337705045231222,2.0788926136106056e-12,6.25e-06,True,0.899739702331888,0.0,0.8263780426401254,green,0.0,0.0,0.0,,1.0104797467750386,0.24706675132072875,400,"{""sigma"": 1.5}",21.213203435596427,1.0,9.905651175863493,0.0025,24260113,gaussian(1.5 px): input ideal d'=9.80 meets the floor and the processed task d'=9.30 follows it; no excess false structure or erasure.,True,24264113,
atlas_demo,120.0,200.0,2.0,21.213203435596427,,20.0,,raw,none,9.802919066391512,0.9999999999979211,9.905651175863493,1.0,9.869818216664807,1.0,6.956934408278278,1.0,0.19446706465676705,25.510643733250873,21.21082939397651,2.0788926136106056e-12,6.25e-06,True,1.0210693186425461,0.0025,0.9995263994319097,green,0.0,0.0,0.0,,1.0104797467750386,0.31816842269302126,400,{},21.213203435596427,1.0,9.905651175863493,0.0025,24260113,raw: input ideal d'=9.80 meets the floor and the processed task d'=9.91 follows it; no excess false structure or erasure.,True,24264113,
atlas_demo,120.0,50.0,0.5,42.42640687119285,,20.0,,gaussian(1.5 px),gaussian,4.901459533195756,0.9997357261459661,3.8318138041613174,0.99728125,4.42717740986146,0.999075,3.9996142092119453,0.99715625,0.48713694198715957,33.450071779556005,8.509769596580673,-0.002454476145966056,0.003626299719757488,True,0.611164264282589,0.475,0.8254655736930816,red,0.0010768774346020993,0.0018469980817565927,0.0018890363063690672,,0.911209232244138,0.5009068320139941,400,"{""sigma"": 1.5}",42.42640687119285,0.9991375,4.466255178119016,0.965,24260113,"gaussian(1.5 px): input ideal d'=4.90 < 5 (prespecified floor, Rose): the input does not meet the detectability requirement and post-processing cannot restore it.",False,24268113,
atlas_demo,120.0,50.0,0.5,42.42640687119285,,20.0,,raw,none,4.901459533195756,0.9997357261459661,4.466255178119016,0.9991375,4.445853031665144,0.99905,3.2900235081578826,0.99085,0.04440032119128695,19.489178975347325,42.42536896336449,-0.0005982261459660521,0.002044307638271095,True,0.8303022649269514,0.965,1.0014982279345426,red,0.0010913394325353517,0.001039844433033991,0.0033932609739879896,,0.911209232244138,0.6415848862703928,400,{},42.42640687119285,0.9991375,4.466255178119016,0.965,24260113,"raw: input ideal d'=4.90 < 5 (prespecified floor, Rose): the input does not meet the detectability requirement and post-processing cannot restore it.",False,24268113,
dose,120.0,100.0,1.0,30.0,0.0,20.0,,NLM(0.6 sd),nlm,6.931710547268338,0.9999995243637675,5.874053352732202,0.9998895833333333,5.950846455954261,1.0,5.450943780251283,0.9999854166666666,0.6110385625562803,34.482687620488704,7.555230423825524,-0.00010994103043415748,0.0004212782876330722,True,0.7181165489040605,0.0,0.6788816461419492,green,0.0,0.00021458753655992634,7.798395132183682e-05,,0.9890428605594778,0.2739325359902987,1200,"{""h"": 18.0, ""patch_distance"": 6, ""patch_size"": 5}",30.0,0.9999770833333333,6.85575882824058,0.18833333333333332,24260113,NLM(0.6 sd): input ideal d'=6.93 meets the floor and the processed task d'=5.87 follows it; no excess false structure or erasure.,True,24261113,
dose,120.0,100.0,1.0,30.0,0.0,20.0,,TV(0.4 sd),tv,6.931710547268338,0.9999995243637675,6.743480597035793,0.9999777777777777,6.6764338999686075,1.0,5.377887912117397,0.9999111111111111,0.3623834757008358,29.801631064094387,12.945175659662649,-2.174658598974588e-05,0.0001893716755558041,True,0.9464275763859145,0.04083333333333333,0.9151361323516795,green,0.0,9.626566232829868e-05,0.0001925345147498303,,0.9890428605594778,0.3863452909264639,1200,"{""max_num_iter"": 200, ""weight"": 12.0}",30.0,0.9999770833333333,6.85575882824058,0.18833333333333332,24260113,TV(0.4 sd): input ideal d'=6.93 meets the floor and the processed task d'=6.74 follows it; no excess false structure or erasure.,True,24261113,
dose,120.0,100.0,1.0,30.0,0.0,20.0,,gaussian(1.5 px),gaussian,6.931710547268338,0.9999995243637675,6.138997500682845,0.9999520833333333,6.713633083539891,1.0,5.677272492812486,0.9999791666666666,0.6329646502792747,36.39650832161631,6.0610571927398205,-4.744103043419212e-05,0.00027775316525063934,True,0.7843575379575358,0.0125,0.8311022157890408,green,0.0,0.00014135908771365126,9.32087945601194e-05,,0.9890428605594778,0.3464722721709014,1200,"{""sigma"": 1.5}",30.0,0.9999770833333333,6.85575882824058,0.18833333333333332,24260113,gaussian(1.5 px): input ideal d'=6.93 meets the floor and the processed task d'=6.14 follows it; no excess false structure or erasure.,True,24261113,
dose,120.0,100.0,1.0,30.0,0.0,20.0,,raw,none,6.931710547268338,0.9999995243637675,6.85575882824058,0.9999770833333333,6.730158816445831,1.0,4.9446992633901505,0.9996395833333334,0.09768981360695796,22.499978589220735,29.99768463367241,-2.2441030434139364e-05,0.00019229711148533257,True,0.9782057800236745,0.18833333333333332,1.0051268921075167,green,0.0,9.7758259106915e-05,0.00038771849646247205,,0.9890428605594778,0.4479980749280363,1200,{},30.0,0.9999770833333333,6.85575882824058,0.18833333333333332,24260113,raw: input ideal d'=6.93 meets the floor and the processed task d'=6.86 follows it; no excess false structure or erasure.,True,24261113,
dose,120.0,12.500000000000002,0.12500000000000003,84.85281374238569,0.0,20.0,,NLM(0.6 sd),nlm,2.450729766597878,0.9584457342995427,1.90072140114718,0.9101826388888888,2.2224651365017754,0.9465972222222222,2.033522567599927,0.9292798611111112,0.15393663261639512,25.62245114908787,20.954174232512425,-0.04826309541065388,0.01209869541016862,True,0.6015144681580129,0.9975,0.6030318435900789,red,0.004757823820054265,0.0061725628945999336,0.005478772503274747,,0.9018775258631188,0.7807470089134307,1200,"{""h"": 50.911688245431414, ""patch_distance"": 6, ""patch_size"": 5}",84.85281374238569,0.9416444444444444,2.2102580984583926,1.0,24260113,"NLM(0.6 sd): input ideal d'=2.45 < 5 (prespecified floor, Rose): the input does not meet the detectability requirement and post-processing cannot restore it.",False,24264113,
dose,120.0,12.500000000000002,0.12500000000000003,84.85281374238569,0.0,20.0,,TV(0.4 sd),tv,2.450729766597878,0.9584457342995427,2.246400366526183,0.9447055555555556,2.4183352097702446,0.9590222222222222,1.8524215711525465,0.9074756944444444,0.04982963938458536,20.807778724711614,36.458482606912014,-0.013740178743987141,0.009490682375237472,True,0.8402015359086243,1.0,0.8930245050417237,red,0.004163401211468383,0.004841919548343155,0.006264111624348269,,0.9018775258631188,1.0934436096225648,1200,"{""max_num_iter"": 200, ""weight"": 33.94112549695428}",84.85281374238569,0.9416444444444444,2.2102580984583926,1.0,24260113,"TV(0.4 sd): input ideal d'=2.45 < 5 (prespecified floor, Rose): the input does not meet the detectability requirement and post-processing cannot restore it.",False,24264113,
dose,120.0,12.500000000000002,0.12500000000000003,84.85281374238569,0.0,20.0,,gaussian(1.5 px),gaussian,2.450729766597878,0.9584457342995427,1.702750353477401,0.8862868055555555,2.4174910652903447,0.9589111111111112,1.9436598157872633,0.9171840277777777,0.2042040754141593,27.488987697500367,16.9020496004279,-0.07215892874398722,0.013589100316132332,True,0.48273757750253793,1.0,0.8215599967789667,red,0.004169089871961418,0.006932987533889143,0.005928444598774566,,0.9018775258631188,0.9810791752211423,1200,"{""sigma"": 1.5}",84.85281374238569,0.9416444444444444,2.2102580984583926,1.0,24260113,"gaussian(1.5 px): input ideal d'=2.45 < 5 (prespecified floor, Rose): the input does not meet the detectability requirement and post-processing cannot restore it.",False,24264113,
dose,120.0,12.500000000000002,0.12500000000000003,84.85281374238569,0.0,20.0,,raw,none,2.450729766597878,0.9584457342995427,2.2102580984583926,0.9416444444444444,2.4264814329356326,0.9594083333333333,1.663093091733116,0.8826034722222222,0.007438798122281882,13.473950392834618,84.79858339124017,-0.016801289855098323,0.009751430924228675,True,0.8133830716569804,1.0,0.9875532596531913,red,0.00414357313696126,0.0049749569669120435,0.007041511825672137,,0.9018775258631188,1.2648247357203473,1200,{},84.85281374238569,0.9416444444444444,2.2102580984583926,1.0,24260113,"raw: input ideal d'=2.45 < 5 (prespecified floor, Rose): the input does not meet the detectability requirement and post-processing cannot restore it.",False,24264113,
dose,120.0,200.0,2.0,21.213203435596427,0.0,20.0,,NLM(0.6 sd),nlm,9.802919066391512,0.9999999999979211,8.024182352328792,1.0,8.273718108779278,1.0,7.112378236305243,1.0,0.7528558564069207,37.370097277558024,5.418264130476476,2.0788926136106056e-12,6.944444444444445e-07,True,0.6700245952430389,0.0,0.7348739572795394,green,0.0,0.0,0.0,,1.008723847072869,0.19558214635428575,1200,"{""h"": 12.727922061357855, ""patch_distance"": 6, ""patch_size"": 5}",21.213203435596427,1.0,9.888438233194423,0.0,24260113,NLM(0.6 sd): input ideal d'=9.80 meets the floor and the processed task d'=8.02 follows it; no excess false structure or erasure.,True,24260113,
dose,120.0,200.0,2.0,21.213203435596427,0.0,20.0,,TV(0.4 sd),tv,9.802919066391512,0.9999999999979211,9.741096009069036,1.0,9.55031071869724,1.0,7.696099609924988,1.0,0.5351754247607733,32.79129908103007,9.175177120385989,2.0788926136106056e-12,6.944444444444445e-07,True,0.9874265797035482,0.0,0.9186536305574425,green,0.0,0.0,0.0,,1.008723847072869,0.27207011439865725,1200,"{""max_num_iter"": 200, ""weight"": 8.485281374238571}",21.213203435596427,1.0,9.888438233194423,0.0,24260113,TV(0.4 sd): input ideal d'=9.80 meets the floor and the processed task d'=9.74 follows it; no excess false structure or erasure.,True,24260113,
dose,120.0,200.0,2.0,21.213203435596427,0.0,20.0,,gaussian(1.5 px),gaussian,9.802919066391512,0.9999999999979211,9.433923626621969,1.0,9.539594095046914,1.0,8.089735239781092,1.0,0.7585516054794813,39.32655206191312,4.325456909800259,2.0788926136106056e-12,6.944444444444445e-07,True,0.9261341060111873,0.0,0.8294806107655455,green,0.0,0.0,0.0,,1.008723847072869,0.2446198812479086,1200,"{""sigma"": 1.5}",21.213203435596427,1.0,9.888438233194423,0.0,24260113,gaussian(1.5 px): input ideal d'=9.80 meets the floor and the processed task d'=9.43 follows it; no excess false structure or erasure.,True,24260113,
dose,120.0,200.0,2.0,21.213203435596427,0.0,20.0,,raw,none,9.802919066391512,0.9999999999979211,9.888438233194423,1.0,9.585128393044103,1.0,7.0373356608308955,1.0,0.19454212176007268,25.505323620621922,21.223572916505702,2.0788926136106056e-12,6.944444444444445e-07,True,1.0175237996534887,0.0,1.0015133811914925,green,0.0,0.0,0.0,,1.008723847072869,0.314620791184376,1200,{},21.213203435596427,1.0,9.888438233194423,0.0,24260113,raw: input ideal d'=9.80 meets the floor and the processed task d'=9.89 follows it; no excess false structure or erasure.,True,24260113,
dose,120.0,25.000000000000007,0.25000000000000006,59.999999999999986,0.0,20.0,,NLM(0.6 sd),nlm,3.4658552736341695,0.9928716529681852,2.9366898325133044,0.9819881944444444,3.182869629684799,0.9911583333333334,2.919442029427658,0.9819833333333333,0.2814347592758721,28.593944496699077,14.883075374657183,-0.010883458523740841,0.005393101755223131,True,0.7179518386031103,0.6958333333333333,0.6232346834368089,red,0.0019241225854988028,0.0027512787751781706,0.002751652446712892,,0.9740699588581005,0.5595446483252968,1200,"{""h"": 35.99999999999999, ""patch_distance"": 6, ""patch_size"": 5}",59.999999999999986,0.9908041666666667,3.3759855037969664,1.0,24260113,"NLM(0.6 sd): input ideal d'=3.47 < 5 (prespecified floor, Rose): the input does not meet the detectability requirement and post-processing cannot restore it.",False,24263113,
dose,120.0,25.000000000000007,0.25000000000000006,59.999999999999986,0.0,20.0,,TV(0.4 sd),tv,3.4658552736341695,0.9928716529681852,3.3774249944128845,0.9911013888888889,3.417786715674884,0.9937555555555555,2.66882057547718,0.9718180555555556,0.1094149641892651,23.806771411153534,25.814105617192812,-0.0017702640792963686,0.0037840764485834637,True,0.9496215877296841,0.9991666666666666,0.9077096224753558,red,0.0016160854657318868,0.0019303324111982943,0.0034471940504098085,,0.9740699588581005,0.7818704551996665,1200,"{""max_num_iter"": 200, ""weight"": 23.999999999999996}",59.999999999999986,0.9908041666666667,3.3759855037969664,1.0,24260113,"TV(0.4 sd): input ideal d'=3.47 < 5 (prespecified floor, Rose): the input does not meet the detectability requirement and post-processing cannot restore it.",False,24263113,
dose,120.0,25.000000000000007,0.25000000000000006,59.999999999999986,0.0,20.0,,gaussian(1.5 px),gaussian,3.4658552736341695,0.9928716529681852,2.9483458017754147,0.9819111111111111,3.428027147123291,0.9938194444444445,2.8084874033520557,0.9762222222222222,0.336053764219657,30.491685702681842,11.96278365706815,-0.01096054185707418,0.005404703810873724,True,0.7236623715715716,0.9808333333333333,0.8275044725902132,red,0.0016077737505704147,0.0027571983000990916,0.003164254986429124,,0.9740699588581005,0.7034112192713106,1200,"{""sigma"": 1.5}",59.999999999999986,0.9908041666666667,3.3759855037969664,1.0,24260113,"gaussian(1.5 px): input ideal d'=3.47 < 5 (prespecified floor, Rose): the input does not meet the detectability requirement and post-processing cannot restore it.",False,24263113,
dose,120.0,25.000000000000007,0.25000000000000006,59.999999999999986,0.0,20.0,,raw,none,3.4658552736341695,0.9928716529681852,3.3759855037969664,0.9908041666666667,3.4425782257557827,0.9941222222222222,2.4276952487403523,0.9580152777777777,0.01871455528385997,16.479523939435033,59.9944026296981,-0.0020674863015185396,0.003846986972437582,True,0.9488122847498217,1.0,1.0087212295182193,red,0.0015677906576947588,0.001962430207050845,0.0042146774447435155,,0.9740699588581005,0.9034150513563136,1200,{},59.999999999999986,0.9908041666666667,3.3759855037969664,1.0,24260113,"raw: input ideal d'=3.47 < 5 (prespecified floor, Rose): the input does not meet the detectability requirement and post-processing cannot restore it.",False,24263113,
dose,120.0,3.125,0.03125,169.7056274847714,0.0,20.0,,NLM(0.6 sd),nlm,1.225364883298939,0.8068820701518937,0.8751503932707332,0.7302166666666666,1.0417327099854579,0.7696055555555555,1.042387753357747,0.7700777777777777,0.031899714674533064,19.605096617352544,41.89421695386587,-0.0766654034852271,0.020009056108513917,True,0.5100755709726206,1.0,0.6305178981690847,red,0.009590441079649374,0.010208535372023608,0.00958230578526028,,0.7671916282649903,1.5663413567148086,1200,"{""h"": 101.82337649086284, ""patch_distance"": 6, ""patch_size"": 5}",169.7056274847714,0.7465888888888889,0.9400896800368529,1.0,24260113,"NLM(0.6 sd): input ideal d'=1.23 < 5 (prespecified floor, Rose): the input does not meet the detectability requirement and post-processing cannot restore it.",False,24266113,
dose,120.0,3.125,0.03125,169.7056274847714,0.0,20.0,,TV(0.4 sd),tv,1.225364883298939,0.8068820701518937,0.9703704692359197,0.7550513888888889,1.127532188699633,0.7875638888888888,0.8682077451251561,0.7301013888888889,0.008070988825947974,14.775185798505477,73.01888817201085,-0.05183068126300483,0.01927213895747247,True,0.6271108035236538,1.0,0.9370010870514237,red,0.009268232972677514,0.009832550324923682,0.010210175171183576,,0.7671916282649903,2.1941303635482923,1200,"{""max_num_iter"": 200, ""weight"": 67.88225099390857}",169.7056274847714,0.7465888888888889,0.9400896800368529,1.0,24260113,"TV(0.4 sd): input ideal d'=1.23 < 5 (prespecified floor, Rose): the input does not meet the detectability requirement and post-processing cannot restore it.",False,24266113,
dose,120.0,3.125,0.03125,169.7056274847714,0.0,20.0,,gaussian(1.5 px),gaussian,1.225364883298939,0.8068820701518937,0.6047369627259309,0.6671,1.128064427412049,0.7875416666666667,0.9582758674852406,0.75175625,0.05165192120028417,21.477890342356265,33.769117281716696,-0.1397820701518937,0.021500503901170205,True,0.2435578706681344,1.0,0.8656117252529386,red,0.009268648297336667,0.010969492106137416,0.00988508754508654,,0.7671916282649903,1.968297982340676,1200,"{""sigma"": 1.5}",169.7056274847714,0.7465888888888889,0.9400896800368529,1.0,24260113,"gaussian(1.5 px): input ideal d'=1.23 < 5 (prespecified floor, Rose): the input does not meet the detectability requirement and post-processing cannot restore it.",False,24266113,
dose,120.0,3.125,0.03125,169.7056274847714,0.0,20.0,,raw,none,1.225364883298939,0.8068820701518937,0.9400896800368529,0.7465888888888889,1.1327567640970677,0.7885194444444444,0.7218349945064747,0.6937715277777777,0.0010485044745462712,7.446199769322739,169.73737017057766,-0.06029318126300487,0.019533340159709228,True,0.588582994479887,1.0,1.0353974822310705,red,0.00925033417580678,0.009965818693269774,0.010680618083010397,,0.7671916282649903,2.537821704341123,1200,{},169.7056274847714,0.7465888888888889,0.9400896800368529,1.0,24260113,"raw: input ideal d'=1.23 < 5 (prespecified floor, Rose): the input does not meet the detectability requirement and post-processing cannot restore it.",False,24266113,
dose,120.0,49.99999999999999,0.49999999999999994,42.42640687119285,0.0,20.0,,NLM(0.6 sd),nlm,4.901459533195756,0.9997357261459661,4.072549541529717,0.9983152777777777,4.281117354975885,0.9990527777777778,3.995812161720113,0.9981597222222223,0.4433014562735966,31.540128339862616,10.60211616539299,-0.0014204483681883318,0.001644184680196099,True,0.6903699975784946,0.08,0.6446257577648358,red,0.0006286411067895979,0.0008385308346047661,0.0008764212965524812,,0.9723315261625362,0.393159371065116,1200,"{""h"": 25.45584412271571, ""patch_distance"": 6, ""patch_size"": 5}",42.42640687119285,0.9993270833333333,4.765843628336142,0.965,24260113,"NLM(0.6 sd): input ideal d'=4.90 < 5 (prespecified floor, Rose): the input does not meet the detectability requirement and post-processing cannot restore it.",False,24262113,
dose,120.0,49.99999999999999,0.49999999999999994,42.42640687119285,0.0,20.0,,TV(0.4 sd),tv,4.901459533195756,0.9997357261459661,4.738275272421499,0.9992965277777778,4.742577829470496,0.9994694444444444,3.7951151876534035,0.9953381944444445,0.21284022648539103,26.799593248537168,18.29011889814987,-0.00043919836818828717,0.0010624447857678404,True,0.934522436260358,0.6966666666666667,0.914792787734712,red,0.0004704329938537889,0.0005417193120375412,0.0013958470645615507,,0.9723315261625362,0.5483605068173846,1200,"{""max_num_iter"": 200, ""weight"": 16.970562748477143}",42.42640687119285,0.9993270833333333,4.765843628336142,0.965,24260113,"TV(0.4 sd): input ideal d'=4.90 < 5 (prespecified floor, Rose): the input does not meet the detectability requirement and post-processing cannot restore it.",False,24262113,
dose,120.0,49.99999999999999,0.49999999999999994,42.42640687119285,0.0,20.0,,gaussian(1.5 px),gaussian,4.901459533195756,0.9997357261459661,4.506811453025224,0.9991125,4.710382766325504,0.9994277777777778,4.006887743010976,0.9970208333333334,0.48553819229930223,33.44789047960585,8.512025788920457,-0.0006232261459661048,0.0011933162588552866,True,0.8454500142012383,0.43166666666666664,0.8352609813359816,red,0.0004885614126553309,0.0006084916987343089,0.0011154165483539722,,0.9723315261625362,0.49273158182947724,1200,"{""sigma"": 1.5}",42.42640687119285,0.9993270833333333,4.765843628336142,0.965,24260113,"gaussian(1.5 px): input ideal d'=4.90 < 5 (prespecified floor, Rose): the input does not meet the detectability requirement and post-processing cannot restore it.",False,24262113,
dose,120.0,49.99999999999999,0.49999999999999994,42.42640687119285,0.0,20.0,,raw,none,4.901459533195756,0.9997357261459661,4.765843628336142,0.9993270833333333,4.732519726257308,0.9994138888888889,3.4430751208721584,0.9913173611111111,0.04435301669460647,19.487990742337406,42.431400507705476,-0.0004086428126327535,0.0010391222521375892,True,0.9454285967695667,0.965,1.0067449392841028,red,0.0004944567012336944,0.0005298198415298091,0.0019066749107341983,,0.9723315261625362,0.6341977401840009,1200,{},42.42640687119285,0.9993270833333333,4.765843628336142,0.965,24260113,"raw: input ideal d'=4.90 < 5 (prespecified floor, Rose): the input does not meet the detectability requirement and post-processing cannot restore it.",False,24262113,
dose,120.0,6.25,0.0625,120.0,0.0,20.0,,NLM(0.6 sd),nlm,1.7329276368170845,0.8897811140599974,1.2395254834235268,0.8098479166666667,1.5600485488643558,0.8676111111111111,1.4299613235892825,0.8447048611111111,0.07410277737935435,22.60386385893203,29.662954645601094,-0.07993319739333071,0.017307083179180425,True,0.5116230046286715,1.0,0.6046612566796403,red,0.007462609800054802,0.008829952423231532,0.008049084927878035,,0.7739310953333409,1.1077635235375702,1200,"{""h"": 72.0, ""patch_distance"": 6, ""patch_size"": 5}",120.0,0.8278694444444444,1.3411665840952642,1.0,24260113,"NLM(0.6 sd): input ideal d'=1.73 < 5 (prespecified floor, Rose): the input does not meet the detectability requirement and post-processing cannot restore it.",False,24265113,
dose,120.0,6.25,0.0625,120.0,0.0,20.0,,TV(0.4 sd),tv,1.7329276368170845,0.8897811140599974,1.3735334524772733,0.8340340277777778,1.6425667792902974,0.8776527777777777,1.2413874170338868,0.80975,0.020695841020669323,17.783511021790947,51.64363955044925,-0.05574708628221958,0.01627127271947282,True,0.6282284882570911,1.0,0.8962917882084107,red,0.007184129134515243,0.0083014679878654,0.008831976479794935,,0.7739310953333409,1.5536257398027515,1200,"{""max_num_iter"": 200, ""weight"": 48.0}",120.0,0.8278694444444444,1.3411665840952642,1.0,24260113,"TV(0.4 sd): input ideal d'=1.73 < 5 (prespecified floor, Rose): the input does not meet the detectability requirement and post-processing cannot restore it.",False,24265113,
dose,120.0,6.25,0.0625,120.0,0.0,20.0,,gaussian(1.5 px),gaussian,1.7329276368170845,0.8897811140599974,0.8404505453341112,0.7379770833333333,1.651952205580011,0.878975,1.3471161904980913,0.8285736111111112,0.10902118096558747,24.48195121598804,23.895567591913785,-0.15180403072666404,0.019788365695910852,True,0.23521416426176336,1.0,0.8230512533073685,red,0.0071463951962744375,0.010095936153699268,0.008425908584446848,,0.7739310953333409,1.3925317485730246,1200,"{""sigma"": 1.5}",120.0,0.8278694444444444,1.3411665840952642,1.0,24260113,"gaussian(1.5 px): input ideal d'=1.73 < 5 (prespecified floor, Rose): the input does not meet the detectability requirement and post-processing cannot restore it.",False,24265113,
dose,120.0,6.25,0.0625,120.0,0.0,20.0,,raw,none,1.7329276368170845,0.8897811140599974,1.3411665840952642,0.8278694444444444,1.653346611951829,0.8797194444444445,1.0753009599262153,0.7771097222222222,0.0028292605172185025,10.457205337857628,120.01242934746332,-0.061911669615552944,0.016546184475506,True,0.5989693403238648,1.0,0.9945818344074154,red,0.007125036907548792,0.008441731665260317,0.009459031589730027,,0.7739310953333409,1.7983423926050996,1200,{},120.0,0.8278694444444444,1.3411665840952642,1.0,24260113,"raw: input ideal d'=1.73 < 5 (prespecified floor, Rose): the input does not meet the detectability requirement and post-processing cannot restore it.",False,24265113,
signal,120.0,25.0,,60.0,,10.0,1.5,NLM(0.6 sd),nlm,0.8426561840065284,0.7243615801373218,0.33610680854409075,0.5984819444444445,0.7673889433225219,0.7125361111111111,0.5751096097421294,0.6603506944444445,0.2746138507578101,28.643733502359815,14.798254837439181,-0.1258796356928773,0.02255317944762722,True,0.15909399796533935,1.0,0.3416057918853641,red,0.010449026114447504,0.0115065813357153,0.011035296485093455,0.5,0.49398124759842493,1.7717291164829305,1200,"{""h"": 36.0, ""patch_distance"": 6, ""patch_size"": 5}",60.0,0.6200145833333334,0.4162563530720728,1.0,24260113,"NLM(0.6 sd): input ideal d'=0.84 < 5 (prespecified floor, Rose): the input does not meet the detectability requirement and post-processing cannot restore it.",False,24263113,
signal,120.0,25.0,,60.0,,20.0,1.5,NLM(0.6 sd),nlm,1.6853123680130568,0.8833097279993577,1.0818780876410654,0.7801694444444445,1.3470543397180907,0.8360138888888888,1.2272022263539968,0.8110125,0.2743178784069905,28.619501651154025,14.839014110962781,-0.10314028355491323,0.01843245381623495,True,0.41209356552219073,1.0,0.3438803861453455,red,0.008255573935794213,0.00940413166628462,0.00880581029407829,1.0,0.7914317872643977,0.8745538340184142,1200,"{""h"": 36.0, ""patch_distance"": 6, ""patch_size"": 5}",60.0,0.8293104166666667,1.3338097795153678,1.0,24260113,"NLM(0.6 sd): input ideal d'=1.69 < 5 (prespecified floor, Rose): the input does not meet the detectability requirement and post-processing cannot restore it.",False,24263213,
signal,120.0,25.0,,60.0,,10.0,3.0,NLM(0.6 sd),nlm,1.7329276368170845,0.8897811140599974,1.3255877230867341,0.8239444444444445,1.4929174265662586,0.8556083333333333,1.484936916676004,0.8535854166666667,0.27670581631108654,28.62856701322768,14.824468532808648,-0.0658366696155529,0.01671723915538829,True,0.5851350192112181,1.0,0.6262044194759608,red,0.007777905918907722,0.008529006064806199,0.007829277086404409,0.5,0.8666150182813784,1.107570595423413,1200,"{""h"": 36.0, ""patch_distance"": 6, ""patch_size"": 5}",60.0,0.8550861111111111,1.5017811156605436,1.0,24260113,"NLM(0.6 sd): input ideal d'=1.73 < 5 (prespecified floor, Rose): the input does not meet the detectability requirement and post-processing cannot restore it.",False,24266113,
signal,120.0,25.0,,60.0,,20.0,3.0,NLM(0.6 sd),nlm,3.465855273634169,0.9928716529681852,2.809139889336335,0.9779284722222222,3.0431998479775224,0.9869361111111111,2.841175551266347,0.9810166666666666,0.28214861586660156,28.601284084698054,14.870541604953857,-0.014943180745963014,0.005974185485810158,True,0.656940272393074,0.6733333333333333,0.6271118730875267,red,0.0023408970171257377,0.0030477555141236513,0.0028249984492496353,1.0,0.9528430906561263,0.5523310810255485,1200,"{""h"": 36.0, ""patch_distance"": 6, ""patch_size"": 5}",60.0,0.9895923611111112,3.3024162506964156,1.0,24260113,"NLM(0.6 sd): input ideal d'=3.47 < 5 (prespecified floor, Rose): the input does not meet the detectability requirement and post-processing cannot restore it.",False,24266213,
signal,120.0,25.0,,60.0,,10.0,5.0,NLM(0.6 sd),nlm,2.911006412451428,0.9802237584170569,2.573916910984098,0.9658194444444445,2.614592901549006,0.9665083333333333,2.025256913201646,0.9231548611111111,0.284553408099757,28.633558664679736,14.815785922442785,-0.014404313972612437,0.007447545634305401,True,0.7818127024049076,0.9216666666666666,0.7567588908912558,red,0.0037606709708641627,0.003799483688782431,0.005711214905171414,0.5,0.9317903173786447,0.691090927202845,1200,"{""h"": 36.0, ""patch_distance"": 6, ""patch_size"": 5}",60.0,0.9730527777777778,2.712447588949386,1.0,24260113,"NLM(0.6 sd): input ideal d'=2.91 < 5 (prespecified floor, Rose): the input does not meet the detectability requirement and post-processing cannot restore it.",False,24269113,
signal,120.0,25.0,,60.0,,20.0,5.0,NLM(0.6 sd),nlm,5.822012824902856,0.9999807902708996,5.244958652086637,0.9999069444444444,5.315949460432212,0.9999416666666666,4.239036203766129,0.9989208333333334,0.2924012515580975,28.530623441573564,14.991373182070959,-7.384582645519888e-05,0.00038679866555957213,True,0.8115921208240482,0.035,0.7687344483094334,amber,0.00015596959906821143,0.00019699556938835026,0.0006710194802302984,1.0,0.9793781051073822,0.34521042206007685,1200,"{""h"": 36.0, ""patch_distance"": 6, ""patch_size"": 5}",60.0,0.9999597222222222,5.701951888364237,0.38333333333333336,24260113,NLM(0.6 sd): input ideal d'=5.82 is within 1.2x of the floor (5): marginal — small dose changes cross it.,False,24269213,
signal,120.0,25.0,,60.0,,10.0,1.5,TV(0.4 sd),tv,0.8426561840065284,0.7243615801373218,0.40234334207678907,0.6172118055555555,0.7953272632045255,0.7138222222222222,0.6261655261017564,0.6721479166666666,0.10247970123830008,23.81225098549605,25.797849663488122,-0.10714977458176622,0.022321887871739988,True,0.22797793396133886,1.0,0.7836807201313314,red,0.010432271261496442,0.011388573261224322,0.010918370116089022,0.5,0.49398124759842493,3.2558381489818484,1200,"{""max_num_iter"": 200, ""weight"": 24.0}",60.0,0.6200145833333334,0.4162563530720728,1.0,24260113,"TV(0.4 sd): input ideal d'=0.84 < 5 (prespecified floor, Rose): the input does not meet the detectability requirement and post-processing cannot restore it.",False,24263113,
signal,120.0,25.0,,60.0,,20.0,1.5,TV(0.4 sd),tv,1.6853123680130568,0.8833097279993577,1.3587960716000949,0.8332888888888889,1.5307234845554945,0.8621527777777778,1.3583822233515486,0.8356708333333334,0.1040754176317371,23.807306528314438,25.812102453008194,-0.05002083911046884,0.01630491554416623,True,0.6500514768806906,1.0,0.7851491131950707,red,0.007608266751435761,0.008318633009752935,0.008263556014755782,1.0,0.7914317872643977,1.618553194584357,1200,"{""max_num_iter"": 200, ""weight"": 24.0}",60.0,0.8293104166666667,1.3338097795153678,1.0,24260113,"TV(0.4 sd): input ideal d'=1.69 < 5 (prespecified floor, Rose): the input does not meet the detectability requirement and post-processing cannot restore it.",False,24263213,
signal,120.0,25.0,,60.0,,10.0,3.0,TV(0.4 sd),tv,1.7329276368170845,0.8897811140599974,1.5283175445085733,0.8602215277777778,1.6074078792640207,0.8711833333333333,1.2934624884006152,0.8187840277777778,0.10393660990902504,23.80529542323496,25.818420920268565,-0.029559586282219552,0.015011830006818072,True,0.7777971393017276,1.0,0.9270643765769353,red,0.0073651443650246335,0.007658883367643259,0.008641409648043748,0.5,0.8666150182813784,1.5514844580894223,1200,"{""max_num_iter"": 200, ""weight"": 24.0}",60.0,0.8550861111111111,1.5017811156605436,1.0,24260113,"TV(0.4 sd): input ideal d'=1.73 < 5 (prespecified floor, Rose): the input does not meet the detectability requirement and post-processing cannot restore it.",False,24266113,
signal,120.0,25.0,,60.0,,20.0,3.0,TV(0.4 sd),tv,3.465855273634169,0.9928716529681852,3.2863716653527697,0.9893770833333333,3.334739169596442,0.9907944444444444,2.6207095909909373,0.9683965277777777,0.10917113199027019,23.80297753989832,25.825059512293127,-0.0034945696348519517,0.004135923816683649,True,0.899109337238346,1.0,0.9048982382855837,red,0.001963471398332463,0.0021098496731865313,0.003652216166483293,1.0,0.9528430906561263,0.7737964894230848,1200,"{""max_num_iter"": 200, ""weight"": 24.0}",60.0,0.9895923611111112,3.3024162506964156,1.0,24260113,"TV(0.4 sd): input ideal d'=3.47 < 5 (prespecified floor, Rose): the input does not meet the detectability requirement and post-processing cannot restore it.",False,24266213,
signal,120.0,25.0,,60.0,,10.0,5.0,TV(0.4 sd),tv,2.911006412451428,0.9802237584170569,2.736092149658645,0.9740944444444445,2.7621270394406663,0.9728138888888889,1.6046445999869339,0.8715027777777777,0.10834528519893823,23.81894988505977,25.77787101421643,-0.006129313972612405,0.006476238398464944,True,0.883436046879744,0.9991666666666666,0.9401266227081384,red,0.0033852423571855725,0.0033039096662483415,0.007356343949749364,0.5,0.9317903173786447,0.8683944680066008,1200,"{""max_num_iter"": 200, ""weight"": 24.0}",60.0,0.9730527777777778,2.712447588949386,1.0,24260113,"TV(0.4 sd): input ideal d'=2.91 < 5 (prespecified floor, Rose): the input does not meet the detectability requirement and post-processing cannot restore it.",False,24269113,
signal,120.0,25.0,,60.0,,20.0,5.0,TV(0.4 sd),tv,5.822012824902856,0.9999807902708996,5.665964650765469,0.9999583333333333,5.619260331298106,0.99995,3.4144458064978425,0.9924381944444445,0.11828272377383207,23.78686624340464,25.872756602809478,-2.24569375663064e-05,0.000259052632371977,True,0.9471121452604456,0.17333333333333334,0.944277272452647,amber,0.00014439949069363747,0.00013181782418729578,0.0017789242594368879,1.0,0.9793781051073822,0.4309709546427291,1200,"{""max_num_iter"": 200, ""weight"": 24.0}",60.0,0.9999597222222222,5.701951888364237,0.38333333333333336,24260113,TV(0.4 sd): input ideal d'=5.82 is within 1.2x of the floor (5): marginal — small dose changes cross it.,False,24269213,
signal,120.0,25.0,,60.0,,10.0,1.5,gaussian(1.5 px),gaussian,0.8426561840065284,0.7243615801373218,0.2642691708293675,0.57543125,0.8168230039574169,0.7197694444444445,0.6947533771519404,0.6880395833333334,0.32441155653931475,30.515216768456497,11.930491672942113,-0.14893033013732182,0.022781578378845754,True,0.09835403452050043,1.0,0.6534406099695831,red,0.010353297441246988,0.011623113543970203,0.01074663655299856,0.5,0.49398124759842493,2.682509822840021,1200,"{""sigma"": 1.5}",60.0,0.6200145833333334,0.4162563530720728,1.0,24260113,"gaussian(1.5 px): input ideal d'=0.84 < 5 (prespecified floor, Rose): the input does not meet the detectability requirement and post-processing cannot restore it.",False,24263113,
signal,120.0,25.0,,60.0,,20.0,1.5,gaussian(1.5 px),gaussian,1.6853123680130568,0.8833097279993577,0.9145248427855114,0.74359375,1.5320701052316779,0.8611972222222222,1.3748201362388381,0.8363736111111111,0.32583105717696836,30.491116089431184,11.963080820545331,-0.13971597799935764,0.019623258048763522,True,0.2944626383431504,1.0,0.6353639096832774,red,0.007633370204817415,0.010011696010283533,0.008247190540388218,1.0,0.7914317872643977,1.3352738683989487,1200,"{""sigma"": 1.5}",60.0,0.8293104166666667,1.3338097795153678,1.0,24260113,"gaussian(1.5 px): input ideal d'=1.69 < 5 (prespecified floor, Rose): the input does not meet the detectability requirement and post-processing cannot restore it.",False,24263213,
signal,120.0,25.0,,60.0,,10.0,3.0,gaussian(1.5 px),gaussian,1.7329276368170845,0.8897811140599974,1.1035455434878925,0.7830604166666667,1.6078515942032177,0.8713722222222222,1.3924257276739884,0.8376576388888889,0.3283063303359675,30.505462490478592,11.943742504796603,-0.10672069739333068,0.018329388655926593,True,0.4055268989934643,1.0,0.8544717070387359,red,0.007359942337539834,0.009351546434555201,0.008217152682075473,0.5,0.8666150182813784,1.391796850197367,1200,"{""sigma"": 1.5}",60.0,0.8550861111111111,1.5017811156605436,1.0,24260113,"gaussian(1.5 px): input ideal d'=1.73 < 5 (prespecified floor, Rose): the input does not meet the detectability requirement and post-processing cannot restore it.",False,24266113,
signal,120.0,25.0,,60.0,,20.0,3.0,gaussian(1.5 px),gaussian,3.465855273634169,0.9928716529681852,2.878136893744888,0.9793680555555555,3.328763729998271,0.9908666666666667,2.7517586258360827,0.9750548611111111,0.334796062296056,30.46219074092621,12.003352814711404,-0.013503597412629742,0.005774681312761062,True,0.6896076109238374,0.9858333333333333,0.828088419722529,red,0.001955723789777927,0.0029459658003213782,0.0032416018806921795,1.0,0.9528430906561263,0.6950298432097368,1200,"{""sigma"": 1.5}",60.0,0.9895923611111112,3.3024162506964156,1.0,24260113,"gaussian(1.5 px): input ideal d'=3.47 < 5 (prespecified floor, Rose): the input does not meet the detectability requirement and post-processing cannot restore it.",False,24266213,
signal,120.0,25.0,,60.0,,10.0,5.0,gaussian(1.5 px),gaussian,2.911006412451428,0.9802237584170569,2.4699873886344594,0.96080625,2.772227107833991,0.9732777777777778,1.8131199849759756,0.8992354166666666,0.3386519475077131,30.4999317338505,11.951159133404484,-0.019417508417056917,0.007979685151098093,True,0.71995134505381,0.9941666666666666,0.895393025022392,red,0.0033560017282878852,0.004070988431211446,0.006533839666069159,0.5,0.9317903173786447,0.7979079611404988,1200,"{""sigma"": 1.5}",60.0,0.9730527777777778,2.712447588949386,1.0,24260113,"gaussian(1.5 px): input ideal d'=2.91 < 5 (prespecified floor, Rose): the input does not meet the detectability requirement and post-processing cannot restore it.",False,24269113,
signal,120.0,25.0,,60.0,,20.0,5.0,gaussian(1.5 px),gaussian,5.822012824902856,0.9999807902708996,5.370096395369578,0.9999041666666667,5.629540542600008,0.9999555555555556,3.8244442332588835,0.9962881944444445,0.35520171341048923,30.445518470158508,12.02580241007465,-7.662360423288384e-05,0.00039251931002255247,True,0.8507811273429282,0.10916666666666666,0.8985788973779966,amber,0.0001361409574235913,0.00019991431917564434,0.0012452523071999901,1.0,0.9793781051073822,0.39622481154706285,1200,"{""sigma"": 1.5}",60.0,0.9999597222222222,5.701951888364237,0.38333333333333336,24260113,gaussian(1.5 px): input ideal d'=5.82 is within 1.2x of the floor (5): marginal — small dose changes cross it.,False,24269213,
signal,120.0,25.0,,60.0,,10.0,1.5,raw,none,0.8426561840065284,0.7243615801373218,0.4162563530720728,0.6200145833333334,0.8189505021342521,0.7204638888888889,0.5777994845012572,0.6598909722222223,0.016859127733651693,16.479523939435033,59.9944026296981,-0.1043469968039884,0.022283711887682463,True,0.2440174729788964,1.0,0.9733149727847086,red,0.01034391453463174,0.011369095360426833,0.011039673213963442,0.5,0.49398124759842493,4.02484382128297,1200,{},60.0,0.6200145833333334,0.4162563530720728,1.0,24260113,"raw: input ideal d'=0.84 < 5 (prespecified floor, Rose): the input does not meet the detectability requirement and post-processing cannot restore it.",False,24263113,
signal,120.0,25.0,,60.0,,20.0,1.5,raw,none,1.6853123680130568,0.8833097279993577,1.3338097795153678,0.8293104166666667,1.54021248350407,0.8625416666666667,1.3088886258928316,0.8260451388888889,0.017348960616596656,16.48051573530877,59.98737877266477,-0.05399931133269098,0.016482614945792333,True,0.6263642738925188,1.0,0.9680168832560145,red,0.007598016913333328,0.008409297635750032,0.00848248981856825,1.0,0.7914317872643977,2.000650398120871,1200,{},60.0,0.8293104166666667,1.3338097795153678,1.0,24260113,"raw: input ideal d'=1.69 < 5 (prespecified floor, Rose): the input does not meet the detectability requirement and post-processing cannot restore it.",False,24263213,
signal,120.0,25.0,,60.0,,10.0,3.0,raw,none,1.7329276368170845,0.8897811140599974,1.5017811156605436,0.8550861111111111,1.6133644594280163,0.8722472222222222,1.120846118681485,0.7839368055555556,0.01718601031876793,16.477099639296668,60.01122273383059,-0.03469500294888628,0.015271195009712033,True,0.7510215899108339,1.0,1.0250297991483335,red,0.007335780538752247,0.007791214882375059,0.009335467417312891,0.5,0.8666150182813784,1.79451093567534,1200,{},60.0,0.8550861111111111,1.5017811156605436,1.0,24260113,"raw: input ideal d'=1.73 < 5 (prespecified floor, Rose): the input does not meet the detectability requirement and post-processing cannot restore it.",False,24266113,
signal,120.0,25.0,,60.0,,20.0,3.0,raw,none,3.465855273634169,0.9928716529681852,3.3024162506964156,0.9895923611111112,3.340417149371623,0.9911472222222222,2.3693038085800793,0.9529263888888889,0.0186721699182511,16.481383421381327,59.981454120543894,-0.003279291857074096,0.0040936240880356635,True,0.9079099554111189,1.0,0.9986171073467248,red,0.001925335809499921,0.0020882677824060674,0.004464896101473344,1.0,0.9528430906561263,0.8946332076724012,1200,{},60.0,0.9895923611111112,3.3024162506964156,1.0,24260113,"raw: input ideal d'=3.47 < 5 (prespecified floor, Rose): the input does not meet the detectability requirement and post-processing cannot restore it.",False,24266213,
signal,120.0,25.0,,60.0,,10.0,5.0,raw,none,2.911006412451428,0.9802237584170569,2.712447588949386,0.9730527777777778,2.773783456560533,0.97315,1.3599928682429916,0.8308034722222222,0.01798316458598984,16.4834333972619,59.96753669524367,-0.007170980639279123,0.00660619502835496,True,0.8682331955605954,1.0,0.9996458332969324,red,0.0033640808303575702,0.0033702152876348046,0.008375465706396312,0.5,0.9317903173786447,0.9763094489530263,1200,{},60.0,0.9730527777777778,2.712447588949386,1.0,24260113,"raw: input ideal d'=2.91 < 5 (prespecified floor, Rose): the input does not meet the detectability requirement and post-processing cannot restore it.",False,24269113,
signal,120.0,25.0,,60.0,,20.0,5.0,raw,none,5.822012824902856,0.9999807902708996,5.701951888364237,0.9999597222222222,5.632401031939408,0.9999555555555556,2.9512697439334157,0.9814354166666667,0.020816462798324328,16.474029941314498,60.03216577961112,-2.1068048677408413e-05,0.00025471008097959153,True,0.9591814727637266,0.38333333333333336,1.0019393740237907,amber,0.0001361409574235913,0.0001296021960295138,0.002793457057512417,1.0,0.9793781051073822,0.4845007393632035,1200,{},60.0,0.9999597222222222,5.701951888364237,0.38333333333333336,24260113,raw: input ideal d'=5.82 is within 1.2x of the floor (5): marginal — small dose changes cross it.,False,24269213,
texture,120.0,25.0,,60.0,0.0,,,NLM(0.6 sd),nlm,3.465855273634169,0.9928716529681852,2.81091679284625,0.9772881944444445,3.0631968845543556,0.9845444444444444,2.8835911771336065,0.9799909722222222,0.2808882035809391,28.579180720830568,14.908899506788442,-0.015583458523740767,0.006060854800056878,True,0.6577716219962,0.6916666666666667,0.6283007085037914,red,0.002547365729267341,0.0030919753645547595,0.0029008390413826305,,0.9509735800822969,0.5560113145099729,1200,"{""h"": 36.0, ""patch_distance"": 6, ""patch_size"": 5}",60.0,0.98853125,3.2959367976149947,1.0,24260113,"NLM(0.6 sd): input ideal d'=3.47 < 5 (prespecified floor, Rose): the input does not meet the detectability requirement and post-processing cannot restore it.",False,24262113,0.0
texture,120.0,25.0,,60.0,0.25,,,NLM(0.6 sd),nlm,3.7547370518688785,0.9960345799373341,2.5129734376821227,0.9627090277777778,3.2053358331380934,0.9906277777777778,2.9838145631646062,0.9843479166666667,0.6044561305963793,36.970361078132896,5.688561956340987,-0.03332555215955635,0.007781925583447064,True,0.4479367963136309,0.35,0.5554291289746832,red,0.0019812365264862694,0.003970088838560289,0.002563606369977788,,0.954181762663559,0.47745656677253795,1200,"{""h"": 36.0, ""patch_distance"": 6, ""patch_size"": 5}",33.50001999239478,0.9945361111111111,3.5827016184904217,1.0,24260113,"NLM(0.6 sd): input ideal d'=3.75 < 5 (prespecified floor, Rose): the input does not meet the detectability requirement and post-processing cannot restore it.",False,24264113,6.0
texture,120.0,25.0,,60.0,0.5,,,NLM(0.6 sd),nlm,6.154588910664027,0.9999932534459398,2.1199926337581765,0.9312020833333333,3.2251426181601004,0.9877583333333333,3.136450187335873,0.9861875,0.6449505631926368,38.14780234363078,4.9719373952928745,-0.06879117011260649,0.010591645956324457,True,0.11865078171003285,0.24833333333333332,0.5164378681949812,amber,0.002265658737860617,0.005403645982997692,0.0024073913748569545,,0.9748825771371664,0.4431522202997917,1200,"{""h"": 36.0, ""patch_distance"": 6, ""patch_size"": 5}",17.95755117152193,1.0,6.000001498447973,0.9983333333333333,24260113,NLM(0.6 sd): task d' fell 65% against the unprocessed input (6.00 -> 2.12) while fidelity improved: fidelity-task discordance.,True,24266113,6.0
texture,120.0,25.0,,60.0,1.0,,,NLM(0.6 sd),nlm,9.97053385555633,0.9999999999991069,2.5348114007166576,0.9630833333333333,3.725853262597073,0.9954694444444444,3.3160076332117394,0.9907194444444445,0.6726337725665655,39.05101928799656,4.484263042810656,-0.036916666665773645,0.007742438023323244,True,0.06463302439998636,0.13666666666666666,0.49571422495153683,red,0.0013760154607174626,0.003949941754003995,0.0019714852288445803,,0.9522835502124506,0.41049831272144294,1200,"{""h"": 36.0, ""patch_distance"": 6, ""patch_size"": 5}",10.3739926928523,1.0,9.494775377482615,0.9108333333333334,24260113,NLM(0.6 sd): only 50% of the true lesion contrast survives: erasure.,True,24268113,6.0
texture,120.0,25.0,,60.0,0.0,,,TV(0.4 sd),tv,3.465855273634169,0.9928716529681852,3.288111398840799,0.9883145833333333,3.349620830451733,0.9895055555555555,2.6658617406966463,0.9688229166666666,0.10903080175919612,23.79504616998638,25.84903210515931,-0.004557069634851918,0.004338750871730174,True,0.9000615269552814,1.0,0.9158749766312965,red,0.002096996458620015,0.0022133347660996654,0.00362728544338754,,0.9509735800822969,0.7754988657676959,1200,"{""max_num_iter"": 200, ""weight"": 24.0}",60.0,0.98853125,3.2959367976149947,1.0,24260113,"TV(0.4 sd): input ideal d'=3.47 < 5 (prespecified floor, Rose): the input does not meet the detectability requirement and post-processing cannot restore it.",False,24262113,0.0
texture,120.0,25.0,,60.0,0.25,,,TV(0.4 sd),tv,3.7547370518688785,0.9960345799373341,3.2497499677905575,0.9910659722222223,3.3879515408342686,0.9936888888888888,2.8655348962257268,0.98034375,0.3557624070066869,30.7200244762689,11.65552870280002,-0.004968607715111872,0.003791626805292469,True,0.7491017982587804,0.9491666666666667,0.8031739864227029,red,0.0016247137044501665,0.0019341847047958103,0.002874975179757633,,0.954181762663559,0.658588859255237,1200,"{""max_num_iter"": 200, ""weight"": 24.0}",33.50001999239478,0.9945361111111111,3.5827016184904217,1.0,24260113,"TV(0.4 sd): input ideal d'=3.75 < 5 (prespecified floor, Rose): the input does not meet the detectability requirement and post-processing cannot restore it.",False,24264113,6.0
texture,120.0,25.0,,60.0,0.5,,,TV(0.4 sd),tv,6.154588910664027,0.9999932534459398,3.5839952547400094,0.9967881944444444,3.2241112672177477,0.9909583333333334,2.936898156651895,0.9834930555555556,0.47233038299282487,33.82998072515176,8.350179081839984,-0.0032050590014953695,0.0022707491758932673,True,0.3391069978164213,0.7566666666666667,0.788434930463022,amber,0.0019458465024046509,0.0011582124719406708,0.0026331081717511236,,0.9748825771371664,0.5911468069448677,1200,"{""max_num_iter"": 200, ""weight"": 24.0}",17.95755117152193,1.0,6.000001498447973,0.9983333333333333,24260113,TV(0.4 sd): task d' fell 40% against the unprocessed input (6.00 -> 3.58) while fidelity improved: fidelity-task discordance.,True,24266113,6.0
texture,120.0,25.0,,60.0,1.0,,,TV(0.4 sd),tv,9.97053385555633,0.9999999999991069,3.8805878420161704,0.9998902777777777,3.990643867150542,0.9984027777777778,3.592747828657601,0.9953055555555556,0.6088970673359893,37.53274436643429,5.33973171862555,-0.0001097222213292115,0.0004199535385212512,True,0.15148101706239658,0.43333333333333335,0.7032575172083666,amber,0.0008164476521035998,0.00021391163173602626,0.0014007354961641776,,0.9522835502124506,0.49128211811986344,1200,"{""max_num_iter"": 200, ""weight"": 24.0}",10.3739926928523,1.0,9.494775377482615,0.9108333333333334,24260113,TV(0.4 sd): task d' fell 59% against the unprocessed input (9.49 -> 3.88) while fidelity improved: fidelity-task discordance.,True,24268113,6.0
texture,120.0,25.0,,60.0,0.0,,,gaussian(1.5 px),gaussian,3.465855273634169,0.9928716529681852,3.0285801718321244,0.9830722222222222,3.328438919582951,0.9891305555555555,2.828841394931999,0.9757104166666667,0.3346381410771821,30.464395814559527,12.000826926249534,-0.009799430745963011,0.005227273295334625,True,0.7635848483531819,0.9825,0.8384436558281122,red,0.0021343006183854474,0.0026666708634019644,0.003198391208953003,,0.9509735800822969,0.6968276858505754,1200,"{""sigma"": 1.5}",60.0,0.98853125,3.2959367976149947,1.0,24260113,"gaussian(1.5 px): input ideal d'=3.47 < 5 (prespecified floor, Rose): the input does not meet the detectability requirement and post-processing cannot restore it.",False,24262113,0.0
texture,120.0,25.0,,60.0,0.25,,,gaussian(1.5 px),gaussian,3.7547370518688785,0.9960345799373341,2.7569219460119094,0.9740826388888889,3.4175948683740156,0.9936944444444444,2.821491546243554,0.9782215277777778,0.3539545803843669,31.091487116413166,11.16485440215243,-0.021951941048445223,0.006477725519339922,True,0.53912551304641,0.9791666666666666,0.8233523930013191,red,0.0016239964168000482,0.0033046684153308285,0.003027305490688429,,0.954181762663559,0.6824649720953573,1200,"{""sigma"": 1.5}",33.50001999239478,0.9945361111111111,3.5827016184904217,1.0,24260113,"gaussian(1.5 px): input ideal d'=3.75 < 5 (prespecified floor, Rose): the input does not meet the detectability requirement and post-processing cannot restore it.",False,24264113,6.0
texture,120.0,25.0,,60.0,0.5,,,gaussian(1.5 px),gaussian,6.154588910664027,0.9999932534459398,3.3042865585778767,0.9917048611111111,3.4327977023598786,0.9923361111111111,3.0797651904018637,0.9847611111111111,0.4030917925626216,32.35084461429869,9.66145603774938,-0.008288392334828698,0.0036530601864081243,True,0.288242029828733,0.9358333333333333,0.8404150361729232,amber,0.0017909318095615263,0.0018634861511604675,0.002529342433850597,,0.9748825771371664,0.653492898249873,1200,"{""sigma"": 1.5}",17.95755117152193,1.0,6.000001498447973,0.9983333333333333,24260113,gaussian(1.5 px): task d' fell 45% against the unprocessed input (6.00 -> 3.30) while fidelity improved: fidelity-task discordance.,True,24266113,6.0
texture,120.0,25.0,,60.0,1.0,,,gaussian(1.5 px),gaussian,9.97053385555633,0.9999999999991069,4.2764852788164855,0.9989826388888889,4.421493124517914,0.9986833333333334,3.7336434215522623,0.9955333333333334,0.5161575035120639,35.19043124033144,6.974524745205602,-0.0010173611102179958,0.0012776328702922867,True,0.18396581878718726,0.7675,0.8194505421040252,amber,0.0007412316727791354,0.0006515111685317535,0.0013662586703925518,,0.9522835502124506,0.5796354501568363,1200,"{""sigma"": 1.5}",10.3739926928523,1.0,9.494775377482615,0.9108333333333334,24260113,gaussian(1.5 px): task d' fell 55% against the unprocessed input (9.49 -> 4.28) while fidelity improved: fidelity-task discordance.,True,24268113,6.0
texture,120.0,25.0,,60.0,0.0,,,raw,none,3.465855273634169,0.9928716529681852,3.2959367976149947,0.98853125,3.3419505348539578,0.9890472222222222,2.3922959803021433,0.9534909722222222,0.0186725279892613,16.47769078551297,60.007062069749345,-0.004340402968185275,0.004298154363553454,True,0.9043507500145408,1.0,1.009538783968014,red,0.002142503636929427,0.0021926218813237515,0.004437827149490026,,0.9509735800822969,0.8968910452087862,1200,{},60.0,0.98853125,3.2959367976149947,1.0,24260113,"raw: input ideal d'=3.47 < 5 (prespecified floor, Rose): the input does not meet the detectability requirement and post-processing cannot restore it.",False,24262113,0.0
texture,120.0,25.0,,60.0,0.25,,,raw,none,3.7547370518688785,0.9960345799373341,3.5827016184904217,0.9945361111111111,3.4353190638797044,0.9939666666666667,2.56450454239264,0.9650131944444444,0.0595212149116972,21.54640985648364,33.47966929934034,-0.001498468826223065,0.0029630670949121612,True,0.9104628361997364,1.0,0.9906221356677157,red,0.0015884568470914706,0.0015114423906941834,0.0038444202095992705,,0.954181762663559,0.838275310559551,1200,{},33.50001999239478,0.9945361111111111,3.5827016184904217,1.0,24260113,"raw: input ideal d'=3.75 < 5 (prespecified floor, Rose): the input does not meet the detectability requirement and post-processing cannot restore it.",False,24264113,6.0
texture,120.0,25.0,,60.0,0.5,,,raw,none,6.154588910664027,0.9999932534459398,6.000001498447973,1.0,3.4616617732152513,0.9928333333333333,3.002331180792155,0.983175,0.18315857784600031,26.965352823273125,17.944573944155376,6.7465540601885365e-06,6.944444444444445e-07,False,0.9503960392056032,0.9983333333333333,1.0133553446964454,green,0.0017316711655266832,0.0,0.0026585123287933077,,0.9748825771371664,0.7601454664610642,1200,{},17.95755117152193,1.0,6.000001498447973,0.9983333333333333,24260113,raw: input ideal d'=6.15 meets the floor and the processed task d'=6.00 follows it; no excess false structure or erasure.,True,24266113,6.0
texture,120.0,25.0,,60.0,1.0,,,raw,none,9.97053385555633,0.9999999999991069,9.494775377482615,1.0,4.694778573656892,0.9991916666666667,4.3842105814984,0.9988152777777778,0.37380792813335645,31.73348206393349,10.367971641314007,8.930634010084759e-13,6.944444444444445e-07,True,0.9068439600052289,0.9108333333333334,0.9904298819770806,green,0.0005807072940816866,0.0,0.0007030890554321092,,0.9522835502124506,0.6383915641799334,1200,{},10.3739926928523,1.0,9.494775377482615,0.9108333333333334,24260113,raw: input ideal d'=9.97 meets the floor and the processed task d'=9.49 follows it; no excess false structure or erasure.,True,24268113,6.0
atlas_demo,120.0,12.0,0.12,86.60254037844388,,20.0,,gaussian(1.5 px),gaussian,2.4012149702459653,0.9552381337941949,1.1267310571181863,0.7898625,2.269097285492358,0.94645,1.8238485318957545,0.90226875,0.1978319901271901,27.327528683645358,17.218615818595566,-0.16537563379419484,0.031339366249334456,True,0.220180293407949,1.0,0.823424243035673,red,0.008258142884506143,0.015986577557794982,0.011154784620399727,,0.7284122268914198,0.9996110479645989,400,"{""sigma"": 1.5}",86.60254037844388,0.89413125,1.749074343721878,1.0,25260116,"gaussian(1.5 px): input ideal d'=2.40 < 5 (prespecified floor, Rose): the input does not meet the detectability requirement and post-processing cannot restore it.",False,25272116,
atlas_demo,80.0,12.0,0.12,129.9038105676658,,36.742346141747674,,gaussian(1.5 px),gaussian,2.9408758377279614,0.9812148992675147,2.0906288312476984,0.930125,2.879364057487262,0.983775,2.344160160015333,0.95629375,0.1005226652472822,23.739930674926228,26.025491233034153,-0.05108989926751473,0.018506410367113157,True,0.5053595675518695,1.0,0.8347719831914132,red,0.0045249096940157265,0.00943903077456528,0.007454931902577801,,0.8207062473667943,0.822152677077261,400,"{""sigma"": 1.5}",129.9038105676658,0.95638125,2.413595172753393,1.0,25260116,"gaussian(1.5 px): input ideal d'=2.94 < 5 (prespecified floor, Rose): the input does not meet the detectability requirement and post-processing cannot restore it.",False,25276116,
atlas_demo,120.0,12.0,0.12,86.60254037844388,,20.0,,raw,none,2.4012149702459653,0.9552381337941949,1.749074343721878,0.89413125,2.2741122671940124,0.94695,1.435455948705215,0.84468125,0.007000721159523682,13.29721893282915,86.5420779804187,-0.06110688379419482,0.022747179589337287,True,0.5305843722849173,1.0,0.994171656812519,red,0.008219241195614523,0.011602728299455928,0.013950404696158627,,0.7284122268914198,1.2881648760519808,400,{},86.60254037844388,0.89413125,1.749074343721878,1.0,25260116,"raw: input ideal d'=2.40 < 5 (prespecified floor, Rose): the input does not meet the detectability requirement and post-processing cannot restore it.",False,25272116,
atlas_demo,80.0,12.0,0.12,129.9038105676658,,36.742346141747674,,raw,none,2.9408758377279614,0.9812148992675147,2.413595172753393,0.95638125,2.8788834855102055,0.983875,1.909522843601463,0.91419375,0.0030191794855565068,9.772021237971602,129.86281075957717,-0.024833649267514746,0.014602895787730786,True,0.6735587444668858,1.0,1.0076241169914195,red,0.00451085990639544,0.0074474051068628136,0.010458200600877248,,0.8207062473667943,1.0547531285970133,400,{},129.9038105676658,0.95638125,2.413595172753393,1.0,25260116,"raw: input ideal d'=2.94 < 5 (prespecified floor, Rose): the input does not meet the detectability requirement and post-processing cannot restore it.",False,25276116,
atlas_demo,120.0,200.0,2.0,21.213203435596427,,20.0,,gaussian(1.5 px),gaussian,9.802919066391512,0.9999999999979211,8.024847365944234,1.0,9.24741766123446,1.0,7.563943904643007,1.0,0.7591084267865245,39.33129013304608,4.3229669432578355,2.0788926136106056e-12,6.25e-06,True,0.6701356580087515,0.0,0.8189199561254786,green,0.0,0.0,0.0,,0.9256363873142828,0.2447459216467023,400,"{""sigma"": 1.5}",21.213203435596427,1.0,9.073938589748941,0.0,25260116,gaussian(1.5 px): input ideal d'=9.80 meets the floor and the processed task d'=8.02 follows it; no excess false structure or erasure.,True,25264116,
atlas_demo,120.0,200.0,2.0,21.213203435596427,,20.0,,raw,none,9.802919066391512,0.9999999999979211,9.073938589748941,1.0,9.264896612990205,1.0,6.635180703885851,1.0,0.19469574582097834,25.50977113036324,21.212743895625763,2.0788926136106056e-12,6.25e-06,True,0.856802721520237,0.0,0.9897634767229365,green,0.0,0.0,0.0,,0.9256363873142828,0.3161691934744429,400,{},21.213203435596427,1.0,9.073938589748941,0.0,25260116,raw: input ideal d'=9.80 meets the floor and the processed task d'=9.07 follows it; no excess false structure or erasure.,True,25264116,
atlas_demo,120.0,50.0,0.5,42.42640687119285,,20.0,,gaussian(1.5 px),gaussian,4.901459533195756,0.9997357261459661,3.826074729108322,0.997025,4.987799136738042,0.99995,3.8741841321049217,0.996075,0.4852893471001963,33.44824418925342,8.5112693967692,-0.0027107261459660137,0.00379328724560738,True,0.6093349003936609,0.4,0.8266400351035377,red,0.00025031538583266327,0.001932197364583761,0.002219851857553685,,0.9010133262695246,0.48973906434156084,400,"{""sigma"": 1.5}",42.42640687119285,0.99874375,4.416280357580179,0.9725,25260116,"gaussian(1.5 px): input ideal d'=4.90 < 5 (prespecified floor, Rose): the input does not meet the detectability requirement and post-processing cannot restore it.",False,25268116,
atlas_demo,120.0,50.0,0.5,42.42640687119285,,20.0,,raw,none,4.901459533195756,0.9997357261459661,4.416280357580179,0.99874375,5.0092976279976815,0.99995,3.3693555311463923,0.9914875,0.04435186659041454,19.491523141489743,42.41414720963712,-0.0009919761459660226,0.0024661438269248065,True,0.8118250141152727,0.9725,0.9974262379960689,red,0.00025031538583266327,0.0012550709331029218,0.0032724749344034943,,0.9010133262695246,0.6310163791764049,400,{},42.42640687119285,0.99874375,4.416280357580179,0.9725,25260116,"raw: input ideal d'=4.90 < 5 (prespecified floor, Rose): the input does not meet the detectability requirement and post-processing cannot restore it.",False,25268116,
dose,120.0,100.0,1.0,30.0,0.0,20.0,,NLM(0.6 sd),nlm,6.931710547268338,0.9999995243637675,5.904677306086762,0.9999972222222222,5.857573576763798,1.0,5.341595042682647,0.9999069444444444,0.611640607100143,34.481019432345356,7.556777024001797,-2.3021415452850746e-06,6.740159664382614e-05,True,0.7256237648241517,0.0016666666666666668,0.6753538061648147,green,0.0,3.403488672524557e-05,0.00019699556938835026,,0.9933871506965172,0.27789055930151574,1200,"{""h"": 18.0, ""patch_distance"": 6, ""patch_size"": 5}",30.0,0.9999993055555556,6.88587219000389,0.16833333333333333,25260116,NLM(0.6 sd): input ideal d'=6.93 meets the floor and the processed task d'=5.90 follows it; no excess false structure or erasure.,True,25261116,
dose,120.0,100.0,1.0,30.0,0.0,20.0,,TV(0.4 sd),tv,6.931710547268338,0.9999995243637675,6.826356561382759,0.9999993055555556,6.605183672138115,1.0,5.288016370203922,0.9999048611111111,0.3632125212129927,29.807046210470464,12.937328395248358,-2.1880821188258182e-07,3.404800325296122e-05,True,0.9698333172497778,0.03916666666666667,0.9132685702486885,green,0.0,1.7017434540433082e-05,0.00019918864061203948,,0.9933871506965172,0.38536169131039366,1200,"{""max_num_iter"": 200, ""weight"": 12.0}",30.0,0.9999993055555556,6.88587219000389,0.16833333333333333,25260116,TV(0.4 sd): input ideal d'=6.93 meets the floor and the processed task d'=6.83 follows it; no excess false structure or erasure.,True,25261116,
dose,120.0,100.0,1.0,30.0,0.0,20.0,,gaussian(1.5 px),gaussian,6.931710547268338,0.9999995243637675,6.372461592775182,0.9999972222222222,6.615293631604453,0.9999972222222222,5.596223186395881,0.9999104166666667,0.634462735732984,36.422719295805635,6.0431396455753745,-2.3021415452850746e-06,6.740159664382614e-05,True,0.8451496476659708,0.015,0.8310725618519478,green,3.403488672524557e-05,3.403488672524557e-05,0.00019328517282914175,,0.9933871506965172,0.3462708018795438,1200,"{""sigma"": 1.5}",30.0,0.9999993055555556,6.88587219000389,0.16833333333333333,25260116,gaussian(1.5 px): input ideal d'=6.93 meets the floor and the processed task d'=6.37 follows it; no excess false structure or erasure.,True,25261116,
dose,120.0,100.0,1.0,30.0,0.0,20.0,,raw,none,6.931710547268338,0.9999995243637675,6.88587219000389,0.9999993055555556,6.634306594805634,0.9999972222222222,4.8278372279168815,0.9996763888888889,0.09785425936406436,22.499815675526726,29.998258003533035,-2.1880821188258182e-07,3.404800325296122e-05,True,0.986818031168945,0.16833333333333333,1.00093219528441,green,3.403488672524557e-05,1.7017434540433082e-05,0.00036738535853675537,,0.9933871506965172,0.44517389473154945,1200,{},30.0,0.9999993055555556,6.88587219000389,0.16833333333333333,25260116,raw: input ideal d'=6.93 meets the floor and the processed task d'=6.89 follows it; no excess false structure or erasure.,True,25261116,
dose,120.0,12.500000000000002,0.12500000000000003,84.85281374238569,0.0,20.0,,NLM(0.6 sd),nlm,2.450729766597878,0.9584457342995427,1.9923653450468957,0.92100625,2.247783971080376,0.9441083333333333,2.010397090195012,0.9227694444444444,0.15558730727058503,25.62739901409682,20.943412535526186,-0.03743948429954269,0.011349669996211325,True,0.660917279621578,0.9941666666666666,0.6167733289146776,red,0.0048681646824354505,0.005790400048820363,0.00572550569517996,,0.915270135629837,0.7812644626995364,1200,"{""h"": 50.911688245431414, ""patch_distance"": 6, ""patch_size"": 5}",84.85281374238569,0.9434319444444444,2.2430797658661183,1.0,25260116,"NLM(0.6 sd): input ideal d'=2.45 < 5 (prespecified floor, Rose): the input does not meet the detectability requirement and post-processing cannot restore it.",False,25264116,
dose,120.0,12.500000000000002,0.12500000000000003,84.85281374238569,0.0,20.0,,TV(0.4 sd),tv,2.450729766597878,0.9584457342995427,2.2437983574901934,0.9435847222222222,2.392967372956765,0.952125,1.842882003486081,0.9039638888888889,0.05023538558037986,20.80948454598692,36.45215735511411,-0.01486101207732049,0.009586991207076586,True,0.8382562496856764,1.0,0.9038993871138645,red,0.004503040263765153,0.004891057610368165,0.00638066724095531,,0.915270135629837,1.0913725754237695,1200,"{""max_num_iter"": 200, ""weight"": 33.94112549695428}",84.85281374238569,0.9434319444444444,2.2430797658661183,1.0,25260116,"TV(0.4 sd): input ideal d'=2.45 < 5 (prespecified floor, Rose): the input does not meet the detectability requirement and post-processing cannot restore it.",False,25264116,
dose,120.0,12.500000000000002,0.12500000000000003,84.85281374238569,0.0,20.0,,gaussian(1.5 px),gaussian,2.450729766597878,0.9584457342995427,1.215785198228706,0.8079430555555556,2.393098940156282,0.9520555555555555,1.9564643678008486,0.9157423611111111,0.205745621343633,27.49464882867147,16.89163219168761,-0.15050267874398715,0.017383944224307543,True,0.24610636837162592,1.0,0.8271066135765763,red,0.004506330489864481,0.008869167962768681,0.005979611418276158,,0.915270135629837,0.9809383244361827,1200,"{""sigma"": 1.5}",84.85281374238569,0.9434319444444444,2.2430797658661183,1.0,25260116,"gaussian(1.5 px): input ideal d'=2.45 < 5 (prespecified floor, Rose): the input does not meet the detectability requirement and post-processing cannot restore it.",False,25264116,
dose,120.0,12.500000000000002,0.12500000000000003,84.85281374238569,0.0,20.0,,raw,none,2.450729766597878,0.9584457342995427,2.2430797658661183,0.9434319444444444,2.406029360250975,0.9528111111111112,1.6646314121940815,0.8812736111111111,0.007476116581570869,13.47341749461107,84.80416803200168,-0.01501378985509827,0.009600042982883047,True,0.8377194211758601,1.0,1.0043771456817678,red,0.004470403022519328,0.004897716802021384,0.007080181795223868,,0.915270135629837,1.2629295273494439,1200,{},84.85281374238569,0.9434319444444444,2.2430797658661183,1.0,25260116,"raw: input ideal d'=2.45 < 5 (prespecified floor, Rose): the input does not meet the detectability requirement and post-processing cannot restore it.",False,25264116,
dose,120.0,200.0,2.0,21.213203435596427,0.0,20.0,,NLM(0.6 sd),nlm,9.802919066391512,0.9999999999979211,8.060970201324897,1.0,8.076002554630922,1.0,7.106999935241841,1.0,0.7522124708728831,37.373706302327825,5.416311434550656,2.0788926136106056e-12,6.944444444444445e-07,True,0.6761822983434965,0.0,0.7314839842204813,green,0.0,0.0,0.0,,0.9905505877289805,0.19401373814943,1200,"{""h"": 12.727922061357855, ""patch_distance"": 6, ""patch_size"": 5}",21.213203435596427,1.0,9.710287242673742,0.0008333333333333334,25260116,NLM(0.6 sd): input ideal d'=9.80 meets the floor and the processed task d'=8.06 follows it; no excess false structure or erasure.,True,25260116,
dose,120.0,200.0,2.0,21.213203435596427,0.0,20.0,,TV(0.4 sd),tv,9.802919066391512,0.9999999999979211,9.576583849804763,1.0,9.226982477604066,1.0,7.53025134353471,1.0,0.5353568682258705,32.79688508328712,9.169615703704379,2.0788926136106056e-12,6.944444444444445e-07,True,0.9543559752462178,0.0,0.9138338637700699,green,0.0,0.0,0.0,,0.9905505877289805,0.2709134057228013,1200,"{""max_num_iter"": 200, ""weight"": 8.485281374238571}",21.213203435596427,1.0,9.710287242673742,0.0008333333333333334,25260116,TV(0.4 sd): input ideal d'=9.80 meets the floor and the processed task d'=9.58 follows it; no excess false structure or erasure.,True,25260116,
dose,120.0,200.0,2.0,21.213203435596427,0.0,20.0,,gaussian(1.5 px),gaussian,9.802919066391512,0.9999999999979211,9.249502174352482,1.0,9.21964912817996,1.0,7.901617115625623,1.0,0.7581127092420871,39.319531061398216,4.329231569439972,2.0788926136106056e-12,6.944444444444445e-07,True,0.8902784960371863,0.0,0.8245274434053806,green,0.0,0.0,0.0,,0.9905505877289805,0.24275022742337152,1200,"{""sigma"": 1.5}",21.213203435596427,1.0,9.710287242673742,0.0008333333333333334,25260116,gaussian(1.5 px): input ideal d'=9.80 meets the floor and the processed task d'=9.25 follows it; no excess false structure or erasure.,True,25260116,
dose,120.0,200.0,2.0,21.213203435596427,0.0,20.0,,raw,none,9.802919066391512,0.9999999999979211,9.710287242673742,1.0,9.255070571976686,1.0,6.929635010582079,1.0,0.1945920690770184,25.507555188220397,21.21824634814688,2.0788926136106056e-12,6.944444444444445e-07,True,0.9811904668502287,0.0008333333333333334,0.9981020669096687,green,0.0,0.0,0.0,,0.9905505877289805,0.3131829997791822,1200,{},21.213203435596427,1.0,9.710287242673742,0.0008333333333333334,25260116,raw: input ideal d'=9.80 meets the floor and the processed task d'=9.71 follows it; no excess false structure or erasure.,True,25260116,
dose,120.0,25.000000000000007,0.25000000000000006,59.999999999999986,0.0,20.0,,NLM(0.6 sd),nlm,3.4658552736341695,0.9928716529681852,2.901601613080672,0.9783548611111111,3.1250678411178963,0.9879055555555556,2.9006547419141104,0.9820368055555555,0.2813220450123304,28.597605033444374,14.876894443585522,-0.014516791857074107,0.0059157802656155355,True,0.7008978387793953,0.6633333333333333,0.6285262921928512,red,0.002251926462618808,0.0030179563848257078,0.0027475393245225323,,0.9666174633646994,0.5547872014857432,1200,"{""h"": 35.99999999999999, ""patch_distance"": 6, ""patch_size"": 5}",59.999999999999986,0.9896854166666667,3.350156232989427,1.0,25260116,"NLM(0.6 sd): input ideal d'=3.47 < 5 (prespecified floor, Rose): the input does not meet the detectability requirement and post-processing cannot restore it.",False,25263116,
dose,120.0,25.000000000000007,0.25000000000000006,59.999999999999986,0.0,20.0,,TV(0.4 sd),tv,3.4658552736341695,0.9928716529681852,3.332855350070426,0.9891798611111111,3.3469975266399716,0.9914194444444444,2.7081301021954154,0.9729722222222222,0.10896263005039686,23.79607943033729,25.8453638356149,-0.0036917918570741337,0.00417430550811724,True,0.9247239017008237,0.9991666666666666,0.9056016004148757,red,0.001895391413520658,0.002129432528655479,0.0033752898652830306,,0.9666174633646994,0.7740275817653209,1200,"{""max_num_iter"": 200, ""weight"": 23.999999999999996}",59.999999999999986,0.9896854166666667,3.350156232989427,1.0,25260116,"TV(0.4 sd): input ideal d'=3.47 < 5 (prespecified floor, Rose): the input does not meet the detectability requirement and post-processing cannot restore it.",False,25263116,
dose,120.0,25.000000000000007,0.25000000000000006,59.999999999999986,0.0,20.0,,gaussian(1.5 px),gaussian,3.4658552736341695,0.9928716529681852,2.960690931162632,0.9800166666666666,3.35233763237581,0.9915472222222222,2.836303912578913,0.9770868055555556,0.3347616188421228,30.46187331617371,12.003104268876232,-0.0128549863015186,0.005682557273961298,True,0.7297352066721117,0.9816666666666667,0.8284381548190553,red,0.0018811737906193262,0.0028989628760194893,0.0031057567529693773,,0.9666174633646994,0.6950696374242316,1200,"{""sigma"": 1.5}",59.999999999999986,0.9896854166666667,3.350156232989427,1.0,25260116,"gaussian(1.5 px): input ideal d'=3.47 < 5 (prespecified floor, Rose): the input does not meet the detectability requirement and post-processing cannot restore it.",False,25263116,
dose,120.0,25.000000000000007,0.25000000000000006,59.999999999999986,0.0,20.0,,raw,none,3.4658552736341695,0.9928716529681852,3.350156232989427,0.9896854166666667,3.358342194988392,0.9917694444444445,2.444844913151192,0.9588618055555556,0.018678540413525912,16.478528225330034,60.001065663704,-0.003186236301518597,0.004075205914702681,True,0.9343493204816061,1.0,1.0008019425326677,red,0.0018561916571948227,0.002078870582519609,0.004171611759907403,,0.9666174633646994,0.89496316942934,1200,{},59.999999999999986,0.9896854166666667,3.350156232989427,1.0,25260116,"raw: input ideal d'=3.47 < 5 (prespecified floor, Rose): the input does not meet the detectability requirement and post-processing cannot restore it.",False,25263116,
dose,120.0,3.125,0.03125,169.7056274847714,0.0,20.0,,NLM(0.6 sd),nlm,1.225364883298939,0.8068820701518937,1.000706910421794,0.7599618055555556,1.1334381699134546,0.7908555555555555,1.0230394040722455,0.7668826388888889,0.032298566349277635,19.618491651960095,41.8281489875191,-0.046920264596338135,0.01911566228020671,True,0.6669341218626704,1.0,0.6250706702509252,red,0.009206246543867405,0.009752713818487836,0.009637003296840306,,0.8493918716583598,1.5656002077889386,1200,"{""h"": 101.82337649086284, ""patch_distance"": 6, ""patch_size"": 5}",169.7056274847714,0.7695111111111111,1.0408149716897135,1.0,25260116,"NLM(0.6 sd): input ideal d'=1.23 < 5 (prespecified floor, Rose): the input does not meet the detectability requirement and post-processing cannot restore it.",False,25266116,
dose,120.0,3.125,0.03125,169.7056274847714,0.0,20.0,,TV(0.4 sd),tv,1.225364883298939,0.8068820701518937,1.0650710835456996,0.7748069444444444,1.2131142366433223,0.80665,0.8816680429179703,0.7347027777777778,0.008171203306688031,14.784069449367555,72.94424610049595,-0.0320751257074493,0.018620044153427134,True,0.7554858377118094,1.0,0.9169386516249375,red,0.008895596578170321,0.009499842780709108,0.01014397732677761,,0.8493918716583598,2.1837065253833914,1200,"{""max_num_iter"": 200, ""weight"": 67.88225099390857}",169.7056274847714,0.7695111111111111,1.0408149716897135,1.0,25260116,"TV(0.4 sd): input ideal d'=1.23 < 5 (prespecified floor, Rose): the input does not meet the detectability requirement and post-processing cannot restore it.",False,25266116,
dose,120.0,3.125,0.03125,169.7056274847714,0.0,20.0,,gaussian(1.5 px),gaussian,1.225364883298939,0.8068820701518937,0.48202229624415577,0.6398284722222223,1.2165029544207298,0.8065666666666667,0.9625508086983237,0.7528701388888889,0.051996108916949384,21.47097080615551,33.79755142150843,-0.16705359792967145,0.021987029256749835,True,0.15474028569221848,1.0,0.8381902772187574,red,0.008897294529252522,0.011217723889689196,0.009867420433251601,,0.8493918716583598,1.9626075728237906,1200,"{""sigma"": 1.5}",169.7056274847714,0.7695111111111111,1.0408149716897135,1.0,25260116,"gaussian(1.5 px): input ideal d'=1.23 < 5 (prespecified floor, Rose): the input does not meet the detectability requirement and post-processing cannot restore it.",False,25266116,
dose,120.0,3.125,0.03125,169.7056274847714,0.0,20.0,,raw,none,1.225364883298939,0.8068820701518937,1.0408149716897135,0.7695111111111111,1.2147328103207293,0.8063527777777778,0.7546618137549508,0.7039083333333334,0.0010559250340471268,7.450973711363653,169.6435087986722,-0.03737095904078258,0.018800798333897,True,0.7214665516392916,1.0,1.0239310756962083,red,0.008901649678904985,0.00959206599598022,0.010558481330787538,,0.8493918716583598,2.524228767180859,1200,{},169.7056274847714,0.7695111111111111,1.0408149716897135,1.0,25260116,"raw: input ideal d'=1.23 < 5 (prespecified floor, Rose): the input does not meet the detectability requirement and post-processing cannot restore it.",False,25266116,
dose,120.0,49.99999999999999,0.49999999999999994,42.42640687119285,0.0,20.0,,NLM(0.6 sd),nlm,4.901459533195756,0.9997357261459661,3.9863629896420663,0.9979263888888888,4.277762675923588,0.9980777777777777,3.8729087967640843,0.9974159722222222,0.4438499166176431,31.553475525458442,10.585637186317408,-0.0018093372570772148,0.0018242013893868111,True,0.6614588649998776,0.0775,0.634026027319365,red,0.0008957392871806266,0.0009303777821051595,0.0010387174298288392,,0.9474646138073722,0.3930518829625645,1200,"{""h"": 25.45584412271571, ""patch_distance"": 6, ""patch_size"": 5}",42.42640687119285,0.9993131944444444,4.64395946371178,0.9608333333333333,25260116,"NLM(0.6 sd): input ideal d'=4.90 < 5 (prespecified floor, Rose): the input does not meet the detectability requirement and post-processing cannot restore it.",False,25262116,
dose,120.0,49.99999999999999,0.49999999999999994,42.42640687119285,0.0,20.0,,TV(0.4 sd),tv,4.901459533195756,0.9997357261459661,4.600578583442994,0.9992555555555556,4.619963774402574,0.9987,3.672748664012468,0.9951986111111111,0.21310329377048717,26.805355097949043,18.277592247245583,-0.00048017059041050025,0.0010929379115890362,True,0.8809962582889277,0.6941666666666667,0.8994562538073444,red,0.000736522400760423,0.0005572773151752119,0.0014166357054041354,,0.9474646138073722,0.5482250827863748,1200,"{""max_num_iter"": 200, ""weight"": 16.970562748477143}",42.42640687119285,0.9993131944444444,4.64395946371178,0.9608333333333333,25260116,"TV(0.4 sd): input ideal d'=4.90 < 5 (prespecified floor, Rose): the input does not meet the detectability requirement and post-processing cannot restore it.",False,25262116,
dose,120.0,49.99999999999999,0.49999999999999994,42.42640687119285,0.0,20.0,,gaussian(1.5 px),gaussian,4.901459533195756,0.9997357261459661,4.0948297001217915,0.9974777777777778,4.609475438065354,0.9986194444444444,3.84653513469059,0.99625,0.48603114666377784,33.442958630252,8.51652897638739,-0.0022579483681882673,0.0020120191199521527,True,0.6979444310773034,0.4166666666666667,0.8191933980744954,red,0.0007590139355994998,0.0010262049156886455,0.0012516539351597928,,0.9474646138073722,0.49199169915118035,1200,"{""sigma"": 1.5}",42.42640687119285,0.9993131944444444,4.64395946371178,0.9608333333333333,25260116,"gaussian(1.5 px): input ideal d'=4.90 < 5 (prespecified floor, Rose): the input does not meet the detectability requirement and post-processing cannot restore it.",False,25262116,
dose,120.0,49.99999999999999,0.49999999999999994,42.42640687119285,0.0,20.0,,raw,none,4.901459533195756,0.9997357261459661,4.64395946371178,0.9993131944444444,4.619544804305865,0.9986083333333333,3.3644072999467713,0.99110625,0.04432864250738917,19.491406918287048,42.41469314763492,-0.00042253170152162234,0.001049787594368379,True,0.897689194417153,0.9608333333333333,0.9954451045897583,red,0.0007620642576247831,0.0005352614426586649,0.001929803073287219,,0.9474646138073722,0.6338833522726038,1200,{},42.42640687119285,0.9993131944444444,4.64395946371178,0.9608333333333333,25260116,"raw: input ideal d'=4.90 < 5 (prespecified floor, Rose): the input does not meet the detectability requirement and post-processing cannot restore it.",False,25262116,
dose,120.0,6.25,0.0625,120.0,0.0,20.0,,NLM(0.6 sd),nlm,1.7329276368170845,0.8897811140599974,1.3710784469382413,0.8341201388888889,1.5325478995233686,0.8662444444444445,1.4642191023640811,0.8522597222222222,0.07386850163606698,22.607734616296778,29.64953140732282,-0.05566097517110846,0.016267377416409195,True,0.6259847480915401,1.0,0.6201590783811916,red,0.007499445583807203,0.008299480551823538,0.007862676216120683,,0.8607541419492604,1.1027768562385762,1200,"{""h"": 72.0, ""patch_distance"": 6, ""patch_size"": 5}",120.0,0.8576340277777778,1.4916246410886491,1.0,25260116,"NLM(0.6 sd): input ideal d'=1.73 < 5 (prespecified floor, Rose): the input does not meet the detectability requirement and post-processing cannot restore it.",False,25265116,
dose,120.0,6.25,0.0625,120.0,0.0,20.0,,TV(0.4 sd),tv,1.7329276368170845,0.8897811140599974,1.5175675216357751,0.8623375,1.6396035379414966,0.8810861111111111,1.2648815460318201,0.8136895833333333,0.020667856854532526,17.78421945195672,51.63978222059979,-0.0274436140599974,0.014903085562184172,True,0.7668937368110299,1.0,0.9067494117771734,red,0.007085612456886013,0.007603400488625245,0.008749829620557741,,0.8607541419492604,1.5472705944684182,1200,"{""max_num_iter"": 200, ""weight"": 48.0}",120.0,0.8576340277777778,1.4916246410886491,1.0,25260116,"TV(0.4 sd): input ideal d'=1.73 < 5 (prespecified floor, Rose): the input does not meet the detectability requirement and post-processing cannot restore it.",False,25265116,
dose,120.0,6.25,0.0625,120.0,0.0,20.0,,gaussian(1.5 px),gaussian,1.7329276368170845,0.8897811140599974,1.1383319060381862,0.7896069444444445,1.6402762962237727,0.8815,1.3641128038548946,0.8330027777777778,0.10845702443998671,24.469183380117126,23.9291382703405,-0.10017416961555292,0.018090905091112667,True,0.4314961863294749,1.0,0.8342669249346595,red,0.007073617718109363,0.009229868910531774,0.008325208317518106,,0.8607541419492604,1.387601925282794,1200,"{""sigma"": 1.5}",120.0,0.8576340277777778,1.4916246410886491,1.0,25260116,"gaussian(1.5 px): input ideal d'=1.73 < 5 (prespecified floor, Rose): the input does not meet the detectability requirement and post-processing cannot restore it.",False,25265116,
dose,120.0,6.25,0.0625,120.0,0.0,20.0,,raw,none,1.7329276368170845,0.8897811140599974,1.4916246410886491,0.8576340277777778,1.6446134577423144,0.8819083333333333,1.1141885355033396,0.7849618055555555,0.002826815866021001,10.457597460014888,120.00706206290762,-0.03214708628221963,0.015143309145590329,True,0.7408976928828075,1.0,0.9981206078167506,red,0.00706175864797109,0.007725965793549727,0.009316579934346253,,0.8607541419492604,1.7917686878921404,1200,{},120.0,0.8576340277777778,1.4916246410886491,1.0,25260116,"raw: input ideal d'=1.73 < 5 (prespecified floor, Rose): the input does not meet the detectability requirement and post-processing cannot restore it.",False,25265116,
signal,120.0,25.0,,60.0,,10.0,1.5,NLM(0.6 sd),nlm,0.8426561840065284,0.7243615801373218,0.4829738306279798,0.6336756944444445,0.7129343416432662,0.6937194444444444,0.6141685823454726,0.67105625,0.27455941986432486,28.647470890677347,14.791945590634041,-0.09068588569287728,0.022084212080907602,True,0.32850832111775946,1.0,0.36719073540269576,red,0.010681227803952144,0.01126730787435643,0.01092956470908634,0.5,0.6362197049671177,1.7754747122941046,1200,"{""h"": 36.0, ""patch_distance"": 6, ""patch_size"": 5}",60.0,0.64830625,0.5361144687773507,1.0,25260116,"NLM(0.6 sd): input ideal d'=0.84 < 5 (prespecified floor, Rose): the input does not meet the detectability requirement and post-processing cannot restore it.",False,25263116,
signal,120.0,25.0,,60.0,,20.0,1.5,NLM(0.6 sd),nlm,1.6853123680130568,0.8833097279993577,1.0799730995810872,0.7751152777777778,1.2781749775912694,0.8294972222222222,1.2198687642970127,0.8104263888888888,0.2744211546677212,28.62954830613819,14.821578727662667,-0.10819445022157992,0.018609383203449705,True,0.4106436014618692,1.0,0.3400830660085314,red,0.008405077313879555,0.009494403420567022,0.008817976412872712,1.0,0.7908261526308346,0.8722518960392698,1200,"{""h"": 36.0, ""patch_distance"": 6, ""patch_size"": 5}",60.0,0.8282270833333333,1.3327890959769269,1.0,25260116,"NLM(0.6 sd): input ideal d'=1.69 < 5 (prespecified floor, Rose): the input does not meet the detectability requirement and post-processing cannot restore it.",False,25263216,
signal,120.0,25.0,,60.0,,10.0,3.0,NLM(0.6 sd),nlm,1.7329276368170845,0.8897811140599974,1.436597092749441,0.8442722222222222,1.6119008803701609,0.8753666666666666,1.4673911054771498,0.8517631944444445,0.2782637228520244,28.641802451670834,14.801379399418062,-0.04550889183777518,0.015797145313574325,True,0.6872410782900301,1.0,0.6223636952708912,red,0.007248772331867501,0.00805956180507921,0.0078751317812011,0.5,0.9105755604271552,1.1070465234200066,1200,"{""h"": 36.0, ""patch_distance"": 6, ""patch_size"": 5}",60.0,0.8670972222222222,1.5779615540744223,1.0,25260116,"NLM(0.6 sd): input ideal d'=1.73 < 5 (prespecified floor, Rose): the input does not meet the detectability requirement and post-processing cannot restore it.",False,25266116,
signal,120.0,25.0,,60.0,,20.0,3.0,NLM(0.6 sd),nlm,3.465855273634169,0.9928716529681852,2.871868162941743,0.9807527777777778,3.1914037455893323,0.9914861111111111,2.911027767552176,0.9843756944444444,0.28194058551253204,28.595468935227363,14.880740145701672,-0.012118875190407441,0.005576203055160743,True,0.6866068803733756,0.6908333333333333,0.6149539837756194,red,0.0018879866998085357,0.0028446995223867376,0.0025613169966908393,1.0,0.9645321466325864,0.5542098726970742,1200,"{""h"": 36.0, ""patch_distance"": 6, ""patch_size"": 5}",60.0,0.9921993055555556,3.342928826996235,1.0,25260116,"NLM(0.6 sd): input ideal d'=3.47 < 5 (prespecified floor, Rose): the input does not meet the detectability requirement and post-processing cannot restore it.",False,25266216,
signal,120.0,25.0,,60.0,,10.0,5.0,NLM(0.6 sd),nlm,2.911006412451428,0.9802237584170569,2.530250421561702,0.9629673611111111,2.7186527385654857,0.9728555555555556,2.082170681174171,0.9312340277777778,0.28358721770124373,28.61060139648032,14.854896906188467,-0.017256397305945748,0.007754693723841783,True,0.7555108184364652,0.9233333333333333,0.7407179422685509,red,0.0033826260563782676,0.003956194777332592,0.005402388246322342,0.5,0.9286736405966903,0.6877534769057547,1200,"{""h"": 36.0, ""patch_distance"": 6, ""patch_size"": 5}",60.0,0.9720340277777778,2.7033749228515784,1.0,25260116,"NLM(0.6 sd): input ideal d'=2.91 < 5 (prespecified floor, Rose): the input does not meet the detectability requirement and post-processing cannot restore it.",False,25269116,
signal,120.0,25.0,,60.0,,20.0,5.0,NLM(0.6 sd),nlm,5.822012824902856,0.9999807902708996,5.110087417916461,0.9998736111111111,5.162997345951282,0.9999166666666667,4.196039502895552,0.9989291666666666,0.2938214356005975,28.557491828988326,14.945715166137903,-0.00010717915978852854,0.00045067260839550807,True,0.7703894800859924,0.03,0.7515386403017719,amber,0.00018642048501988604,0.00022958491457008087,0.000668422287969782,1.0,0.9767092467137644,0.34475712391732355,1200,"{""h"": 36.0, ""patch_distance"": 6, ""patch_size"": 5}",60.0,0.9999826388888889,5.686413760568744,0.4041666666666667,25260116,NLM(0.6 sd): input ideal d'=5.82 is within 1.2x of the floor (5): marginal — small dose changes cross it.,False,25269216,
signal,120.0,25.0,,60.0,,10.0,1.5,TV(0.4 sd),tv,0.8426561840065284,0.7243615801373218,0.5330718194498764,0.6495909722222222,0.7780885549266678,0.7083777777777778,0.6357586704026896,0.6748597222222222,0.10198864216883709,23.801482382065522,25.829313837568066,-0.0747706079150996,0.021823389891409188,True,0.4001940470962409,1.0,0.7877661220989429,red,0.010502417565935037,0.011134232883409787,0.010890228686738767,0.5,0.6362197049671177,3.237772231780757,1200,"{""max_num_iter"": 200, ""weight"": 24.0}",60.0,0.64830625,0.5361144687773507,1.0,25260116,"TV(0.4 sd): input ideal d'=0.84 < 5 (prespecified floor, Rose): the input does not meet the detectability requirement and post-processing cannot restore it.",False,25263116,
signal,120.0,25.0,,60.0,,20.0,1.5,TV(0.4 sd),tv,1.6853123680130568,0.8833097279993577,1.336923369958163,0.8287861111111111,1.502027294259119,0.85815,1.3583401887148119,0.8343145833333333,0.10364402033474752,23.807133252422286,25.812442683078086,-0.054523616888246584,0.016505793392945847,True,0.6292920048611296,1.0,0.7964135605141921,red,0.0077126553455744975,0.00842112359139837,0.008294989906373638,1.0,0.7908261526308346,1.6127783170786165,1200,"{""max_num_iter"": 200, ""weight"": 24.0}",60.0,0.8282270833333333,1.3327890959769269,1.0,25260116,"TV(0.4 sd): input ideal d'=1.69 < 5 (prespecified floor, Rose): the input does not meet the detectability requirement and post-processing cannot restore it.",False,25263216,
signal,120.0,25.0,,60.0,,10.0,3.0,TV(0.4 sd),tv,1.7329276368170845,0.8897811140599974,1.5965861870735534,0.8706527777777778,1.7259002282934772,0.8908611111111111,1.2989273315155077,0.8224638888888889,0.10451723167751674,23.81416641157432,25.7920672122064,-0.01912833628221955,0.014464698968940698,True,0.8488361744681848,1.0,0.9129309074569486,red,0.00679521205135004,0.00737972974941707,0.008561524841416758,0.5,0.9105755604271552,1.5441136918203517,1200,"{""max_num_iter"": 200, ""weight"": 24.0}",60.0,0.8670972222222222,1.5779615540744223,1.0,25260116,"TV(0.4 sd): input ideal d'=1.73 < 5 (prespecified floor, Rose): the input does not meet the detectability requirement and post-processing cannot restore it.",False,25266116,
signal,120.0,25.0,,60.0,,20.0,3.0,TV(0.4 sd),tv,3.465855273634169,0.9928716529681852,3.345024711611446,0.9923,3.4566664212145293,0.9941222222222222,2.6650140870128656,0.9698222222222223,0.10944853459435754,23.806492233013184,25.815118324236117,-0.0005716529681852878,0.0035191441495528043,True,0.9314891783586866,0.9983333333333333,0.887245658282826,red,0.0015677906576947588,0.0017951603870588655,0.0035681884854196363,1.0,0.9645321466325864,0.7737726426760613,1200,"{""max_num_iter"": 200, ""weight"": 24.0}",60.0,0.9921993055555556,3.342928826996235,1.0,25260116,"TV(0.4 sd): input ideal d'=3.47 < 5 (prespecified floor, Rose): the input does not meet the detectability requirement and post-processing cannot restore it.",False,25266216,
signal,120.0,25.0,,60.0,,10.0,5.0,TV(0.4 sd),tv,2.911006412451428,0.9802237584170569,2.7343923927191107,0.9737826388888889,2.922866534212682,0.980275,1.6407576674985953,0.8773284722222222,0.10781613109652743,23.799904570911426,25.834123849110885,-0.006441119528167949,0.0065154045123250225,True,0.8823387445686217,0.9966666666666667,0.9331122277112824,red,0.002880033397537892,0.003323892744595197,0.007193345281570024,0.5,0.9286736405966903,0.8595833229419164,1200,"{""max_num_iter"": 200, ""weight"": 24.0}",60.0,0.9720340277777778,2.7033749228515784,1.0,25260116,"TV(0.4 sd): input ideal d'=2.91 < 5 (prespecified floor, Rose): the input does not meet the detectability requirement and post-processing cannot restore it.",False,25269116,
signal,120.0,25.0,,60.0,,20.0,5.0,TV(0.4 sd),tv,5.822012824902856,0.9999807902708996,5.667139857087989,0.9999895833333333,5.650875110434095,0.9999916666666666,3.3733187944037333,0.9906708333333333,0.1187706764814104,23.801105299892292,25.83044731229488,8.793062433731791e-06,0.00012987253465012905,True,0.9475050766257977,0.18083333333333335,0.9305658857751999,amber,5.8950234496151456e-05,6.590839996276714e-05,0.0019766622754334236,1.0,0.9767092467137644,0.43193418625219304,1200,"{""max_num_iter"": 200, ""weight"": 24.0}",60.0,0.9999826388888889,5.686413760568744,0.4041666666666667,25260116,TV(0.4 sd): input ideal d'=5.82 is within 1.2x of the floor (5): marginal — small dose changes cross it.,False,25269216,
signal,120.0,25.0,,60.0,,10.0,1.5,gaussian(1.5 px),gaussian,0.8426561840065284,0.7243615801373218,0.28803011254638283,0.5859958333333334,0.7763017414216394,0.707575,0.6594370307741917,0.6822451388888889,0.3229235668184166,30.485006339837867,11.971244146518478,-0.1383657468039884,0.022684547869712624,True,0.11683553824568613,1.0,0.6395031957526237,red,0.010512588046700034,0.01157360727247823,0.010811166585463747,0.5,0.6362197049671177,2.6774817257356642,1200,"{""sigma"": 1.5}",60.0,0.64830625,0.5361144687773507,1.0,25260116,"gaussian(1.5 px): input ideal d'=0.84 < 5 (prespecified floor, Rose): the input does not meet the detectability requirement and post-processing cannot restore it.",False,25263116,
signal,120.0,25.0,,60.0,,20.0,1.5,gaussian(1.5 px),gaussian,1.6853123680130568,0.8833097279993577,0.8618435720017334,0.7316541666666667,1.5087182506264758,0.8590055555555556,1.3872818651172354,0.8378701388888888,0.32444569573569365,30.471759565783433,11.989138872719623,-0.15165556133269098,0.01996882123154485,True,0.2615146829694422,1.0,0.6439121119043497,red,0.007690512016949825,0.010188006996356282,0.008212164430129938,1.0,0.7908261526308346,1.324447456511369,1200,"{""sigma"": 1.5}",60.0,0.8282270833333333,1.3327890959769269,1.0,25260116,"gaussian(1.5 px): input ideal d'=1.69 < 5 (prespecified floor, Rose): the input does not meet the detectability requirement and post-processing cannot restore it.",False,25263216,
signal,120.0,25.0,,60.0,,10.0,3.0,gaussian(1.5 px),gaussian,1.7329276368170845,0.8897811140599974,0.8767305525504532,0.7393048611111112,1.728317373298753,0.8909111111111111,1.3967864623787993,0.8392229166666667,0.32882705968237314,30.498353481927996,11.954063914313219,-0.15047625294888622,0.019749745217943447,True,0.25595960224462694,1.0,0.8350818140580302,red,0.006793687178770708,0.010076231466127437,0.008180294371599287,0.5,0.9105755604271552,1.387773122947742,1200,"{""sigma"": 1.5}",60.0,0.8670972222222222,1.5779615540744223,1.0,25260116,"gaussian(1.5 px): input ideal d'=1.73 < 5 (prespecified floor, Rose): the input does not meet the detectability requirement and post-processing cannot restore it.",False,25266116,
signal,120.0,25.0,,60.0,,20.0,3.0,gaussian(1.5 px),gaussian,3.465855273634169,0.9928716529681852,2.8672341923009608,0.9791777777777778,3.446439171082167,0.9936388888888888,2.8222993271591497,0.9775416666666666,0.3351954792023721,30.46993305699046,11.993004063685227,-0.013693875190407434,0.005801435558149994,True,0.684392886569714,0.9783333333333334,0.8101189656146774,red,0.0016311552511619966,0.0029596161763486752,0.0030745440143717627,1.0,0.9645321466325864,0.6949023178792048,1200,"{""sigma"": 1.5}",60.0,0.9921993055555556,3.342928826996235,1.0,25260116,"gaussian(1.5 px): input ideal d'=3.47 < 5 (prespecified floor, Rose): the input does not meet the detectability requirement and post-processing cannot restore it.",False,25266216,
signal,120.0,25.0,,60.0,,10.0,5.0,gaussian(1.5 px),gaussian,2.911006412451428,0.9802237584170569,2.3694566933344476,0.9520756944444444,2.918165090955951,0.9799666666666667,1.8506764423885256,0.90495625,0.3383309197931383,30.495095795671652,11.95778857485065,-0.02814806397261249,0.008831070260613062,True,0.6625386626581337,0.9875,0.887522352430307,red,0.00290261270090823,0.004505376571111253,0.006347978629115419,0.5,0.9286736405966903,0.7903505321599025,1200,"{""sigma"": 1.5}",60.0,0.9720340277777778,2.7033749228515784,1.0,25260116,"gaussian(1.5 px): input ideal d'=2.91 < 5 (prespecified floor, Rose): the input does not meet the detectability requirement and post-processing cannot restore it.",False,25269116,
signal,120.0,25.0,,60.0,,20.0,5.0,gaussian(1.5 px),gaussian,5.822012824902856,0.9999807902708996,5.256680234451045,0.9999520833333333,5.654300415657262,0.9999888888888889,3.844098552753549,0.9959569444444445,0.3565557166963679,30.464793226604996,11.999054397087527,-2.8706937566291835e-05,0.00027775316525063934,True,0.8152237124701154,0.0975,0.8840016780499866,amber,6.806991453742286e-05,0.00014135908771365126,0.001299730313806584,1.0,0.9767092467137644,0.3970750532310282,1200,"{""sigma"": 1.5}",60.0,0.9999826388888889,5.686413760568744,0.4041666666666667,25260116,gaussian(1.5 px): input ideal d'=5.82 is within 1.2x of the floor (5): marginal — small dose changes cross it.,False,25269216,
signal,120.0,25.0,,60.0,,10.0,1.5,raw,none,0.8426561840065284,0.7243615801373218,0.5361144687773507,0.64830625,0.7826486627526724,0.7094888888888888,0.5776975616746964,0.6594895833333333,0.016807416671034282,16.478528225330034,60.001065663704,-0.0760553301373218,0.021845589926765586,True,0.4047755129884462,1.0,0.9709656151489933,red,0.010488267831280798,0.011145559640192825,0.011043483624827627,0.5,0.6362197049671177,3.9989403681680793,1200,{},60.0,0.64830625,0.5361144687773507,1.0,25260116,"raw: input ideal d'=0.84 < 5 (prespecified floor, Rose): the input does not meet the detectability requirement and post-processing cannot restore it.",False,25263116,
signal,120.0,25.0,,60.0,,20.0,1.5,raw,none,1.6853123680130568,0.8833097279993577,1.3327890959769269,0.8282270833333333,1.5149591751769975,0.8603083333333333,1.3068864061792855,0.8250631944444444,0.017283557519928997,16.481132104218116,59.98305872829531,-0.055082644666024416,0.016530445898233524,True,0.6254060036848881,1.0,0.9794942602662536,red,0.007656618378059945,0.008433701631343049,0.008504288552295092,1.0,0.7908261526308346,1.992238620658648,1200,{},60.0,0.8282270833333333,1.3327890959769269,1.0,25260116,"raw: input ideal d'=1.69 < 5 (prespecified floor, Rose): the input does not meet the detectability requirement and post-processing cannot restore it.",False,25263216,
signal,120.0,25.0,,60.0,,10.0,3.0,raw,none,1.7329276368170845,0.8897811140599974,1.5779615540744223,0.8670972222222222,1.7285509471309417,0.89085,1.1370923620218938,0.7910520833333333,0.017250053395188297,16.481873581309173,59.97803772771059,-0.022683891837775194,0.014654345017173161,True,0.8291478512472277,1.0,1.016921824143127,red,0.006795550855506847,0.0074764897152778545,0.009202516220907902,0.5,0.9105755604271552,1.784899278028716,1200,{},60.0,0.8670972222222222,1.5779615540744223,1.0,25260116,"raw: input ideal d'=1.73 < 5 (prespecified floor, Rose): the input does not meet the detectability requirement and post-processing cannot restore it.",False,25266116,
signal,120.0,25.0,,60.0,,20.0,3.0,raw,none,3.465855273634169,0.9928716529681852,3.342928826996235,0.9921993055555556,3.463975482763716,0.9939888888888889,2.3872765640719313,0.9537604166666667,0.018692392483372563,16.481700273451885,59.979315865536556,-0.0006723474126296702,0.003542153365891741,True,0.9303222618876651,1.0,0.9809158457209638,red,0.0015855208583831293,0.0018068999988682815,0.004424850515779033,1.0,0.9645321466325864,0.8950621943849312,1200,{},60.0,0.9921993055555556,3.342928826996235,1.0,25260116,"raw: input ideal d'=3.47 < 5 (prespecified floor, Rose): the input does not meet the detectability requirement and post-processing cannot restore it.",False,25266216,
signal,120.0,25.0,,60.0,,10.0,5.0,raw,none,2.911006412451428,0.9802237584170569,2.7033749228515784,0.9720340277777778,2.9214826849846127,0.98025,1.4006524973183703,0.8399430555555556,0.01790034960568247,16.47491886205229,60.02616878014314,-0.00818973063927908,0.006730918841571623,True,0.8624347307391108,1.0,0.9897760766910877,red,0.002881870596676619,0.0034338510555369027,0.008163247344733388,0.5,0.9286736405966903,0.9692876775359988,1200,{},60.0,0.9720340277777778,2.7033749228515784,1.0,25260116,"raw: input ideal d'=2.91 < 5 (prespecified floor, Rose): the input does not meet the detectability requirement and post-processing cannot restore it.",False,25269116,
signal,120.0,25.0,,60.0,,20.0,5.0,raw,none,5.822012824902856,0.9999807902708996,5.686413760568744,0.9999826388888889,5.653535072348575,0.9999888888888889,2.8765384947372605,0.9787090277777778,0.02090372126977712,16.478916823057887,59.998516430837604,1.8486179893528742e-06,0.00016746292981644747,True,0.953960952616169,0.4041666666666667,0.9882487874748633,amber,6.806991453742286e-05,8.508752542773826e-05,0.0029929842179828845,1.0,0.9767092467137644,0.4860452371073465,1200,{},60.0,0.9999826388888889,5.686413760568744,0.4041666666666667,25260116,raw: input ideal d'=5.82 is within 1.2x of the floor (5): marginal — small dose changes cross it.,False,25269216,
texture,120.0,25.0,,60.0,0.0,,,NLM(0.6 sd),nlm,3.465855273634169,0.9928716529681852,2.7609723952480207,0.9756118055555556,3.055001216519621,0.9838583333333333,2.7915864595693343,0.976275,0.28136728316491016,28.593252111203025,14.884455716762405,-0.017259847412629648,0.00628223692164009,True,0.6346046964557358,0.6841666666666667,0.6143303868326127,red,0.002603632800296124,0.0032049275021090442,0.0031607143403513003,,0.9262599538564493,0.5558593034695181,1200,"{""h"": 36.0, ""patch_distance"": 6, ""patch_size"": 5}",60.0,0.9876708333333334,3.210282945829517,1.0,25260116,"NLM(0.6 sd): input ideal d'=3.47 < 5 (prespecified floor, Rose): the input does not meet the detectability requirement and post-processing cannot restore it.",False,25262116,0.0
texture,120.0,25.0,,60.0,0.25,,,NLM(0.6 sd),nlm,3.7547370518688785,0.9960345799373341,2.4844652275825543,0.9610722222222222,3.1179490744010034,0.9862111111111111,2.877918477561888,0.9790270833333333,0.6093701595754017,37.022440708512285,5.6551878721713615,-0.034962357715111914,0.00795233343782717,True,0.4378312832740529,0.38083333333333336,0.5583443799021591,red,0.002405321705708636,0.004057033219030676,0.0029703833517302097,,0.957872758062019,0.4786646094646435,1200,"{""h"": 36.0, ""patch_distance"": 6, ""patch_size"": 5}",33.50001999239478,0.9942020833333334,3.5965603356712967,1.0,25260116,"NLM(0.6 sd): input ideal d'=3.75 < 5 (prespecified floor, Rose): the input does not meet the detectability requirement and post-processing cannot restore it.",False,25264116,6.0
texture,120.0,25.0,,60.0,0.5,,,NLM(0.6 sd),nlm,6.154588910664027,0.9999932534459398,2.5376138648724895,0.9625756944444445,3.4736553627209044,0.99175,3.1449276570498563,0.9862638888888889,0.6444425737291003,38.13453348825265,4.97997403749244,-0.03741755900149535,0.007795944114132615,True,0.17000158755969097,0.22833333333333333,0.511986372646263,amber,0.001858390821419062,0.003977241281562368,0.0024006890562150974,,0.9435024604637606,0.44462371636318665,1200,"{""h"": 36.0, ""patch_distance"": 6, ""patch_size"": 5}",17.95755117152193,0.9999909722222222,5.806869780354486,0.9983333333333333,25260116,NLM(0.6 sd): task d' fell 56% against the unprocessed input (5.81 -> 2.54) while fidelity improved: fidelity-task discordance.,True,25266116,6.0
texture,120.0,25.0,,60.0,1.0,,,NLM(0.6 sd),nlm,9.97053385555633,0.9999999999991069,2.4731989835363364,0.9585930555555555,4.031322242993747,0.9971527777777778,3.404415150922392,0.99181875,0.6706651218628132,38.99885732232763,4.510646710441214,-0.04140694444355142,0.00820379330223103,True,0.0615292035720763,0.13166666666666665,0.5027120602194943,amber,0.0010904022847695127,0.004185331425725974,0.0018506036452741997,,0.9919702029724954,0.4063250776967294,1200,"{""h"": 36.0, ""patch_distance"": 6, ""patch_size"": 5}",10.3739926928523,1.0,9.890472492440349,0.9075,25260116,NLM(0.6 sd): task d' fell 75% against the unprocessed input (9.89 -> 2.47) while fidelity improved: fidelity-task discordance.,True,25268116,6.0
texture,120.0,25.0,,60.0,0.0,,,TV(0.4 sd),tv,3.465855273634169,0.9928716529681852,3.1864951433277033,0.9879180555555556,3.2512947517670625,0.9876305555555556,2.5700890170091113,0.9642680555555555,0.10911805574312687,23.800849261910635,25.83121023815315,-0.0049535974126296844,0.004412096560189098,True,0.8452898898551523,1.0,0.8943998941196674,red,0.0022775113698914333,0.002250756723358812,0.003885496886137531,,0.9262599538564493,0.7753073474201638,1200,"{""max_num_iter"": 200, ""weight"": 24.0}",60.0,0.9876708333333334,3.210282945829517,1.0,25260116,"TV(0.4 sd): input ideal d'=3.47 < 5 (prespecified floor, Rose): the input does not meet the detectability requirement and post-processing cannot restore it.",False,25262116,0.0
texture,120.0,25.0,,60.0,0.25,,,TV(0.4 sd),tv,3.7547370518688785,0.9960345799373341,3.241139321108852,0.9891840277777778,3.3289997226768686,0.9898472222222222,2.843302066282587,0.9774152777777778,0.3586972993099628,30.73656970705318,11.634579561705586,-0.006850552159556322,0.004173498219188091,True,0.7451373667938783,0.9541666666666667,0.8064300533172697,red,0.0020624303276458532,0.0021290206389802005,0.003083247851418672,,0.957872758062019,0.6601370786417433,1200,"{""max_num_iter"": 200, ""weight"": 24.0}",33.50001999239478,0.9942020833333334,3.5965603356712967,1.0,25260116,"TV(0.4 sd): input ideal d'=3.75 < 5 (prespecified floor, Rose): the input does not meet the detectability requirement and post-processing cannot restore it.",False,25264116,6.0
texture,120.0,25.0,,60.0,0.5,,,TV(0.4 sd),tv,6.154588910664027,0.9999932534459398,3.3773459563653407,0.9943659722222222,3.4915200364478522,0.9933611111111111,2.9939849945227857,0.9849298611111111,0.47720328832115266,33.90936206170178,8.281521187045275,-0.005627281223717584,0.0030089523498945865,True,0.3011292893451951,0.7208333333333333,0.7785120524050856,amber,0.0016664931351802546,0.0015348536652606357,0.002515217384964175,,0.9435024604637606,0.586885600930305,1200,"{""max_num_iter"": 200, ""weight"": 24.0}",17.95755117152193,0.9999909722222222,5.806869780354486,0.9983333333333333,25260116,TV(0.4 sd): task d' fell 42% against the unprocessed input (5.81 -> 3.38) while fidelity improved: fidelity-task discordance.,True,25266116,6.0
texture,120.0,25.0,,60.0,1.0,,,TV(0.4 sd),tv,9.97053385555633,0.9999999999991069,3.9900889840018343,0.9997756944444445,4.331138600180072,0.9992666666666666,3.7170440025315084,0.9956680555555556,0.6078154131393786,37.49408540319182,5.362319601384879,-0.00022430555466246282,0.0006001645847744258,True,0.1601505141262083,0.405,0.7130645667569564,amber,0.0005531013832991003,0.00030585773262086717,0.001345454543405487,,0.9919702029724954,0.4867754759057701,1200,"{""max_num_iter"": 200, ""weight"": 24.0}",10.3739926928523,1.0,9.890472492440349,0.9075,25260116,TV(0.4 sd): task d' fell 60% against the unprocessed input (9.89 -> 3.99) while fidelity improved: fidelity-task discordance.,True,25268116,6.0
texture,120.0,25.0,,60.0,0.0,,,gaussian(1.5 px),gaussian,3.465855273634169,0.9928716529681852,2.6259013183501807,0.9669159722222223,3.244188798403881,0.9873583333333333,2.6940959771517594,0.9694854166666667,0.3349690829913824,30.460070146430116,12.006317375675069,-0.025955680745962995,0.007326095154460109,True,0.5740318043964175,0.9808333333333333,0.8157206620139471,red,0.0023025627537563882,0.0037375180196154065,0.0035882129654145585,,0.9262599538564493,0.6957813336935296,1200,"{""sigma"": 1.5}",60.0,0.9876708333333334,3.210282945829517,1.0,25260116,"gaussian(1.5 px): input ideal d'=3.47 < 5 (prespecified floor, Rose): the input does not meet the detectability requirement and post-processing cannot restore it.",False,25262116,0.0
texture,120.0,25.0,,60.0,0.25,,,gaussian(1.5 px),gaussian,3.7547370518688785,0.9960345799373341,2.1237479540271242,0.9330111111111111,3.3788016697052656,0.9905194444444444,2.828647304675546,0.9764506944444444,0.35586468917726344,31.09653467215195,11.158703618737487,-0.063023468826223,0.010451088727129607,True,0.3199240509916421,0.9783333333333334,0.827608736895944,red,0.001992700161400522,0.005331931793194437,0.003148899681159402,,0.957872758062019,0.6834049089546972,1200,"{""sigma"": 1.5}",33.50001999239478,0.9942020833333334,3.5965603356712967,1.0,25260116,"gaussian(1.5 px): input ideal d'=3.75 < 5 (prespecified floor, Rose): the input does not meet the detectability requirement and post-processing cannot restore it.",False,25264116,6.0
texture,120.0,25.0,,60.0,0.5,,,gaussian(1.5 px),gaussian,6.154588910664027,0.9999932534459398,2.8092212921292163,0.9733763888888889,3.6671931331445395,0.9940861111111111,3.115918666607578,0.9857006944444444,0.40360406800289755,32.33890748454044,9.674836023923506,-0.026616864557050923,0.006566091142212245,True,0.20834054835290003,0.9358333333333333,0.8324776196704938,amber,0.0015726121242792032,0.0033497537452498167,0.0024496807349997387,,0.9435024604637606,0.653378578357709,1200,"{""sigma"": 1.5}",17.95755117152193,0.9999909722222222,5.806869780354486,0.9983333333333333,25260116,gaussian(1.5 px): task d' fell 52% against the unprocessed input (5.81 -> 2.81) while fidelity improved: fidelity-task discordance.,True,25266116,6.0
texture,120.0,25.0,,60.0,1.0,,,gaussian(1.5 px),gaussian,9.97053385555633,0.9999999999991069,4.678718568473884,0.9994104166666666,4.831119130673413,0.9995388888888889,3.884879222301654,0.9965256944444445,0.5154097899663784,35.16614788069973,6.993451358303534,-0.0005895833324403021,0.0009726789718835007,True,0.22019985065773306,0.7633333333333333,0.8322258746662292,amber,0.000438558658165477,0.0004959195858219571,0.0012046878097780708,,0.9919702029724954,0.5755263070256382,1200,"{""sigma"": 1.5}",10.3739926928523,1.0,9.890472492440349,0.9075,25260116,gaussian(1.5 px): task d' fell 53% against the unprocessed input (9.89 -> 4.68) while fidelity improved: fidelity-task discordance.,True,25268116,6.0
texture,120.0,25.0,,60.0,0.0,,,raw,none,3.465855273634169,0.9928716529681852,3.210282945829517,0.9876708333333334,3.251850828618981,0.9873777777777778,2.3386254172279473,0.9499354166666667,0.018639556662187532,16.481106961887694,59.983434291620284,-0.005200819634851861,0.004457224812850757,True,0.8579575021181516,1.0,0.9935584053092279,red,0.0023007822544310634,0.0022737817651542866,0.004605651094530346,,0.9262599538564493,0.8964464339930328,1200,{},60.0,0.9876708333333334,3.210282945829517,1.0,25260116,"raw: input ideal d'=3.47 < 5 (prespecified floor, Rose): the input does not meet the detectability requirement and post-processing cannot restore it.",False,25262116,0.0
texture,120.0,25.0,,60.0,0.25,,,raw,none,3.7547370518688785,0.9960345799373341,3.5965603356712967,0.9942020833333334,3.400039807357334,0.9908138888888889,2.5611802936226127,0.9645791666666667,0.0598732479564087,21.552343321184328,33.45707164259434,-0.001832496604000755,0.003052505988567361,True,0.9175202206373392,1.0,1.0026302759998256,red,0.0019613884710229703,0.0015570753178095191,0.0038683986088463547,,0.957872758062019,0.8379521290384071,1200,{},33.50001999239478,0.9942020833333334,3.5965603356712967,1.0,25260116,"raw: input ideal d'=3.75 < 5 (prespecified floor, Rose): the input does not meet the detectability requirement and post-processing cannot restore it.",False,25264116,6.0
texture,120.0,25.0,,60.0,0.5,,,raw,none,6.154588910664027,0.9999932534459398,5.806869780354486,0.9999909722222222,3.6902279174760992,0.9943527777777778,3.038038303609359,0.9844715277777778,0.18362579493921813,26.96207183018231,17.951458844159056,-2.281223717592873e-06,0.00012095266023728527,True,0.8901968929011702,0.9983333333333333,1.005207489166444,green,0.0015366544736842723,6.135736000325633e-05,0.002553403219706996,,0.9435024604637606,0.7568027202532522,1200,{},17.95755117152193,0.9999909722222222,5.806869780354486,0.9983333333333333,25260116,raw: input ideal d'=6.15 meets the floor and the processed task d'=5.81 follows it; no excess false structure or erasure.,True,25266116,6.0
texture,120.0,25.0,,60.0,1.0,,,raw,none,9.97053385555633,0.9999999999991069,9.890472492440349,1.0,5.084576936649972,0.9996361111111111,4.583021284829416,0.9994388888888889,0.3733602532644293,31.72046479607536,10.383547545580326,8.930634010084759e-13,6.944444444444445e-07,True,0.9840048835852937,0.9075,1.0058775937831754,green,0.0003895819772837026,0.0,0.0004837935204743911,,0.9919702029724954,0.6342459627488749,1200,{},10.3739926928523,1.0,9.890472492440349,0.9075,25260116,raw: input ideal d'=9.97 meets the floor and the processed task d'=9.89 follows it; no excess false structure or erasure.,True,25268116,6.0
atlas_demo,120.0,12.0,0.12,86.60254037844388,,20.0,,gaussian(1.5 px),gaussian,2.4012149702459653,0.9552381337941949,1.1538787161963062,0.79549375,2.405054033121652,0.95515,1.9600190631939813,0.9194875,0.19735468612387724,27.306278066945534,17.262320542089356,-0.15974438379419487,0.030973600318359145,True,0.23091824107949174,1.0,0.8357551235736916,red,0.0075526331993398,0.015799958857726802,0.010131805083747758,,0.7770263876663659,0.9906753371585449,400,"{""sigma"": 1.5}",86.60254037844388,0.90826875,1.8658073943406226,1.0,26260119,"gaussian(1.5 px): input ideal d'=2.40 < 5 (prespecified floor, Rose): the input does not meet the detectability requirement and post-processing cannot restore it.",False,26272119,
atlas_demo,80.0,12.0,0.12,129.9038105676658,,36.742346141747674,,gaussian(1.5 px),gaussian,2.9408758377279614,0.9812148992675147,2.0099268031471005,0.92635,2.639895494327157,0.972875,2.314546724031618,0.949425,0.10176960880469199,23.752879501210455,25.98779955964773,-0.0548648992675147,0.019000105400271267,True,0.46709702909005113,1.0,0.8311741954126425,red,0.00586127269632781,0.00969092062409941,0.008023882740991596,,0.8242517544539931,0.826687459055012,400,"{""sigma"": 1.5}",129.9038105676658,0.95673125,2.424022068878629,1.0,26260119,"gaussian(1.5 px): input ideal d'=2.94 < 5 (prespecified floor, Rose): the input does not meet the detectability requirement and post-processing cannot restore it.",False,26276119,
atlas_demo,120.0,12.0,0.12,86.60254037844388,,20.0,,raw,none,2.4012149702459653,0.9552381337941949,1.8658073943406226,0.90826875,2.4077803999862732,0.9553,1.49987435743641,0.85758125,0.007032272462197184,13.294151871053124,86.57187834478633,-0.04696938379419491,0.021194720785670033,True,0.6037700071298415,1.0,1.0181987939881105,red,0.007539891540292941,0.010810642926503746,0.013391982359751881,,0.7770263876663659,1.2763927078559794,400,{},86.60254037844388,0.90826875,1.8658073943406226,1.0,26260119,"raw: input ideal d'=2.40 < 5 (prespecified floor, Rose): the input does not meet the detectability requirement and post-processing cannot restore it.",False,26272119,
atlas_demo,80.0,12.0,0.12,129.9038105676658,,36.742346141747674,,raw,none,2.9408758377279614,0.9812148992675147,2.424022068878629,0.95673125,2.654945461665628,0.97335,1.9273453584805358,0.91564375,0.003041283334801347,9.767093036537107,129.93619818335006,-0.024483649267514673,0.014543738331644926,True,0.6793909547204858,1.0,1.0017994151597256,red,0.005809315908791627,0.007417222176690378,0.01036991796899194,,0.8242517544539931,1.062675960884043,400,{},129.9038105676658,0.95673125,2.424022068878629,1.0,26260119,"raw: input ideal d'=2.94 < 5 (prespecified floor, Rose): the input does not meet the detectability requirement and post-processing cannot restore it.",False,26276119,
atlas_demo,120.0,200.0,2.0,21.213203435596427,,20.0,,gaussian(1.5 px),gaussian,9.802919066391512,0.9999999999979211,8.456346567913998,1.0,9.883771501392996,1.0,8.11557282177133,1.0,0.7565687812394458,39.30304806909835,4.337497012699439,2.0788926136106056e-12,6.25e-06,True,0.7441401075184709,0.0,0.8226826197349683,green,0.0,0.0,0.0,,0.9953414050604686,0.24492905278040616,400,"{""sigma"": 1.5}",21.213203435596427,1.0,9.757251237236185,0.0,26260119,gaussian(1.5 px): input ideal d'=9.80 meets the floor and the processed task d'=8.46 follows it; no excess false structure or erasure.,True,26264119,
atlas_demo,120.0,200.0,2.0,21.213203435596427,,20.0,,raw,none,9.802919066391512,0.9999999999979211,9.757251237236185,1.0,9.841869635135861,1.0,6.987606654034764,1.0,0.19441773666917242,25.511983740965267,21.207297514385637,2.0788926136106056e-12,6.25e-06,True,0.990704512627748,0.0,0.9949564189362415,green,0.0,0.0,0.0,,0.9953414050604686,0.3138075545151536,400,{},21.213203435596427,1.0,9.757251237236185,0.0,26260119,raw: input ideal d'=9.80 meets the floor and the processed task d'=9.76 follows it; no excess false structure or erasure.,True,26264119,
atlas_demo,120.0,50.0,0.5,42.42640687119285,,20.0,,gaussian(1.5 px),gaussian,4.901459533195756,0.9997357261459661,3.6857903031517503,0.99568125,4.719307833806264,0.99905,3.878061829020555,0.9965375,0.48452084172453896,33.4265986976605,8.531960453549319,-0.004054476145966102,0.004570513480719885,True,0.565471086246069,0.3925,0.8307590669338203,red,0.0010913394325353517,0.002328748648813046,0.0020847425148713744,,0.9377896505090922,0.4881622329891613,400,"{""sigma"": 1.5}",42.42640687119285,0.9996625,4.5965380226201065,0.96,26260119,"gaussian(1.5 px): input ideal d'=4.90 < 5 (prespecified floor, Rose): the input does not meet the detectability requirement and post-processing cannot restore it.",False,26268119,
atlas_demo,120.0,50.0,0.5,42.42640687119285,,20.0,,raw,none,4.901459533195756,0.9997357261459661,4.5965380226201065,0.9996625,4.733990361798613,0.9991,3.2903515456051418,0.990875,0.04416856307098785,19.488994477337588,42.426577681210745,-7.322614596605437e-05,0.0012809799120571312,True,0.8794494286019654,0.96,1.0024352223244681,red,0.001062218911807768,0.0006503843550759291,0.00338860425940268,,0.9377896505090922,0.6279946425038787,400,{},42.42640687119285,0.9996625,4.5965380226201065,0.96,26260119,"raw: input ideal d'=4.90 < 5 (prespecified floor, Rose): the input does not meet the detectability requirement and post-processing cannot restore it.",False,26268119,
dose,120.0,100.0,1.0,30.0,0.0,20.0,,NLM(0.6 sd),nlm,6.931710547268338,0.9999995243637675,5.953426272164593,0.9999979166666667,6.183346470457959,1.0,5.415980614043992,1.0,0.6115781399926328,34.49451565965499,7.545181084953401,-1.6076971007805696e-06,5.84645228801617e-05,True,0.7376547117280449,0.0008333333333333334,0.6769113182025485,green,0.0,2.9475071425495707e-05,0.0,,1.005431449528891,0.27804563395857557,1200,"{""h"": 18.0, ""patch_distance"": 6, ""patch_size"": 5}",30.0,1.0,6.969359783254707,0.19833333333333333,26260119,NLM(0.6 sd): input ideal d'=6.93 meets the floor and the processed task d'=5.95 follows it; no excess false structure or erasure.,True,26261119,
dose,120.0,100.0,1.0,30.0,0.0,20.0,,TV(0.4 sd),tv,6.931710547268338,0.9999995243637675,6.857525083156133,1.0,6.892982952724311,1.0,5.505686260499377,0.9999763888888888,0.36319321060293297,29.812822424086036,12.928501920506058,4.756362325109009e-07,6.944444444444445e-07,True,0.9787098769071593,0.055,0.9145714598606673,green,0.0,0.0,9.922840774475474e-05,,1.005431449528891,0.3903987717609339,1200,"{""max_num_iter"": 200, ""weight"": 12.0}",30.0,1.0,6.969359783254707,0.19833333333333333,26260119,TV(0.4 sd): input ideal d'=6.93 meets the floor and the processed task d'=6.86 follows it; no excess false structure or erasure.,True,26261119,
dose,120.0,100.0,1.0,30.0,0.0,20.0,,gaussian(1.5 px),gaussian,6.931710547268338,0.9999995243637675,6.56842885209336,0.9999979166666667,6.883694272086484,1.0,5.784882495059162,0.9999916666666666,0.6336162431209744,36.41387928232613,6.049228583461244,-1.6076971007805696e-06,5.84645228801617e-05,True,0.8979293383786382,0.018333333333333333,0.8312150982690193,green,0.0,2.9475071425495707e-05,5.8950234496151456e-05,,1.005431449528891,0.3511417749496536,1200,"{""sigma"": 1.5}",30.0,1.0,6.969359783254707,0.19833333333333333,26260119,gaussian(1.5 px): input ideal d'=6.93 meets the floor and the processed task d'=6.57 follows it; no excess false structure or erasure.,True,26261119,
dose,120.0,100.0,1.0,30.0,0.0,20.0,,raw,none,6.931710547268338,0.9999995243637675,6.969359783254707,1.0,6.916531206028863,1.0,5.066446822890037,0.9999173611111111,0.09787261558315885,22.503883384497463,29.98420879031498,4.756362325109009e-07,6.944444444444445e-07,True,1.010892399701767,0.19833333333333333,1.005069732715345,green,0.0,0.0,0.00018564207596072788,,1.005431449528891,0.4513605952264237,1200,{},30.0,1.0,6.969359783254707,0.19833333333333333,26260119,raw: input ideal d'=6.93 meets the floor and the processed task d'=6.97 follows it; no excess false structure or erasure.,True,26261119,
dose,120.0,12.500000000000002,0.12500000000000003,84.85281374238569,0.0,20.0,,NLM(0.6 sd),nlm,2.450729766597878,0.9584457342995427,1.9698915814278462,0.9174361111111111,2.254828424722252,0.9458888888888889,2.0441746382383963,0.9288013888888889,0.15376784617463074,25.605487293723037,20.995563503323954,-0.0410096231884316,0.01160259946826852,True,0.6460911569088751,0.9941666666666666,0.6164832050838794,red,0.004789487991993485,0.005919448069116791,0.005497305208975219,,0.9095830998382185,0.7853480874907783,1200,"{""h"": 50.911688245431414, ""patch_distance"": 6, ""patch_size"": 5}",84.85281374238569,0.9412645833333333,2.2291423779678916,1.0,26260119,"NLM(0.6 sd): input ideal d'=2.45 < 5 (prespecified floor, Rose): the input does not meet the detectability requirement and post-processing cannot restore it.",False,26264119,
dose,120.0,12.500000000000002,0.12500000000000003,84.85281374238569,0.0,20.0,,TV(0.4 sd),tv,2.450729766597878,0.9584457342995427,2.281594448547078,0.9450597222222222,2.427020442748833,0.9538194444444444,1.87904590486048,0.90830625,0.04966245883234674,20.794211781077216,36.51656876518469,-0.013386012077320486,0.009460043853631963,True,0.8667344353580361,1.0,0.9093871457923007,red,0.0044220026359719534,0.004826287362319747,0.006236183354351617,,0.9095830998382185,1.0956332986348447,1200,"{""max_num_iter"": 200, ""weight"": 33.94112549695428}",84.85281374238569,0.9412645833333333,2.2291423779678916,1.0,26260119,"TV(0.4 sd): input ideal d'=2.45 < 5 (prespecified floor, Rose): the input does not meet the detectability requirement and post-processing cannot restore it.",False,26264119,
dose,120.0,12.500000000000002,0.12500000000000003,84.85281374238569,0.0,20.0,,gaussian(1.5 px),gaussian,2.450729766597878,0.9584457342995427,1.6790269062926348,0.8818972222222222,2.4221256933180912,0.9534916666666666,1.9949522748822486,0.9213173611111111,0.20397676564671494,27.470231499484907,16.93949847048312,-0.0765485120773205,0.013842120188566651,True,0.46937986957174704,1.0,0.833714833965918,red,0.004437793753104618,0.0070620816776744925,0.005779006584512324,,0.9095830998382185,0.9848304866330196,1200,"{""sigma"": 1.5}",84.85281374238569,0.9412645833333333,2.2291423779678916,1.0,26260119,"gaussian(1.5 px): input ideal d'=2.45 < 5 (prespecified floor, Rose): the input does not meet the detectability requirement and post-processing cannot restore it.",False,26264119,
dose,120.0,12.500000000000002,0.12500000000000003,84.85281374238569,0.0,20.0,,raw,none,2.450729766597878,0.9584457342995427,2.2291423779678916,0.9412645833333333,2.427319621481911,0.9540861111111111,1.6616503458949834,0.8792472222222222,0.0074165154267871345,13.46845069866293,84.85245858373058,-0.017181150966209424,0.009783295327808255,True,0.8273414155113026,1.0,1.0045432619993642,red,0.004409114111475509,0.0049912146144152235,0.007138594575471173,,0.9095830998382185,1.2650596721380885,1200,{},84.85281374238569,0.9412645833333333,2.2291423779678916,1.0,26260119,"raw: input ideal d'=2.45 < 5 (prespecified floor, Rose): the input does not meet the detectability requirement and post-processing cannot restore it.",False,26264119,
dose,120.0,200.0,2.0,21.213203435596427,0.0,20.0,,NLM(0.6 sd),nlm,9.802919066391512,0.9999999999979211,8.132052436290826,1.0,8.27521181280039,1.0,7.148202669430642,1.0,0.7530707904671605,37.38647560298964,5.408434910742612,2.0788926136106056e-12,6.944444444444445e-07,True,0.6881601288501251,0.0,0.7353540479229257,green,0.0,0.0,0.0,,1.0021954006467297,0.19566710541851393,1200,"{""h"": 12.727922061357855, ""patch_distance"": 6, ""patch_size"": 5}",21.213203435596427,1.0,9.824440401249708,0.0,26260119,NLM(0.6 sd): input ideal d'=9.80 meets the floor and the processed task d'=8.13 follows it; no excess false structure or erasure.,True,26260119,
dose,120.0,200.0,2.0,21.213203435596427,0.0,20.0,,TV(0.4 sd),tv,9.802919066391512,0.9999999999979211,9.713677778088687,1.0,9.449339413164832,1.0,7.581155984332454,1.0,0.5354108998508267,32.798400574420015,9.168035349493156,2.0788926136106056e-12,6.944444444444445e-07,True,0.9818757898988938,0.0,0.9162863535732042,green,0.0,0.0,0.0,,1.0021954006467297,0.27235858776010863,1200,"{""max_num_iter"": 200, ""weight"": 8.485281374238571}",21.213203435596427,1.0,9.824440401249708,0.0,26260119,TV(0.4 sd): input ideal d'=9.80 meets the floor and the processed task d'=9.71 follows it; no excess false structure or erasure.,True,26260119,
dose,120.0,200.0,2.0,21.213203435596427,0.0,20.0,,gaussian(1.5 px),gaussian,9.802919066391512,0.9999999999979211,9.272863288374435,1.0,9.437157310057373,1.0,7.977482933346725,1.0,0.7580345382789767,39.313349600395306,4.332126465971245,2.0788926136106056e-12,6.944444444444445e-07,True,0.8947812598166681,0.0,0.8270646968914303,green,0.0,0.0,0.0,,1.0021954006467297,0.2442360893765515,1200,"{""sigma"": 1.5}",21.213203435596427,1.0,9.824440401249708,0.0,26260119,gaussian(1.5 px): input ideal d'=9.80 meets the floor and the processed task d'=9.27 follows it; no excess false structure or erasure.,True,26260119,
dose,120.0,200.0,2.0,21.213203435596427,0.0,20.0,,raw,none,9.802919066391512,0.9999999999979211,9.824440401249708,1.0,9.465947761152764,1.0,6.98773275481766,1.0,0.19459944461487833,25.508482582236297,21.216019160480688,2.0788926136106056e-12,6.944444444444445e-07,True,1.0043956210774592,0.0,0.9983110923320666,green,0.0,0.0,0.0,,1.0021954006467297,0.31534938903432663,1200,{},21.213203435596427,1.0,9.824440401249708,0.0,26260119,raw: input ideal d'=9.80 meets the floor and the processed task d'=9.82 follows it; no excess false structure or erasure.,True,26260119,
dose,120.0,25.000000000000007,0.25000000000000006,59.999999999999986,0.0,20.0,,NLM(0.6 sd),nlm,3.4658552736341695,0.9928716529681852,2.9248079986786717,0.9816868055555555,3.0822633705324782,0.987675,2.8451635044136063,0.9796368055555555,0.281632029762244,28.581321550162343,14.904718703321905,-0.011184847412629706,0.005438326929691714,True,0.7121539317215791,0.6725,0.6328644694385611,red,0.002273395600915547,0.0027743532677838066,0.0029265798492887625,,0.9661098283728378,0.5512830646777281,1200,"{""h"": 35.99999999999999, ""patch_distance"": 6, ""patch_size"": 5}",59.999999999999986,0.9902993055555556,3.3483968435758023,1.0,26260119,"NLM(0.6 sd): input ideal d'=3.47 < 5 (prespecified floor, Rose): the input does not meet the detectability requirement and post-processing cannot restore it.",False,26263119,
dose,120.0,25.000000000000007,0.25000000000000006,59.999999999999986,0.0,20.0,,TV(0.4 sd),tv,3.4658552736341695,0.9928716529681852,3.3304576861104436,0.98983125,3.375003117995457,0.9907972222222222,2.664390282576148,0.9694208333333333,0.10923870010514226,23.79442472770843,25.850463319332995,-0.0030404029681851963,0.004046175589257461,True,0.9233938831923606,1.0,0.9071144857785928,red,0.001963173970645061,0.002064058919818556,0.0035920402234091726,,0.9661098283728378,0.7663230142232261,1200,"{""max_num_iter"": 200, ""weight"": 23.999999999999996}",59.999999999999986,0.9902993055555556,3.3483968435758023,1.0,26260119,"TV(0.4 sd): input ideal d'=3.47 < 5 (prespecified floor, Rose): the input does not meet the detectability requirement and post-processing cannot restore it.",False,26263119,
dose,120.0,25.000000000000007,0.25000000000000006,59.999999999999986,0.0,20.0,,gaussian(1.5 px),gaussian,3.4658552736341695,0.9928716529681852,2.9179416457378586,0.9795791666666667,3.377300541970382,0.9904833333333334,2.794172947406952,0.9755868055555555,0.3353245689258614,30.467045694299838,11.996147412567321,-0.01329248630151858,0.00574485520974885,True,0.7088141156248682,0.98,0.8307525968651162,red,0.001996506960225804,0.0029307481211969266,0.0032065825212615044,,0.9661098283728378,0.6870516077917596,1200,"{""sigma"": 1.5}",59.999999999999986,0.9902993055555556,3.3483968435758023,1.0,26260119,"gaussian(1.5 px): input ideal d'=3.47 < 5 (prespecified floor, Rose): the input does not meet the detectability requirement and post-processing cannot restore it.",False,26263119,
dose,120.0,25.000000000000007,0.25000000000000006,59.999999999999986,0.0,20.0,,raw,none,3.4658552736341695,0.9928716529681852,3.3483968435758023,0.9902993055555556,3.3808778389119123,0.9907,2.416271608022306,0.9551458333333334,0.018688403558417378,16.475946128719205,60.01905155097486,-0.002572347412629683,0.003951583902395717,True,0.933368200478594,1.0,1.0016281158182545,red,0.0019735576534606683,0.002015796968268491,0.004357521116341237,,0.9661098283728378,0.8880189051261212,1200,{},59.999999999999986,0.9902993055555556,3.3483968435758023,1.0,26260119,"raw: input ideal d'=3.47 < 5 (prespecified floor, Rose): the input does not meet the detectability requirement and post-processing cannot restore it.",False,26263119,
dose,120.0,3.125,0.03125,169.7056274847714,0.0,20.0,,NLM(0.6 sd),nlm,1.225364883298939,0.8068820701518937,0.9053798173892059,0.7372722222222222,1.0313649680017567,0.7676944444444445,0.9903466560738766,0.7602409722222222,0.03185371334163338,19.604567424902193,41.89500171137275,-0.06960984792967151,0.019808764840294993,True,0.545922203222165,1.0,0.5839303667746027,red,0.009623183100665593,0.010106344071673807,0.00974811893375938,,0.7919878936798631,1.5648201378323323,1200,"{""h"": 101.82337649086284, ""patch_distance"": 6, ""patch_size"": 5}",169.7056274847714,0.7519451388888889,0.9704741529131979,1.0,26260119,"NLM(0.6 sd): input ideal d'=1.23 < 5 (prespecified floor, Rose): the input does not meet the detectability requirement and post-processing cannot restore it.",False,26266119,
dose,120.0,3.125,0.03125,169.7056274847714,0.0,20.0,,TV(0.4 sd),tv,1.225364883298939,0.8068820701518937,0.9702515731447736,0.7535493055555555,1.1082890074762934,0.7818666666666667,0.8333712362325307,0.7246006944444444,0.008082778737789436,14.773896198683325,73.02908728466944,-0.05333276459633818,0.01931927938998991,True,0.6269571375625228,1.0,0.8783572893555189,red,0.009373344564453994,0.00985660200795933,0.010287316226412536,,0.7919878936798631,2.1906774080144604,1200,"{""max_num_iter"": 200, ""weight"": 67.88225099390857}",169.7056274847714,0.7519451388888889,0.9704741529131979,1.0,26260119,"TV(0.4 sd): input ideal d'=1.23 < 5 (prespecified floor, Rose): the input does not meet the detectability requirement and post-processing cannot restore it.",False,26266119,
dose,120.0,3.125,0.03125,169.7056274847714,0.0,20.0,,gaussian(1.5 px),gaussian,1.225364883298939,0.8068820701518937,0.5268689142641171,0.6460611111111111,1.1116794758647637,0.7830888888888888,0.9148919883542879,0.7431006944444445,0.051395381077539666,21.4660917863341,33.81513180735372,-0.16082095904078264,0.021883900600405258,True,0.18487334149221715,1.0,0.8047420224349409,red,0.009351025070004059,0.011165106261427634,0.01001918427942843,,0.7919878936798631,1.967699215371164,1200,"{""sigma"": 1.5}",169.7056274847714,0.7519451388888889,0.9704741529131979,1.0,26260119,"gaussian(1.5 px): input ideal d'=1.23 < 5 (prespecified floor, Rose): the input does not meet the detectability requirement and post-processing cannot restore it.",False,26266119,
dose,120.0,3.125,0.03125,169.7056274847714,0.0,20.0,,raw,none,1.225364883298939,0.8068820701518937,0.9704741529131979,0.7519451388888889,1.1136217998933282,0.7831694444444445,0.7170256724151287,0.6969548611111112,0.0010440348341275655,7.446175304720681,169.7372200481766,-0.05493693126300481,0.019369251132984974,True,0.6272448237354662,1.0,0.9849460023160678,red,0.009349549621844467,0.009882098263701391,0.010643007456437682,,0.7919878936798631,2.5301249676331437,1200,{},169.7056274847714,0.7519451388888889,0.9704741529131979,1.0,26260119,"raw: input ideal d'=1.23 < 5 (prespecified floor, Rose): the input does not meet the detectability requirement and post-processing cannot restore it.",False,26266119,
dose,120.0,49.99999999999999,0.49999999999999994,42.42640687119285,0.0,20.0,,NLM(0.6 sd),nlm,4.901459533195756,0.9997357261459661,3.9933892399246993,0.9980354166666666,4.080460259070583,0.9992027777777778,3.8226718666930286,0.9981597222222223,0.44360580589637966,31.547382567883687,10.592737924852187,-0.0017003094792994444,0.0017755686726348369,True,0.6637926571766662,0.07833333333333334,0.6301240554829349,red,0.000576700794316759,0.0009055647155714972,0.0008764212965524812,,0.9551109974421726,0.3928071188739998,1200,"{""h"": 25.45584412271571, ""patch_distance"": 6, ""patch_size"": 5}",42.42640687119285,0.9996923611111111,4.681437903673045,0.9633333333333334,26260119,"NLM(0.6 sd): input ideal d'=4.90 < 5 (prespecified floor, Rose): the input does not meet the detectability requirement and post-processing cannot restore it.",False,26262119,
dose,120.0,49.99999999999999,0.49999999999999994,42.42640687119285,0.0,20.0,,TV(0.4 sd),tv,4.901459533195756,0.9997357261459661,4.645098453910449,0.9996868055555556,4.513436675890139,0.9996138888888889,3.6427526587394614,0.9945493055555555,0.21316394651611673,26.80875730809843,18.270639646486597,-4.8920590410506115e-05,0.0007090709165382711,True,0.8981295878303391,0.6983333333333334,0.8910923099755236,red,0.0004013035452807182,0.00036142320863108196,0.0015096117984946876,,0.9551109974421726,0.5493622969743425,1200,"{""max_num_iter"": 200, ""weight"": 16.970562748477143}",42.42640687119285,0.9996923611111111,4.681437903673045,0.9633333333333334,26260119,"TV(0.4 sd): input ideal d'=4.90 < 5 (prespecified floor, Rose): the input does not meet the detectability requirement and post-processing cannot restore it.",False,26262119,
dose,120.0,49.99999999999999,0.49999999999999994,42.42640687119285,0.0,20.0,,gaussian(1.5 px),gaussian,4.901459533195756,0.9997357261459661,3.612318784206563,0.9930458333333333,4.5144822638504065,0.999625,3.8242663864994437,0.9965583333333333,0.4866047678219024,33.46663443270108,8.492997304091137,-0.0066898928126327695,0.0033438530753481114,True,0.5431518912609762,0.4216666666666667,0.8136648338944877,red,0.0003954861575872425,0.001705724522120853,0.0011990066041086343,,0.9551109974421726,0.4934182257500627,1200,"{""sigma"": 1.5}",42.42640687119285,0.9996923611111111,4.681437903673045,0.9633333333333334,26260119,"gaussian(1.5 px): input ideal d'=4.90 < 5 (prespecified floor, Rose): the input does not meet the detectability requirement and post-processing cannot restore it.",False,26262119,
dose,120.0,49.99999999999999,0.49999999999999994,42.42640687119285,0.0,20.0,,raw,none,4.901459533195756,0.9997357261459661,4.681437903673045,0.9996923611111111,4.526123578981997,0.9996388888888889,3.3265007538619775,0.9894173611111111,0.044346186966028336,19.48929857255455,42.42498095272543,-4.3365034854914164e-05,0.0007027591216837983,True,0.912237017434982,0.9633333333333334,0.9820622152534552,red,0.00038809190793823905,0.00035820284595898213,0.0021058283248091307,,0.9551109974421726,0.6354743462917207,1200,{},42.42640687119285,0.9996923611111111,4.681437903673045,0.9633333333333334,26260119,"raw: input ideal d'=4.90 < 5 (prespecified floor, Rose): the input does not meet the detectability requirement and post-processing cannot restore it.",False,26262119,
dose,120.0,6.25,0.0625,120.0,0.0,20.0,,NLM(0.6 sd),nlm,1.7329276368170845,0.8897811140599974,1.4639281919121574,0.8520548611111111,1.6028998850611724,0.8737722222222222,1.534553998466031,0.8609506944444445,0.07438053313971858,22.617919439130702,29.613937854815116,-0.03772625294888632,0.015421335862253875,True,0.7136391921487579,1.0,0.638950077884522,red,0.007293415777624196,0.007867818765776047,0.007639827943020185,,0.9060752725522898,1.1280458394550181,1200,"{""h"": 72.0, ""patch_distance"": 6, ""patch_size"": 5}",120.0,0.8672284722222222,1.5701628808424353,1.0,26260119,"NLM(0.6 sd): input ideal d'=1.73 < 5 (prespecified floor, Rose): the input does not meet the detectability requirement and post-processing cannot restore it.",False,26265119,
dose,120.0,6.25,0.0625,120.0,0.0,20.0,,TV(0.4 sd),tv,1.7329276368170845,0.8897811140599974,1.5685641345518009,0.8678263888888889,1.6619772975576796,0.8822,1.2952425676130979,0.8188090277777778,0.020912447214865047,17.795723758404534,51.57114958858855,-0.021954725171108525,0.014615724065835247,True,0.8193014157308802,1.0,0.9253714944058926,red,0.007053272421803702,0.007456784786186018,0.008640871412335743,,0.9060752725522898,1.5689978805823754,1200,"{""max_num_iter"": 200, ""weight"": 48.0}",120.0,0.8672284722222222,1.5701628808424353,1.0,26260119,"TV(0.4 sd): input ideal d'=1.73 < 5 (prespecified floor, Rose): the input does not meet the detectability requirement and post-processing cannot restore it.",False,26265119,
dose,120.0,6.25,0.0625,120.0,0.0,20.0,,gaussian(1.5 px),gaussian,1.7329276368170845,0.8897811140599974,1.2611306692783386,0.81340625,1.6538115283633072,0.8812944444444445,1.4134468478135847,0.8403458333333333,0.1099537460436507,24.477396695910826,23.908215657756003,-0.07637486405999738,0.017161720678235955,True,0.5296138317310545,1.0,0.8469030601079921,red,0.00707957806174756,0.008755786519117442,0.008153688091770948,,0.9060752725522898,1.4113895780570798,1200,"{""sigma"": 1.5}",120.0,0.8672284722222222,1.5701628808424353,1.0,26260119,"gaussian(1.5 px): input ideal d'=1.73 < 5 (prespecified floor, Rose): the input does not meet the detectability requirement and post-processing cannot restore it.",False,26265119,
dose,120.0,6.25,0.0625,120.0,0.0,20.0,,raw,none,1.7329276368170845,0.8897811140599974,1.5701628808424353,0.8672284722222222,1.6608991715005195,0.882425,1.1266600484523597,0.78574375,0.002856520864128267,10.461116447746532,119.95832073975609,-0.022552641837775167,0.014647403479388074,True,0.8209723995307062,1.0,1.0297814195042005,red,0.00704671707422884,0.007472948049288152,0.009302111611720338,,0.9060752725522898,1.809702607335472,1200,{},120.0,0.8672284722222222,1.5701628808424353,1.0,26260119,"raw: input ideal d'=1.73 < 5 (prespecified floor, Rose): the input does not meet the detectability requirement and post-processing cannot restore it.",False,26265119,
signal,120.0,25.0,,60.0,,10.0,1.5,NLM(0.6 sd),nlm,0.8426561840065284,0.7243615801373218,0.45588311008633875,0.623625,0.6448290515515153,0.6800944444444444,0.5597869994880574,0.6593763888888889,0.2747567116386277,28.63126145543076,14.819468181468025,-0.10073658013732179,0.02223315755357336,True,0.29268885133424916,1.0,0.360835442039261,red,0.010834557073281043,0.011343301858858503,0.011044556340395056,0.5,0.5933105908225121,1.7500466723527734,1200,"{""h"": 36.0, ""patch_distance"": 6, ""patch_size"": 5}",60.0,0.6357638888888889,0.49995683839315685,1.0,26260119,"NLM(0.6 sd): input ideal d'=0.84 < 5 (prespecified floor, Rose): the input does not meet the detectability requirement and post-processing cannot restore it.",False,26263119,
signal,120.0,25.0,,60.0,,20.0,1.5,NLM(0.6 sd),nlm,1.6853123680130568,0.8833097279993577,1.225090077091754,0.8082861111111111,1.4474124119695564,0.85575,1.3631515214044756,0.83470625,0.2752517207333934,28.62409636731419,14.831911461347003,-0.07502361688824655,0.01737015073559775,True,0.52841511092022,1.0,0.37540575444407276,red,0.007774289798319324,0.008862130339211006,0.00828593230047207,1.0,0.8734294365935071,0.893491922472604,1200,"{""h"": 36.0, ""patch_distance"": 6, ""patch_size"": 5}",60.0,0.8515868055555555,1.4720014320777135,1.0,26260119,"NLM(0.6 sd): input ideal d'=1.69 < 5 (prespecified floor, Rose): the input does not meet the detectability requirement and post-processing cannot restore it.",False,26263219,
signal,120.0,25.0,,60.0,,10.0,3.0,NLM(0.6 sd),nlm,1.7329276368170845,0.8897811140599974,1.3402974725611965,0.8266513888888889,1.4793329996884599,0.8533305555555556,1.4261696273025983,0.8450361111111111,0.2765333840034586,28.627990286437186,14.824844193337109,-0.06312972517110849,0.016599595443609314,True,0.5981932958019738,1.0,0.5935478755236544,red,0.007835714264456874,0.008468982659934,0.008041049031429227,0.5,0.8724409014213771,1.106494931328649,1200,"{""h"": 36.0, ""patch_distance"": 6, ""patch_size"": 5}",60.0,0.8577506944444444,1.511876949562714,1.0,26260119,"NLM(0.6 sd): input ideal d'=1.73 < 5 (prespecified floor, Rose): the input does not meet the detectability requirement and post-processing cannot restore it.",False,26266119,
signal,120.0,25.0,,60.0,,20.0,3.0,NLM(0.6 sd),nlm,3.465855273634169,0.9928716529681852,2.9175351365348963,0.9803784722222222,3.204784572861341,0.9924888888888889,2.9828160612226777,0.9870826388888889,0.2820421512505251,28.61112171251676,14.854033279301515,-0.012493180745963062,0.0056305287315214425,True,0.7086166343690475,0.6808333333333333,0.6298065400842009,red,0.0017729314833013212,0.0028724172135224995,0.0023276637542865002,1.0,0.9772441025131239,0.5504310406938405,1200,"{""h"": 36.0, ""patch_distance"": 6, ""patch_size"": 5}",60.0,0.9923069444444444,3.386986626323001,1.0,26260119,"NLM(0.6 sd): input ideal d'=3.47 < 5 (prespecified floor, Rose): the input does not meet the detectability requirement and post-processing cannot restore it.",False,26266219,
signal,120.0,25.0,,60.0,,10.0,5.0,NLM(0.6 sd),nlm,2.911006412451428,0.9802237584170569,2.5877274455580794,0.96891875,2.608241010459205,0.973125,2.1287820330624885,0.93385625,0.28435452889440926,28.631170466598856,14.81954615418389,-0.011305008417056839,0.0070990156252259285,True,0.7902249538039041,0.9283333333333333,0.764032374219186,red,0.003365659306349542,0.0036216589880080125,0.005298081902993588,0.5,0.9531962142618903,0.6905357699811677,1200,"{""h"": 36.0, ""patch_distance"": 6, ""patch_size"": 5}",60.0,0.9766493055555555,2.774760292040788,1.0,26260119,"NLM(0.6 sd): input ideal d'=2.91 < 5 (prespecified floor, Rose): the input does not meet the detectability requirement and post-processing cannot restore it.",False,26269119,
signal,120.0,25.0,,60.0,,20.0,5.0,NLM(0.6 sd),nlm,5.822012824902856,0.9999807902708996,5.218910889447121,0.9999118055555556,5.160421543574673,0.9999527777777778,4.214590542284326,0.9989680555555556,0.2948496171908286,28.553574598659882,14.952388688347346,-6.898471534400041e-05,0.00037657813866604585,True,0.8035510029843314,0.035833333333333335,0.7719390545734272,amber,0.00014033098375358338,0.00019178091903041282,0.0006561664300381623,1.0,0.9843960704252476,0.3456036278855454,1200,"{""h"": 36.0, ""patch_distance"": 6, ""patch_size"": 5}",60.0,0.9999875,5.731166546799766,0.3858333333333333,26260119,NLM(0.6 sd): input ideal d'=5.82 is within 1.2x of the floor (5): marginal — small dose changes cross it.,False,26269219,
signal,120.0,25.0,,60.0,,10.0,1.5,TV(0.4 sd),tv,0.8426561840065284,0.7243615801373218,0.5189769833777619,0.6416409722222223,0.7345908795539445,0.6999305555555555,0.6285054347873515,0.6719395833333334,0.1023101103061529,23.799882911989823,25.83425277244088,-0.0827206079150995,0.021957526235088173,True,0.3793109411807039,1.0,0.7888285348316892,red,0.010607234813781154,0.011202671051017476,0.010920512421379156,0.5,0.5933105908225121,3.229305066433717,1200,"{""max_num_iter"": 200, ""weight"": 24.0}",60.0,0.6357638888888889,0.49995683839315685,1.0,26260119,"TV(0.4 sd): input ideal d'=0.84 < 5 (prespecified floor, Rose): the input does not meet the detectability requirement and post-processing cannot restore it.",False,26263119,
signal,120.0,25.0,,60.0,,20.0,1.5,TV(0.4 sd),tv,1.6853123680130568,0.8833097279993577,1.4885548910819906,0.8545416666666666,1.6478854337463118,0.8777583333333333,1.4590317695097368,0.8485,0.10448812847896166,23.80999237057159,25.804317715706414,-0.028768061332691053,0.015298321194548931,True,0.7801334366308873,1.0,0.8342999680871575,red,0.007181126147136945,0.0078050550269138695,0.007956269059088401,1.0,0.8734294365935071,1.622124507768406,1200,"{""max_num_iter"": 200, ""weight"": 24.0}",60.0,0.8515868055555555,1.4720014320777135,1.0,26260119,"TV(0.4 sd): input ideal d'=1.69 < 5 (prespecified floor, Rose): the input does not meet the detectability requirement and post-processing cannot restore it.",False,26263219,
signal,120.0,25.0,,60.0,,10.0,3.0,TV(0.4 sd),tv,1.7329276368170845,0.8897811140599974,1.503059441047352,0.8560138888888889,1.58760169151037,0.8696694444444445,1.2533775451353124,0.8139791666666667,0.10401746748010411,23.80400283588124,25.822036420550084,-0.03376722517110853,0.015224807547896336,True,0.752300682522462,1.0,0.8856403834581652,red,0.007406660687262543,0.007767547375124112,0.008743733432021606,0.5,0.8724409014213771,1.549042850941823,1200,"{""max_num_iter"": 200, ""weight"": 24.0}",60.0,0.8577506944444444,1.511876949562714,1.0,26260119,"TV(0.4 sd): input ideal d'=1.73 < 5 (prespecified floor, Rose): the input does not meet the detectability requirement and post-processing cannot restore it.",False,26266119,
signal,120.0,25.0,,60.0,,20.0,3.0,TV(0.4 sd),tv,3.465855273634169,0.9928716529681852,3.395950398673249,0.9924347222222222,3.468464151215194,0.9951916666666667,2.7648173058210244,0.9748944444444444,0.10958007008895332,23.811953173683563,25.79899621184731,-0.00043693074596307113,0.003488124989388319,True,0.9600676351356298,0.9991666666666666,0.9180737005018736,red,0.001417662072217161,0.0017793339941204439,0.003252090204675091,1.0,0.9772441025131239,0.7692090553888264,1200,"{""max_num_iter"": 200, ""weight"": 24.0}",60.0,0.9923069444444444,3.386986626323001,1.0,26260119,"TV(0.4 sd): input ideal d'=3.47 < 5 (prespecified floor, Rose): the input does not meet the detectability requirement and post-processing cannot restore it.",False,26266219,
signal,120.0,25.0,,60.0,,10.0,5.0,TV(0.4 sd),tv,2.911006412451428,0.9802237584170569,2.807726478105804,0.9777430555555555,2.8482498800727925,0.9818138888888889,1.610976518094158,0.87274375,0.10802508601724307,23.810817186535704,25.802048014096158,-0.0024807028615013715,0.005999409762562833,True,0.9303005355651094,0.9983333333333333,0.9561980232969252,red,0.0027646466795364583,0.003060625279564058,0.007322022520527741,0.5,0.9531962142618903,0.8651025050065926,1200,"{""max_num_iter"": 200, ""weight"": 24.0}",60.0,0.9766493055555555,2.774760292040788,1.0,26260119,"TV(0.4 sd): input ideal d'=2.91 < 5 (prespecified floor, Rose): the input does not meet the detectability requirement and post-processing cannot restore it.",False,26269119,
signal,120.0,25.0,,60.0,,20.0,5.0,TV(0.4 sd),tv,5.822012824902856,0.9999807902708996,5.716721807879796,0.9999833333333333,5.494928042535289,0.9999888888888889,3.435829525358769,0.9903319444444444,0.1188208845808894,23.791941693681533,25.858423276660474,2.543062433746357e-06,0.00016409349395989984,True,0.9641570958678826,0.1975,0.9539978387660213,amber,6.806991453742286e-05,8.33683939114832e-05,0.002012389010287171,1.0,0.9843960704252476,0.43260024013280807,1200,"{""max_num_iter"": 200, ""weight"": 24.0}",60.0,0.9999875,5.731166546799766,0.3858333333333333,26260119,TV(0.4 sd): input ideal d'=5.82 is within 1.2x of the floor (5): marginal — small dose changes cross it.,False,26269219,
signal,120.0,25.0,,60.0,,10.0,1.5,gaussian(1.5 px),gaussian,0.8426561840065284,0.7243615801373218,0.22610139487221298,0.5617819444444444,0.7323376524946129,0.699125,0.6633442001187588,0.6797847222222222,0.32366619047318457,30.490841078424214,11.963454634145407,-0.16257963569287737,0.02288791095609689,True,0.07199555080582003,1.0,0.6481077942744203,red,0.010616977761902239,0.011677365855793213,0.010837900644447708,0.5,0.5933105908225121,2.660388953662865,1200,"{""sigma"": 1.5}",60.0,0.6357638888888889,0.49995683839315685,1.0,26260119,"gaussian(1.5 px): input ideal d'=0.84 < 5 (prespecified floor, Rose): the input does not meet the detectability requirement and post-processing cannot restore it.",False,26263119,
signal,120.0,25.0,,60.0,,20.0,1.5,gaussian(1.5 px),gaussian,1.6853123680130568,0.8833097279993577,0.8601924992918022,0.7300763888888889,1.640910182670075,0.8759555555555556,1.4869594563924202,0.8523104166666666,0.3276325763120446,30.512398483098142,11.934291284233396,-0.15323333911046877,0.02001296680952648,True,0.26051365173754115,1.0,0.6820463652306857,red,0.0072321924650408514,0.010210530664306225,0.007861402884408392,1.0,0.8734294365935071,1.3445458135916593,1200,"{""sigma"": 1.5}",60.0,0.8515868055555555,1.4720014320777135,1.0,26260119,"gaussian(1.5 px): input ideal d'=1.69 < 5 (prespecified floor, Rose): the input does not meet the detectability requirement and post-processing cannot restore it.",False,26263219,
signal,120.0,25.0,,60.0,,10.0,3.0,gaussian(1.5 px),gaussian,1.7329276368170845,0.8897811140599974,0.9879502322044839,0.7583590277777777,1.59336104291128,0.8704694444444444,1.3438151013067277,0.8297770833333333,0.3273902066429388,30.49357882761884,11.960147122873844,-0.13142208628221963,0.019167137913834884,True,0.32501939639614197,1.0,0.8114303266659951,red,0.0073847607672219975,0.009778977379468654,0.008398747942774636,0.5,0.8724409014213771,1.3913734583950967,1200,"{""sigma"": 1.5}",60.0,0.8577506944444444,1.511876949562714,1.0,26260119,"gaussian(1.5 px): input ideal d'=1.73 < 5 (prespecified floor, Rose): the input does not meet the detectability requirement and post-processing cannot restore it.",False,26266119,
signal,120.0,25.0,,60.0,,20.0,3.0,gaussian(1.5 px),gaussian,3.465855273634169,0.9928716529681852,2.6025968563355155,0.9664083333333333,3.471529986564054,0.9951861111111111,2.9176225298800302,0.9807680555555556,0.33567383984192856,30.479197060121987,11.979803350503838,-0.026463319634851934,0.007382564458125555,True,0.5638881324535227,0.9841666666666666,0.8387298936858728,red,0.001418482635496425,0.003766329418248682,0.0028435625752710404,1.0,0.9772441025131239,0.6921604952002038,1200,"{""sigma"": 1.5}",60.0,0.9923069444444444,3.386986626323001,1.0,26260119,"gaussian(1.5 px): input ideal d'=3.47 < 5 (prespecified floor, Rose): the input does not meet the detectability requirement and post-processing cannot restore it.",False,26266219,
signal,120.0,25.0,,60.0,,10.0,5.0,gaussian(1.5 px),gaussian,2.911006412451428,0.9802237584170569,2.398559029079955,0.9567270833333333,2.862907169912931,0.9824111111111111,1.8458912399177134,0.9042819444444444,0.3386935957716899,30.49653791599206,11.9555758592052,-0.02349667508372355,0.008388143682066548,True,0.6789135832011969,0.9933333333333333,0.9102173240386358,red,0.0027185769707000463,0.004279389470307227,0.00637021134993709,0.5,0.9531962142618903,0.7967552826219649,1200,"{""sigma"": 1.5}",60.0,0.9766493055555555,2.774760292040788,1.0,26260119,"gaussian(1.5 px): input ideal d'=2.91 < 5 (prespecified floor, Rose): the input does not meet the detectability requirement and post-processing cannot restore it.",False,26269119,
signal,120.0,25.0,,60.0,,20.0,5.0,gaussian(1.5 px),gaussian,5.822012824902856,0.9999807902708996,5.463527114703078,0.9999527777777778,5.501279149522004,0.9999833333333333,3.819004087059433,0.9958166666666667,0.35674150837326235,30.468061443643787,11.995400352463935,-2.801249312178733e-05,0.0002757381185165433,True,0.8806430052787926,0.10166666666666667,0.9073209016749678,amber,8.33683939114832e-05,0.00014033098375358338,0.0013221289767585296,1.0,0.9843960704252476,0.39804197493775434,1200,"{""sigma"": 1.5}",60.0,0.9999875,5.731166546799766,0.3858333333333333,26260119,gaussian(1.5 px): input ideal d'=5.82 is within 1.2x of the floor (5): marginal — small dose changes cross it.,False,26269219,
signal,120.0,25.0,,60.0,,10.0,1.5,raw,none,0.8426561840065284,0.7243615801373218,0.49995683839315685,0.6357638888888889,0.737890530119757,0.7005694444444445,0.5777276192976248,0.6589173611111111,0.01684014455142446,16.475946128719205,60.01905155097486,-0.08859769124843286,0.0220517422915496,True,0.35201745718215843,1.0,0.9723878375741659,red,0.010599476502184867,0.011250741350882469,0.011048898108452887,0.5,0.5933105908225121,3.9890790183332365,1200,{},60.0,0.6357638888888889,0.49995683839315685,1.0,26260119,"raw: input ideal d'=0.84 < 5 (prespecified floor, Rose): the input does not meet the detectability requirement and post-processing cannot restore it.",False,26263119,
signal,120.0,25.0,,60.0,,20.0,1.5,raw,none,1.6853123680130568,0.8833097279993577,1.4720014320777135,0.8515868055555555,1.6546999019846658,0.8776972222222222,1.3830339291612663,0.8354472222222222,0.01741779716799463,16.480324985748386,59.98874419664379,-0.03172292244380215,0.015444327738082608,True,0.7628789807080513,1.0,1.020669860376447,red,0.0071828649164912784,0.007879549530223807,0.008268752142425735,1.0,0.8734294365935071,2.0020029526736014,1200,{},60.0,0.8515868055555555,1.4720014320777135,1.0,26260119,"raw: input ideal d'=1.69 < 5 (prespecified floor, Rose): the input does not meet the detectability requirement and post-processing cannot restore it.",False,26263219,
signal,120.0,25.0,,60.0,,10.0,3.0,raw,none,1.7329276368170845,0.8897811140599974,1.511876949562714,0.8577506944444444,1.595447744037503,0.87075,1.1099194737629263,0.7866305555555556,0.017174906950658025,16.477075174760017,60.01116965709885,-0.032030419615552974,0.015137416018707916,True,0.761153126472945,1.0,0.9893552151122503,red,0.007377059920829997,0.007722959040910957,0.009285640436530317,0.5,0.8724409014213771,1.789068522155776,1200,{},60.0,0.8577506944444444,1.511876949562714,1.0,26260119,"raw: input ideal d'=1.73 < 5 (prespecified floor, Rose): the input does not meet the detectability requirement and post-processing cannot restore it.",False,26266119,
signal,120.0,25.0,,60.0,,20.0,3.0,raw,none,3.465855273634169,0.9928716529681852,3.386986626323001,0.9923069444444444,3.4826164244187403,0.99535,2.495256030189938,0.9607958333333333,0.018725418850812012,16.48475292427327,59.95825179437493,-0.0005647085237407978,0.003517551828214667,True,0.955006035896681,1.0,1.0162851749115396,red,0.001394074722028164,0.0017943479632843995,0.004071534020493432,1.0,0.9772441025131239,0.8895560440342505,1200,{},60.0,0.9923069444444444,3.386986626323001,1.0,26260119,"raw: input ideal d'=3.47 < 5 (prespecified floor, Rose): the input does not meet the detectability requirement and post-processing cannot restore it.",False,26266219,
signal,120.0,25.0,,60.0,,10.0,5.0,raw,none,2.911006412451428,0.9802237584170569,2.774760292040788,0.9766493055555555,2.858698866020728,0.9821055555555556,1.362737963630572,0.8330069444444445,0.01793369132291805,16.480697993431058,59.98623985911302,-0.003574452861501376,0.006146145035904552,True,0.9085830228831995,1.0,1.015043736191471,red,0.002742242153396492,0.0031354915906285207,0.008325112622395929,0.5,0.9531962142618903,0.9717674110928647,1200,{},60.0,0.9766493055555555,2.774760292040788,1.0,26260119,"raw: input ideal d'=2.91 < 5 (prespecified floor, Rose): the input does not meet the detectability requirement and post-processing cannot restore it.",False,26269119,
signal,120.0,25.0,,60.0,,20.0,5.0,raw,none,5.822012824902856,0.9999807902708996,5.731166546799766,0.9999875,5.498820524537447,0.9999861111111111,2.956350003424852,0.9791902777777778,0.02087893106990344,16.477937239567723,60.00526630977086,6.70972910044032e-06,0.00014220202564627456,True,0.969035623468669,0.3858333333333333,1.0111500324248313,amber,7.610453064041804e-05,7.219907218603192e-05,0.002958721326007606,1.0,0.9843960704252476,0.486489866186468,1200,{},60.0,0.9999875,5.731166546799766,0.3858333333333333,26260119,raw: input ideal d'=5.82 is within 1.2x of the floor (5): marginal — small dose changes cross it.,False,26269219,
texture,120.0,25.0,,60.0,0.0,,,NLM(0.6 sd),nlm,3.465855273634169,0.9928716529681852,2.773859709052248,0.9765736111111111,2.9269637060468074,0.9849555555555556,2.7594385945801223,0.9790694444444444,0.28108998878233193,28.58696536925448,14.89480131628265,-0.016298041857074175,0.006156173533733216,True,0.6405427759575039,0.6733333333333333,0.6087501634284562,red,0.0025130598309256514,0.0031406082651734444,0.002967360493802369,,0.9326495261612494,0.5555131547676374,1200,"{""h"": 36.0, ""patch_distance"": 6, ""patch_size"": 5}",60.0,0.9902159722222222,3.232428278698375,1.0,26260119,"NLM(0.6 sd): input ideal d'=3.47 < 5 (prespecified floor, Rose): the input does not meet the detectability requirement and post-processing cannot restore it.",False,26262119,0.0
texture,120.0,25.0,,60.0,0.25,,,NLM(0.6 sd),nlm,3.7547370518688785,0.9960345799373341,2.697653708573396,0.9703645833333333,3.2017932464852263,0.9879583333333334,2.9827477332990275,0.9834493055555555,0.605200775597839,36.95482224113993,5.698392763490039,-0.025669996604000822,0.006930557954690097,True,0.5161944638952586,0.385,0.5649170059736981,red,0.002246983493280675,0.0035357096175784516,0.0026366168479226215,,0.9595344757952758,0.48197639133153597,1200,"{""h"": 36.0, ""patch_distance"": 6, ""patch_size"": 5}",33.50001999239478,0.9937854166666666,3.602799648814104,1.0,26260119,"NLM(0.6 sd): input ideal d'=3.75 < 5 (prespecified floor, Rose): the input does not meet the detectability requirement and post-processing cannot restore it.",False,26264119,6.0
texture,120.0,25.0,,60.0,0.5,,,NLM(0.6 sd),nlm,6.154588910664027,0.9999932534459398,2.5322211995101997,0.9643375,3.2276543337395305,0.9900027777777778,2.9928523024799683,0.9840006944444445,0.6426841984755809,38.122360273529495,4.986318009540636,-0.03565575344593985,0.007608660617139764,True,0.16927981693607047,0.22333333333333333,0.4993691931857362,red,0.0020465025324416324,0.0038816867211367077,0.0025920563519810074,,0.940398576633682,0.44162164430010153,1200,"{""h"": 36.0, ""patch_distance"": 6, ""patch_size"": 5}",17.95755117152193,0.9999722222222223,5.787766651353895,0.9991666666666666,26260119,NLM(0.6 sd): only 50% of the true lesion contrast survives: erasure.,True,26266119,6.0
texture,120.0,25.0,,60.0,1.0,,,NLM(0.6 sd),nlm,9.97053385555633,0.9999999999991069,2.5762675552510372,0.9647923611111111,3.883676351870516,0.9982805555555555,3.3746240148548052,0.9921055555555556,0.6744868463861851,39.07401273430856,4.4714281051640254,-0.03520763888799583,0.007559567427658515,True,0.06676442350718752,0.12583333333333332,0.5120808642980642,amber,0.0008471349726967118,0.0038566387152200224,0.001817762689010293,,0.9400789195962039,0.4026663366687922,1200,"{""h"": 36.0, ""patch_distance"": 6, ""patch_size"": 5}",10.3739926928523,1.0,9.373088694728768,0.9,26260119,NLM(0.6 sd): task d' fell 73% against the unprocessed input (9.37 -> 2.58) while fidelity improved: fidelity-task discordance.,True,26268119,6.0
texture,120.0,25.0,,60.0,0.0,,,TV(0.4 sd),tv,3.465855273634169,0.9928716529681852,3.226652750534974,0.9896993055555555,3.160583699504416,0.9889916666666667,2.54749238570585,0.9626861111111111,0.10919505021065389,23.80426056463024,25.821353804506828,-0.003172347412629728,0.004072449900467896,True,0.8667295667264211,0.9991666666666666,0.8825211053147134,red,0.002147955194757145,0.002077464426969546,0.003971319066759684,,0.9326495261612494,0.7769156111113682,1200,"{""max_num_iter"": 200, ""weight"": 24.0}",60.0,0.9902159722222222,3.232428278698375,1.0,26260119,"TV(0.4 sd): input ideal d'=3.47 < 5 (prespecified floor, Rose): the input does not meet the detectability requirement and post-processing cannot restore it.",False,26262119,0.0
texture,120.0,25.0,,60.0,0.25,,,TV(0.4 sd),tv,3.7547370518688785,0.9960345799373341,3.37624935545531,0.9906652777777778,3.366332077087028,0.9903277777777778,2.9098365701449156,0.9812340277777778,0.35524096398206906,30.697721476925516,11.687360295837022,-0.005369302159556333,0.0038760392839455667,True,0.80855575377153,0.9575,0.8122688414887844,red,0.002012824385233203,0.0019772530873369857,0.0028086694708383177,,0.9595344757952758,0.6619319663076546,1200,"{""max_num_iter"": 200, ""weight"": 24.0}",33.50001999239478,0.9937854166666666,3.602799648814104,1.0,26260119,"TV(0.4 sd): input ideal d'=3.75 < 5 (prespecified floor, Rose): the input does not meet the detectability requirement and post-processing cannot restore it.",False,26264119,6.0
texture,120.0,25.0,,60.0,0.5,,,TV(0.4 sd),tv,6.154588910664027,0.9999932534459398,3.537579705734783,0.9965138888888889,3.281387314160412,0.9924388888888889,2.918656235097269,0.9825694444444445,0.4725071996584645,33.845359697164994,8.338102439455248,-0.00347936455705089,0.0023658538741597743,True,0.33038047071765536,0.7466666666666667,0.7694041169408717,amber,0.0017788423013153007,0.0012067361688130015,0.0027062344400315586,,0.940398576633682,0.5949962901479415,1200,"{""max_num_iter"": 200, ""weight"": 24.0}",17.95755117152193,0.9999722222222223,5.787766651353895,0.9991666666666666,26260119,TV(0.4 sd): task d' fell 39% against the unprocessed input (5.79 -> 3.54) while fidelity improved: fidelity-task discordance.,True,26266119,6.0
texture,120.0,25.0,,60.0,1.0,,,TV(0.4 sd),tv,9.97053385555633,0.9999999999991069,3.8621849944753013,0.9999729166666667,4.028375845671481,0.9993888888888889,3.696120853700179,0.9969416666666666,0.6112251058863114,37.562570122054304,5.319846334427937,-2.7083332440280827e-05,0.00020898871948114075,True,0.1500476919135855,0.3925,0.7286688934791083,amber,0.0005048949833792462,0.00010627454212408748,0.0011301608175872863,,0.9400789195962039,0.4841777467389346,1200,"{""max_num_iter"": 200, ""weight"": 24.0}",10.3739926928523,1.0,9.373088694728768,0.9,26260119,TV(0.4 sd): task d' fell 59% against the unprocessed input (9.37 -> 3.86) while fidelity improved: fidelity-task discordance.,True,26268119,6.0
texture,120.0,25.0,,60.0,0.0,,,gaussian(1.5 px),gaussian,3.465855273634169,0.9928716529681852,2.1535993178422634,0.9347354166666667,3.1601462359217827,0.9889916666666667,2.677768799882616,0.9704597222222222,0.33557623078274523,30.48395337967472,11.972859564388678,-0.05813623630151854,0.010315258161096134,True,0.3861081446109179,0.9808333333333333,0.8079020917147082,red,0.002147955194757145,0.005262629210542466,0.003529982151381624,,0.9326495261612494,0.6977987468041866,1200,"{""sigma"": 1.5}",60.0,0.9902159722222222,3.232428278698375,1.0,26260119,"gaussian(1.5 px): input ideal d'=3.47 < 5 (prespecified floor, Rose): the input does not meet the detectability requirement and post-processing cannot restore it.",False,26262119,0.0
texture,120.0,25.0,,60.0,0.25,,,gaussian(1.5 px),gaussian,3.7547370518688785,0.9960345799373341,2.776759344352927,0.9725854166666666,3.404550593301428,0.9907166666666667,2.8924962768367055,0.9796909722222222,0.3534813270784126,31.069641884650313,11.193796034896192,-0.023449163270667484,0.006663696687159485,True,0.5469119684420124,0.9775,0.8326271145522323,red,0.0019717814209283323,0.0033995534077523627,0.002922657380152711,,0.9595344757952758,0.6854482294682439,1200,"{""sigma"": 1.5}",33.50001999239478,0.9937854166666666,3.602799648814104,1.0,26260119,"gaussian(1.5 px): input ideal d'=3.75 < 5 (prespecified floor, Rose): the input does not meet the detectability requirement and post-processing cannot restore it.",False,26264119,6.0
texture,120.0,25.0,,60.0,0.5,,,gaussian(1.5 px),gaussian,6.154588910664027,0.9999932534459398,3.054074140132433,0.9859527777777778,3.4171462278889546,0.9936416666666666,3.026489341028342,0.9832486111111111,0.4021600136132642,32.338575320599595,9.675437359186265,-0.014040475668162022,0.004759236467157339,True,0.246241388520722,0.9583333333333334,0.8197505549544672,amber,0.001630798047794823,0.002427872175329581,0.0026526539541733307,,0.940398576633682,0.6537883922713248,1200,"{""sigma"": 1.5}",17.95755117152193,0.9999722222222223,5.787766651353895,0.9991666666666666,26260119,gaussian(1.5 px): task d' fell 47% against the unprocessed input (5.79 -> 3.05) while fidelity improved: fidelity-task discordance.,True,26266119,6.0
texture,120.0,25.0,,60.0,1.0,,,gaussian(1.5 px),gaussian,9.97053385555633,0.9999999999991069,4.3942649587931655,0.9991229166666666,4.516151488141806,0.9996416666666667,3.8522770562196267,0.9973270833333333,0.5178884957783461,35.20764369629646,6.959591093535679,-0.0008770833324402982,0.001186293616272813,True,0.19423865162964943,0.7375,0.8498242665012171,amber,0.0003865960995223983,0.0006049086519855588,0.001056454390850269,,0.9400789195962039,0.5722456606875296,1200,"{""sigma"": 1.5}",10.3739926928523,1.0,9.373088694728768,0.9,26260119,gaussian(1.5 px): task d' fell 53% against the unprocessed input (9.37 -> 4.39) while fidelity improved: fidelity-task discordance.,True,26268119,6.0
texture,120.0,25.0,,60.0,0.0,,,raw,none,3.465855273634169,0.9928716529681852,3.232428278698375,0.9902159722222222,3.167606630729548,0.9891027777777778,2.3063739945814414,0.9464229166666667,0.0186615141922252,16.478998615750214,59.99798344791326,-0.002655680745963007,0.003968587640207148,True,0.869835138648803,1.0,0.9746321416610955,red,0.0021370383995895064,0.0020244725041179013,0.004765635368334576,,0.9326495261612494,0.8986964390994366,1200,{},60.0,0.9902159722222222,3.232428278698375,1.0,26260119,"raw: input ideal d'=3.47 < 5 (prespecified floor, Rose): the input does not meet the detectability requirement and post-processing cannot restore it.",False,26262119,0.0
texture,120.0,25.0,,60.0,0.25,,,raw,none,3.7547370518688785,0.9960345799373341,3.602799648814104,0.9937854166666666,3.4153756029458715,0.991025,2.578826651870879,0.9661875,0.05935048737042199,21.538848189866908,33.50937362503589,-0.002249163270667487,0.0031605599825387364,True,0.9207064102397148,1.0,1.003236755817794,red,0.001938631863790386,0.0016122059196081704,0.0037787957121133715,,0.9595344757952758,0.8388513736822817,1200,{},33.50001999239478,0.9937854166666666,3.602799648814104,1.0,26260119,"raw: input ideal d'=3.75 < 5 (prespecified floor, Rose): the input does not meet the detectability requirement and post-processing cannot restore it.",False,26264119,6.0
texture,120.0,25.0,,60.0,0.5,,,raw,none,6.154588910664027,0.9999932534459398,5.787766651353895,0.9999722222222223,3.436146638279123,0.9939555555555556,2.9844624510088944,0.9826611111111111,0.1828838687155048,26.95919896251115,17.957291655125506,-2.1031223717549175e-05,0.0002116422931367878,True,0.8843494829346551,0.9991666666666666,0.9915598964349405,green,0.0015899228292406847,0.00010762843111213935,0.0026990635140274693,,0.940398576633682,0.7601868117130534,1200,{},17.95755117152193,0.9999722222222223,5.787766651353895,0.9991666666666666,26260119,raw: input ideal d'=6.15 meets the floor and the processed task d'=5.79 follows it; no excess false structure or erasure.,True,26266119,6.0
texture,120.0,25.0,,60.0,1.0,,,raw,none,9.97053385555633,0.9999999999991069,9.373088694728768,1.0,4.793191631258448,0.9998361111111111,4.511959280411105,0.9995666666666667,0.37510588665873645,31.74329165150665,10.35593302507472,8.930634010084759e-13,6.944444444444445e-07,True,0.883748375069166,0.9,1.0249547720689043,green,0.00026143738917349237,0.0,0.0004251409753395415,,0.9400789195962039,0.6309759070190396,1200,{},10.3739926928523,1.0,9.373088694728768,0.9,26260119,raw: input ideal d'=9.97 meets the floor and the processed task d'=9.37 follows it; no excess false structure or erasure.,True,26268119,6.0
atlas_demo,120.0,12.0,0.12,86.60254037844388,,20.0,,gaussian(1.5 px),gaussian,2.4012149702459653,0.9552381337941949,1.2224642112368254,0.808975,2.312009045847899,0.943825,1.8079151442695647,0.89785625,0.1979498592115464,27.30329913432762,17.26875909892197,-0.14626313379419487,0.03005909635807728,True,0.2591852142370066,1.0,0.8109885152778329,red,0.008459413055336094,0.015333366630780106,0.011400250370451039,,0.7692080903727416,1.0048679505088218,400,"{""sigma"": 1.5}",86.60254037844388,0.90269375,1.8470339818373385,1.0,27260122,"gaussian(1.5 px): input ideal d'=2.40 < 5 (prespecified floor, Rose): the input does not meet the detectability requirement and post-processing cannot restore it.",False,27272122,
atlas_demo,80.0,12.0,0.12,129.9038105676658,,36.742346141747674,,gaussian(1.5 px),gaussian,2.9408758377279614,0.9812148992675147,1.6096433772982228,0.8729625,2.8690504460556565,0.9748,2.3054384761769,0.94835,0.1015109411229674,23.778693041746568,25.910514283793972,-0.10825239926751473,0.024857172529398747,True,0.29957526746578383,1.0,0.8179169363854832,red,0.005647821503895124,0.012679275091491301,0.008109316581167833,,0.8313130233049231,0.8182183613163828,400,"{""sigma"": 1.5}",129.9038105676658,0.9549375,2.44478838382603,1.0,27260122,"gaussian(1.5 px): input ideal d'=2.94 < 5 (prespecified floor, Rose): the input does not meet the detectability requirement and post-processing cannot restore it.",False,27276122,
atlas_demo,120.0,12.0,0.12,86.60254037844388,,20.0,,raw,none,2.4012149702459653,0.9552381337941949,1.8470339818373385,0.90269375,2.3211587296124936,0.944575,1.4121915688107198,0.83863125,0.007029310894787168,13.290434596304435,86.60965504294694,-0.052544383794194904,0.02182223485754358,True,0.5916810862948798,1.0,0.9776991378233235,red,0.008402405043272094,0.011130809050383215,0.01420091259067514,,0.7692080903727416,1.2921292339361417,400,{},86.60254037844388,0.90269375,1.8470339818373385,1.0,27260122,"raw: input ideal d'=2.40 < 5 (prespecified floor, Rose): the input does not meet the detectability requirement and post-processing cannot restore it.",False,27272122,
atlas_demo,80.0,12.0,0.12,129.9038105676658,,36.742346141747674,,raw,none,2.9408758377279614,0.9812148992675147,2.44478838382603,0.9549375,2.8689939840364116,0.9748,1.7978933667028014,0.90214375,0.0030484268472036054,9.779126784660354,129.75613514879709,-0.02627739926751471,0.014844446256952706,True,0.6910813427163716,1.0,0.9814917021621262,red,0.005647821503895124,0.0075706474067863015,0.01116182492457447,,0.8313130233049231,1.0504348716037544,400,{},129.9038105676658,0.9549375,2.44478838382603,1.0,27260122,"raw: input ideal d'=2.94 < 5 (prespecified floor, Rose): the input does not meet the detectability requirement and post-processing cannot restore it.",False,27276122,
atlas_demo,120.0,200.0,2.0,21.213203435596427,,20.0,,gaussian(1.5 px),gaussian,9.802919066391512,0.9999999999979211,8.987693083297136,1.0,9.921433074641879,1.0,8.157440535085044,1.0,0.7599874599955484,39.349295450111725,4.3139606943606035,2.0788926136106056e-12,6.25e-06,True,0.8405927361016615,0.0,0.8134533311237945,green,0.0,0.0,0.0,,1.0303648286034155,0.2463291288184627,400,"{""sigma"": 1.5}",21.213203435596427,1.0,10.100583023655645,0.0,27260122,gaussian(1.5 px): input ideal d'=9.80 meets the floor and the processed task d'=8.99 follows it; no excess false structure or erasure.,True,27264122,
atlas_demo,120.0,200.0,2.0,21.213203435596427,,20.0,,raw,none,9.802919066391512,0.9999999999979211,10.100583023655645,1.0,9.990219056370178,1.0,7.148644016565436,1.0,0.19508307123263346,25.515201438750932,21.19961448019517,2.0788926136106056e-12,6.25e-06,True,1.0616516800229459,0.0,0.9878370672731644,green,0.0,0.0,0.0,,1.0303648286034155,0.31811210831520365,400,{},21.213203435596427,1.0,10.100583023655645,0.0,27260122,raw: input ideal d'=9.80 meets the floor and the processed task d'=10.10 follows it; no excess false structure or erasure.,True,27264122,
atlas_demo,120.0,50.0,0.5,42.42640687119285,,20.0,,gaussian(1.5 px),gaussian,4.901459533195756,0.9997357261459661,3.6383985833411576,0.99610625,4.634932006670111,0.999625,3.9828599740041346,0.99799375,0.4860075788328001,33.454307193823816,8.505954086408808,-0.003629476145966093,0.004339693569770675,True,0.5510229721581984,0.3825,0.8394376699580631,red,0.0006855716013074829,0.0022109812241206087,0.001586357009056773,,0.9727780520340272,0.48884074888459805,400,"{""sigma"": 1.5}",42.42640687119285,0.9996625,4.76803225682578,0.9575,27260122,"gaussian(1.5 px): input ideal d'=4.90 < 5 (prespecified floor, Rose): the input does not meet the detectability requirement and post-processing cannot restore it.",False,27268122,
atlas_demo,120.0,50.0,0.5,42.42640687119285,,20.0,,raw,none,4.901459533195756,0.9997357261459661,4.76803225682578,0.9996625,4.651975049492929,0.999675,3.5209660126051383,0.99451875,0.044376766031260895,19.483480658299953,42.45339793926772,-7.322614596605437e-05,0.0012809799120571312,True,0.9462971385191166,0.9575,1.014345452502448,red,0.0006382246116972678,0.0006503843550759291,0.0026242082357555803,,0.9727780520340272,0.6290044987594346,400,{},42.42640687119285,0.9996625,4.76803225682578,0.9575,27260122,"raw: input ideal d'=4.90 < 5 (prespecified floor, Rose): the input does not meet the detectability requirement and post-processing cannot restore it.",False,27268122,
dose,120.0,100.0,1.0,30.0,0.0,20.0,,NLM(0.6 sd),nlm,6.931710547268338,0.9999995243637675,5.710155780316056,0.9999868055555555,5.614194454800937,0.9999861111111111,5.193556388713619,0.9999909722222222,0.6107299313068181,34.47374470748302,7.563211689932338,-1.2718808211964472e-05,0.00014607968873360272,True,0.6786019050597871,0.0008333333333333334,0.6704716335433584,green,7.610453064041804e-05,7.417750807460675e-05,6.135736000325633e-05,,0.9704751562276217,0.2757572851349114,1200,"{""h"": 18.0, ""patch_distance"": 6, ""patch_size"": 5}",30.0,1.0,6.727052876284893,0.16166666666666665,27260122,NLM(0.6 sd): input ideal d'=6.93 meets the floor and the processed task d'=5.71 follows it; no excess false structure or erasure.,True,27261122,
dose,120.0,100.0,1.0,30.0,0.0,20.0,,TV(0.4 sd),tv,6.931710547268338,0.9999995243637675,6.646692450691387,0.9999993055555556,6.364683779301087,1.0,5.214687357934098,0.9999409722222222,0.36230176207982195,29.804066806749034,12.941679738043979,-2.1880821188258182e-07,3.404800325296122e-05,True,0.9194546837559203,0.03333333333333333,0.9044433299580106,green,0.0,1.7017434540433082e-05,0.00015689526987584131,,0.9704751562276217,0.3847955836413756,1200,"{""max_num_iter"": 200, ""weight"": 12.0}",30.0,1.0,6.727052876284893,0.16166666666666665,27260122,TV(0.4 sd): input ideal d'=6.93 meets the floor and the processed task d'=6.65 follows it; no excess false structure or erasure.,True,27261122,
dose,120.0,100.0,1.0,30.0,0.0,20.0,,gaussian(1.5 px),gaussian,6.931710547268338,0.9999995243637675,6.182939265121547,0.9999979166666667,6.360715063410865,1.0,5.480895108701039,0.9999666666666667,0.6328188808700717,36.3951569115511,6.062331176124451,-1.6076971007805696e-06,5.84645228801617e-05,True,0.7956262849675061,0.008333333333333333,0.8225262201644907,green,0.0,2.9475071425495707e-05,0.00011790120195353187,,0.9704751562276217,0.34563736137672846,1200,"{""sigma"": 1.5}",30.0,1.0,6.727052876284893,0.16166666666666665,27260122,gaussian(1.5 px): input ideal d'=6.93 meets the floor and the processed task d'=6.18 follows it; no excess false structure or erasure.,True,27261122,
dose,120.0,100.0,1.0,30.0,0.0,20.0,,raw,none,6.931710547268338,0.9999995243637675,6.727052876284893,1.0,6.398095985562466,1.0,4.769617927233076,0.9997770833333334,0.09757971120862517,22.499866748949103,29.99810817018373,4.756362325109009e-07,6.944444444444445e-07,True,0.9418220288550267,0.16166666666666665,0.992773708456045,green,0.0,0.0,0.00030490922929110804,,0.9704751562276217,0.4445452751551565,1200,{},30.0,1.0,6.727052876284893,0.16166666666666665,27260122,raw: input ideal d'=6.93 meets the floor and the processed task d'=6.73 follows it; no excess false structure or erasure.,True,27261122,
dose,120.0,12.500000000000002,0.12500000000000003,84.85281374238569,0.0,20.0,,NLM(0.6 sd),nlm,2.450729766597878,0.9584457342995427,1.9740312301694176,0.9186541666666667,2.2866116097572187,0.947025,2.132605787576279,0.9369555555555555,0.15332250386815044,25.59248417228604,21.026191123506376,-0.03979156763287606,0.011516983126240311,True,0.6488094798283248,0.9941666666666666,0.6160953839901826,red,0.004738597852953022,0.005875765459281336,0.005171981930109218,,0.939886723509259,0.7796059887897163,1200,"{""h"": 50.911688245431414, ""patch_distance"": 6, ""patch_size"": 5}",84.85281374238569,0.9480493055555556,2.3034083705342905,1.0,27260122,"NLM(0.6 sd): input ideal d'=2.45 < 5 (prespecified floor, Rose): the input does not meet the detectability requirement and post-processing cannot restore it.",False,27264122,
dose,120.0,12.500000000000002,0.12500000000000003,84.85281374238569,0.0,20.0,,TV(0.4 sd),tv,2.450729766597878,0.9584457342995427,2.2902494328908047,0.9465638888888889,2.3948171776816682,0.9534555555555555,1.9316176614255125,0.9139847222222223,0.049429328581026645,20.786238201453695,36.54964774422446,-0.011881845410653846,0.009328787611469441,True,0.8733226361489903,1.0,0.913869506073071,red,0.004439530033512786,0.004759318661263067,0.006041349095989808,,0.939886723509259,1.0923545043563334,1200,"{""max_num_iter"": 200, ""weight"": 33.94112549695428}",84.85281374238569,0.9480493055555556,2.3034083705342905,1.0,27260122,"TV(0.4 sd): input ideal d'=2.45 < 5 (prespecified floor, Rose): the input does not meet the detectability requirement and post-processing cannot restore it.",False,27264122,
dose,120.0,12.500000000000002,0.12500000000000003,84.85281374238569,0.0,20.0,,gaussian(1.5 px),gaussian,2.450729766597878,0.9584457342995427,1.9651717676572078,0.9179229166666667,2.4072853506076344,0.9543666666666667,2.0470015027651893,0.9257826388888889,0.20332992901947083,27.472888793328107,16.93416730307357,-0.04052281763287602,0.011568465053231433,True,0.6429988275775822,1.0,0.8362094026635813,red,0.00439551373584626,0.005902032231220619,0.005612742855204442,,0.939886723509259,0.980965868519281,1200,"{""sigma"": 1.5}",84.85281374238569,0.9480493055555556,2.3034083705342905,1.0,27260122,"gaussian(1.5 px): input ideal d'=2.45 < 5 (prespecified floor, Rose): the input does not meet the detectability requirement and post-processing cannot restore it.",False,27264122,
dose,120.0,12.500000000000002,0.12500000000000003,84.85281374238569,0.0,20.0,,raw,none,2.450729766597878,0.9584457342995427,2.3034083705342905,0.9480493055555556,2.407127655363476,0.9545305555555555,1.7228252055686033,0.8890527777777778,0.007406276877703375,13.465382865651002,84.8824200497561,-0.010396428743987163,0.00919731470112349,True,0.8833870530289701,1.0,1.0158842427408976,red,0.004387549568327774,0.004692239413183515,0.006850084202053885,,0.939886723509259,1.2646886030446973,1200,{},84.85281374238569,0.9480493055555556,2.3034083705342905,1.0,27260122,"raw: input ideal d'=2.45 < 5 (prespecified floor, Rose): the input does not meet the detectability requirement and post-processing cannot restore it.",False,27264122,
dose,120.0,200.0,2.0,21.213203435596427,0.0,20.0,,NLM(0.6 sd),nlm,9.802919066391512,0.9999999999979211,7.910148249137982,1.0,8.078098207903775,1.0,6.937182470779667,1.0,0.7527821848218946,37.386789583625806,5.407803834684831,2.0788926136106056e-12,6.944444444444445e-07,True,0.651116066379611,0.0,0.7310414022301637,green,0.0,0.0,0.0,,0.981649772915741,0.19582130414679885,1200,"{""h"": 12.727922061357855, ""patch_distance"": 6, ""patch_size"": 5}",21.213203435596427,1.0,9.623033275434615,0.0008333333333333334,27260122,NLM(0.6 sd): input ideal d'=9.80 meets the floor and the processed task d'=7.91 follows it; no excess false structure or erasure.,True,27260122,
dose,120.0,200.0,2.0,21.213203435596427,0.0,20.0,,TV(0.4 sd),tv,9.802919066391512,0.9999999999979211,9.475862248348333,1.0,9.303192917517325,1.0,7.435841823599132,1.0,0.5353896385371584,32.799096415518605,9.167107895506511,2.0788926136106056e-12,6.944444444444445e-07,True,0.9343866895760174,0.0,0.9179565197522723,green,0.0,0.0,0.0,,0.981649772915741,0.27455490316520087,1200,"{""max_num_iter"": 200, ""weight"": 8.485281374238571}",21.213203435596427,1.0,9.623033275434615,0.0008333333333333334,27260122,TV(0.4 sd): input ideal d'=9.80 meets the floor and the processed task d'=9.48 follows it; no excess false structure or erasure.,True,27260122,
dose,120.0,200.0,2.0,21.213203435596427,0.0,20.0,,gaussian(1.5 px),gaussian,9.802919066391512,0.9999999999979211,9.121883655423247,1.0,9.269727444810922,1.0,7.76120654909138,1.0,0.7581046363664415,39.325955791476105,4.325743607367338,2.0788926136106056e-12,6.944444444444445e-07,True,0.8658810265156235,0.0,0.8280755099272771,green,0.0,0.0,0.0,,0.981649772915741,0.24679322263810652,1200,"{""sigma"": 1.5}",21.213203435596427,1.0,9.623033275434615,0.0008333333333333334,27260122,gaussian(1.5 px): input ideal d'=9.80 meets the floor and the processed task d'=9.12 follows it; no excess false structure or erasure.,True,27260122,
dose,120.0,200.0,2.0,21.213203435596427,0.0,20.0,,raw,none,9.802919066391512,0.9999999999979211,9.623033275434615,1.0,9.316037907736206,1.0,6.906177452187823,1.0,0.19467658481364186,25.509767154299237,21.21279671956305,2.0788926136106056e-12,6.944444444444445e-07,True,0.9636362766655258,0.0008333333333333334,1.0027685596924474,green,0.0,0.0,0.0,,0.981649772915741,0.31702736253907066,1200,{},21.213203435596427,1.0,9.623033275434615,0.0008333333333333334,27260122,raw: input ideal d'=9.80 meets the floor and the processed task d'=9.62 follows it; no excess false structure or erasure.,True,27260122,
dose,120.0,25.000000000000007,0.25000000000000006,59.999999999999986,0.0,20.0,,NLM(0.6 sd),nlm,3.4658552736341695,0.9928716529681852,2.907754901133483,0.9800375,3.1574378377994847,0.9882444444444445,2.932017281821455,0.9827888888888889,0.2817454553061946,28.58148643710015,14.904801857091343,-0.012834152968185242,0.005679574037686704,True,0.7038737120216642,0.6925,0.6367348932712819,red,0.0022199991925387656,0.002897440788727006,0.0026890364456040854,,0.9859113080261722,0.5538046788233756,1200,"{""h"": 35.99999999999999, ""patch_distance"": 6, ""patch_size"": 5}",59.999999999999986,0.9911215277777777,3.417025906258071,1.0,27260122,"NLM(0.6 sd): input ideal d'=3.47 < 5 (prespecified floor, Rose): the input does not meet the detectability requirement and post-processing cannot restore it.",False,27263122,
dose,120.0,25.000000000000007,0.25000000000000006,59.999999999999986,0.0,20.0,,TV(0.4 sd),tv,3.4658552736341695,0.9928716529681852,3.3836052686805735,0.9903506944444445,3.3904973955726265,0.9903305555555556,2.694723199627378,0.9725979166666666,0.10932524695459328,23.79725501496199,25.842346580928485,-0.0025209585237407905,0.003941062238384705,True,0.9531001499933414,0.9991666666666666,0.9250164830548268,red,0.0020125341455778556,0.0020104286737008324,0.0033987719560929787,,0.9859113080261722,0.7694948018822103,1200,"{""max_num_iter"": 200, ""weight"": 23.999999999999996}",59.999999999999986,0.9911215277777777,3.417025906258071,1.0,27260122,"TV(0.4 sd): input ideal d'=3.47 < 5 (prespecified floor, Rose): the input does not meet the detectability requirement and post-processing cannot restore it.",False,27263122,
dose,120.0,25.000000000000007,0.25000000000000006,59.999999999999986,0.0,20.0,,gaussian(1.5 px),gaussian,3.4658552736341695,0.9928716529681852,3.05704457182696,0.9830451388888889,3.4007972305526195,0.9905,2.8475272987076132,0.9781965277777778,0.3359205720210786,30.47875044558001,11.98027607061295,-0.009826514079296356,0.005231479022394064,True,0.7780055487993534,0.985,0.844494008728157,red,0.001994750865581888,0.002668816681943842,0.0030290553076744928,,0.9859113080261722,0.6921759582840352,1200,"{""sigma"": 1.5}",59.999999999999986,0.9911215277777777,3.417025906258071,1.0,27260122,"gaussian(1.5 px): input ideal d'=3.47 < 5 (prespecified floor, Rose): the input does not meet the detectability requirement and post-processing cannot restore it.",False,27263122,
dose,120.0,25.000000000000007,0.25000000000000006,59.999999999999986,0.0,20.0,,raw,none,3.4658552736341695,0.9928716529681852,3.417025906258071,0.9911215277777777,3.4128560961268715,0.9907833333333333,2.4392168991346947,0.95856875,0.018691856187580017,16.475366203763762,60.02296202164998,-0.0017501251904075144,0.0037797764755246035,True,0.9720211072938778,1.0,1.0234003166488843,red,0.0019646606652977774,0.0019281385070792504,0.004186570031300158,,0.9859113080261722,0.8915908341670714,1200,{},59.999999999999986,0.9911215277777777,3.417025906258071,1.0,27260122,"raw: input ideal d'=3.47 < 5 (prespecified floor, Rose): the input does not meet the detectability requirement and post-processing cannot restore it.",False,27263122,
dose,120.0,3.125,0.03125,169.7056274847714,0.0,20.0,,NLM(0.6 sd),nlm,1.225364883298939,0.8068820701518937,0.8625697883825754,0.7300895833333333,1.141061230232776,0.7918694444444444,1.006221437428915,0.76284375,0.03195106491843585,19.609876194722418,41.86972509252017,-0.07679248681856043,0.0200125990893635,True,0.4955159352996534,1.0,0.6136863602074989,red,0.00918696597622533,0.010210343048530692,0.009704986759850315,,0.7288021205161375,1.5580382492120102,1200,"{""h"": 101.82337649086284, ""patch_distance"": 6, ""patch_size"": 5}",169.7056274847714,0.7379041666666667,0.893048525354276,1.0,27260122,"NLM(0.6 sd): input ideal d'=1.23 < 5 (prespecified floor, Rose): the input does not meet the detectability requirement and post-processing cannot restore it.",False,27266122,
dose,120.0,3.125,0.03125,169.7056274847714,0.0,20.0,,TV(0.4 sd),tv,1.225364883298939,0.8068820701518937,0.9147586295129179,0.743375,1.1956953729096047,0.8038944444444445,0.8310319849108281,0.7241965277777778,0.008093973596501259,14.772612842664433,73.0407501240404,-0.06350707015189372,0.01962977392274591,True,0.5572911805227004,1.0,0.9147552220856353,red,0.008951404608412082,0.010015020496872973,0.01029289922824261,,0.7288021205161375,2.1905735213769524,1200,"{""max_num_iter"": 200, ""weight"": 67.88225099390857}",169.7056274847714,0.7379041666666667,0.893048525354276,1.0,27260122,"TV(0.4 sd): input ideal d'=1.23 < 5 (prespecified floor, Rose): the input does not meet the detectability requirement and post-processing cannot restore it.",False,27266122,
dose,120.0,3.125,0.03125,169.7056274847714,0.0,20.0,,gaussian(1.5 px),gaussian,1.225364883298939,0.8068820701518937,0.5401075015509951,0.6536743055555555,1.1919907409126067,0.8032638888888889,0.945246105441671,0.75078125,0.05162545224662691,21.46311675467868,33.82497118500808,-0.15320776459633823,0.021751483174134882,True,0.1942806546858622,1.0,0.8404038740841787,red,0.008964077788445102,0.01109754510861316,0.009900474483616676,,0.7288021205161375,1.966137725788908,1200,"{""sigma"": 1.5}",169.7056274847714,0.7379041666666667,0.893048525354276,1.0,27260122,"gaussian(1.5 px): input ideal d'=1.23 < 5 (prespecified floor, Rose): the input does not meet the detectability requirement and post-processing cannot restore it.",False,27266122,
dose,120.0,3.125,0.03125,169.7056274847714,0.0,20.0,,raw,none,1.225364883298939,0.8068820701518937,0.893048525354276,0.7379041666666667,1.1937387058686042,0.8035833333333333,0.688254878209276,0.6877013888888889,0.0010407757781390737,7.447855830875642,169.70474036998087,-0.06897790348522703,0.01979047925578643,True,0.5311525308688185,1.0,1.0087385699268838,red,0.008957661968803491,0.010097014520389804,0.010750463674569166,,0.7288021205161375,2.528000183806236,1200,{},169.7056274847714,0.7379041666666667,0.893048525354276,1.0,27260122,"raw: input ideal d'=1.23 < 5 (prespecified floor, Rose): the input does not meet the detectability requirement and post-processing cannot restore it.",False,27266122,
dose,120.0,49.99999999999999,0.49999999999999994,42.42640687119285,0.0,20.0,,NLM(0.6 sd),nlm,4.901459533195756,0.9997357261459661,4.140517006821996,0.9988493055555555,4.252167342525802,0.9993166666666666,4.0318204854898525,0.9987305555555556,0.4435061458040362,31.556186373616267,10.58274933225264,-0.0008864205904105527,0.0013587782168082948,True,0.7136056875457824,0.06666666666666667,0.6446632722522125,red,0.0005339062349596177,0.0006929126162910349,0.0007278097988335343,,0.9845224370265208,0.3901275255313437,1200,"{""h"": 25.45584412271571, ""patch_distance"": 6, ""patch_size"": 5}",42.42640687119285,0.9997083333333333,4.825596884608759,0.9658333333333333,27260122,"NLM(0.6 sd): input ideal d'=4.90 < 5 (prespecified floor, Rose): the input does not meet the detectability requirement and post-processing cannot restore it.",False,27262122,
dose,120.0,49.99999999999999,0.49999999999999994,42.42640687119285,0.0,20.0,,TV(0.4 sd),tv,4.901459533195756,0.9997357261459661,4.791121658309568,0.9996868055555556,4.662572605195438,0.9995166666666667,3.844007386701422,0.9962444444444445,0.21301816720348085,26.808163865911155,18.271924863714293,-4.8920590410506115e-05,0.0007090709165382711,True,0.9554842986674708,0.6908333333333333,0.912312762358608,red,0.0004490044576310881,0.00036142320863108196,0.0012525823739690167,,0.9845224370265208,0.5473522949312718,1200,"{""max_num_iter"": 200, ""weight"": 16.970562748477143}",42.42640687119285,0.9997083333333333,4.825596884608759,0.9658333333333333,27260122,"TV(0.4 sd): input ideal d'=4.90 < 5 (prespecified floor, Rose): the input does not meet the detectability requirement and post-processing cannot restore it.",False,27262122,
dose,120.0,49.99999999999999,0.49999999999999994,42.42640687119285,0.0,20.0,,gaussian(1.5 px),gaussian,4.901459533195756,0.9997357261459661,4.36030693502277,0.9988201388888889,4.670861082944965,0.9994777777777778,4.044225719472329,0.9974986111111112,0.48569391586678934,33.45623388314577,8.5034378925988,-0.0009155872570771884,0.0013758919917269974,True,0.7913767381805183,0.4075,0.831818134289722,red,0.00046672291206709994,0.0007016442945533365,0.001021952856041775,,0.9845224370265208,0.49158156214263055,1200,"{""sigma"": 1.5}",42.42640687119285,0.9997083333333333,4.825596884608759,0.9658333333333333,27260122,"gaussian(1.5 px): input ideal d'=4.90 < 5 (prespecified floor, Rose): the input does not meet the detectability requirement and post-processing cannot restore it.",False,27262122,
dose,120.0,49.99999999999999,0.49999999999999994,42.42640687119285,0.0,20.0,,raw,none,4.901459533195756,0.9997357261459661,4.825596884608759,0.9997083333333333,4.681082879448785,0.9994805555555556,3.484166534252421,0.9921798611111111,0.044333229692830385,19.490137523005334,42.42086502946215,-2.7392812632753838e-05,0.0006842883586312661,True,0.9692844290086395,0.9658333333333333,1.005293939661017,red,0.00046547965364405656,0.00034877881408991354,0.0018091582938017203,,0.9845224370265208,0.6334690562874631,1200,{},42.42640687119285,0.9997083333333333,4.825596884608759,0.9658333333333333,27260122,"raw: input ideal d'=4.90 < 5 (prespecified floor, Rose): the input does not meet the detectability requirement and post-processing cannot restore it.",False,27262122,
dose,120.0,6.25,0.0625,120.0,0.0,20.0,,NLM(0.6 sd),nlm,1.7329276368170845,0.8897811140599974,1.3831561145075848,0.8352166666666667,1.4988797611400173,0.8535222222222222,1.4637031292000973,0.8488951388888889,0.0740211395677113,22.620577321420072,29.604329803370376,-0.05456444739333066,0.01621764040271818,True,0.6370617731865518,1.0,0.6239913289775344,red,0.007830873950906795,0.008274104058131138,0.007946510275830269,,0.8593622973578185,1.1096642576280327,1200,"{""h"": 72.0, ""patch_distance"": 6, ""patch_size"": 5}",120.0,0.8518041666666667,1.4892126751299852,1.0,27260122,"NLM(0.6 sd): input ideal d'=1.73 < 5 (prespecified floor, Rose): the input does not meet the detectability requirement and post-processing cannot restore it.",False,27265122,
dose,120.0,6.25,0.0625,120.0,0.0,20.0,,TV(0.4 sd),tv,1.7329276368170845,0.8897811140599974,1.5267071540833697,0.8573083333333333,1.5634503686480998,0.8640083333333334,1.2572890520760058,0.8113013888888889,0.020737411369709243,17.795720905610683,51.57119534404226,-0.03247278072666404,0.01515974338487774,True,0.7761588709199021,1.0,0.9156234465979297,red,0.007559185695271744,0.007734350763588485,0.008799801860834391,,0.8593622973578185,1.5518889595565069,1200,"{""max_num_iter"": 200, ""weight"": 48.0}",120.0,0.8518041666666667,1.4892126751299852,1.0,27260122,"TV(0.4 sd): input ideal d'=1.73 < 5 (prespecified floor, Rose): the input does not meet the detectability requirement and post-processing cannot restore it.",False,27265122,
dose,120.0,6.25,0.0625,120.0,0.0,20.0,,gaussian(1.5 px),gaussian,1.7329276368170845,0.8897811140599974,0.9498785747844408,0.7510694444444445,1.5637226647770444,0.8638527777777778,1.347969338628226,0.8286375,0.10922397142973092,24.475673783365313,23.9119981889816,-0.13871166961555292,0.019396368382291578,True,0.3004521582521658,1.0,0.8382190326735434,red,0.0075633173070966415,0.009895933849212401,0.008424470446238003,,0.8593622973578185,1.3938998049507625,1200,"{""sigma"": 1.5}",120.0,0.8518041666666667,1.4892126751299852,1.0,27260122,"gaussian(1.5 px): input ideal d'=1.73 < 5 (prespecified floor, Rose): the input does not meet the detectability requirement and post-processing cannot restore it.",False,27265122,
dose,120.0,6.25,0.0625,120.0,0.0,20.0,,raw,none,1.7329276368170845,0.8897811140599974,1.4892126751299852,0.8518041666666667,1.5723554763082894,0.8649833333333333,1.122031833487282,0.7855277777777778,0.0028338172928216825,10.46335242469762,119.9273973339336,-0.037976947393330684,0.015433656820754179,True,0.7385035581201077,1.0,1.0215735452869066,red,0.007533217816882681,0.007874105084605112,0.009306112911257075,,0.8593622973578185,1.7962687964440185,1200,{},120.0,0.8518041666666667,1.4892126751299852,1.0,27260122,"raw: input ideal d'=1.73 < 5 (prespecified floor, Rose): the input does not meet the detectability requirement and post-processing cannot restore it.",False,27265122,
signal,120.0,25.0,,60.0,,10.0,1.5,NLM(0.6 sd),nlm,0.8426561840065284,0.7243615801373218,0.4688961064118437,0.6296645833333333,0.7020899134211435,0.6962277777777778,0.6542351131816995,0.6789277777777778,0.2749850127591683,28.630623942461572,14.820914325275393,-0.09469699680398846,0.022145107880795444,True,0.30963669867558874,1.0,0.3837062097667837,red,0.010651657661953081,0.011298377730929399,0.010847119078569603,0.5,0.6964100219925092,1.753651367318742,1200,"{""h"": 36.0, ""patch_distance"": 6, ""patch_size"": 5}",60.0,0.6630409722222222,0.5868342116361104,1.0,27260122,"NLM(0.6 sd): input ideal d'=0.84 < 5 (prespecified floor, Rose): the input does not meet the detectability requirement and post-processing cannot restore it.",False,27263122,
signal,120.0,25.0,,60.0,,20.0,1.5,NLM(0.6 sd),nlm,1.6853123680130568,0.8833097279993577,1.1701931227615294,0.7953458333333333,1.3247868733108359,0.8309333333333333,1.3051155390743445,0.8214583333333333,0.27351248635501435,28.610179721702867,14.856669561937846,-0.08796389466602439,0.017875917662670764,True,0.48211902204500423,1.0,0.34785907156630735,red,0.008372512201065621,0.009120179431471087,0.008583486545939677,1.0,0.841404714721263,0.8792523500059417,1200,"{""h"": 36.0, ""patch_distance"": 6, ""patch_size"": 5}",60.0,0.8418041666666667,1.4180297722242423,1.0,27260122,"NLM(0.6 sd): input ideal d'=1.69 < 5 (prespecified floor, Rose): the input does not meet the detectability requirement and post-processing cannot restore it.",False,27263222,
signal,120.0,25.0,,60.0,,10.0,3.0,NLM(0.6 sd),nlm,1.7329276368170845,0.8897811140599974,1.3243423938615113,0.82448125,1.6005744996597655,0.8721138888888889,1.443570789571844,0.8467645833333334,0.27705286712876526,28.633276683619375,14.815931660491279,-0.06529986405999733,0.01669402448811296,True,0.5840361202942682,1.0,0.6143828890368104,red,0.007339469171799955,0.008517161629164298,0.007998915568074806,0.5,0.834892330975082,1.1016994136346425,1200,"{""h"": 36.0, ""patch_distance"": 6, ""patch_size"": 5}",60.0,0.8463083333333333,1.446807994113356,1.0,27260122,"NLM(0.6 sd): input ideal d'=1.73 < 5 (prespecified floor, Rose): the input does not meet the detectability requirement and post-processing cannot restore it.",False,27266122,
signal,120.0,25.0,,60.0,,20.0,3.0,NLM(0.6 sd),nlm,3.465855273634169,0.9928716529681852,2.8495953753165146,0.97850625,3.038094715514305,0.9866027777777778,2.863072877974915,0.9808472222222222,0.2801520318370237,28.57780655245199,14.910922966420586,-0.014365402968185226,0.005894907489639024,True,0.6759982122478037,0.6758333333333333,0.6390051434215178,red,0.0023707309670366766,0.003007306813639118,0.0028376639856379305,1.0,0.9425964034053413,0.5540016175517288,1200,"{""h"": 36.0, ""patch_distance"": 6, ""patch_size"": 5}",60.0,0.9896180555555556,3.266902715651003,1.0,27260122,"NLM(0.6 sd): input ideal d'=3.47 < 5 (prespecified floor, Rose): the input does not meet the detectability requirement and post-processing cannot restore it.",False,27266222,
signal,120.0,25.0,,60.0,,10.0,5.0,NLM(0.6 sd),nlm,2.911006412451428,0.9802237584170569,2.5538188074438923,0.9653659722222222,2.6619441760992157,0.9713222222222222,2.0753404931538153,0.9289333333333334,0.282280272154061,28.605013010419935,14.864464593784287,-0.014857786194834688,0.00749720748373341,True,0.7696509995333717,0.915,0.7475890501402843,red,0.0034776376928644017,0.003824821832656367,0.005492201164572389,0.5,0.9088122077882625,0.685654427212074,1200,"{""h"": 36.0, ""patch_distance"": 6, ""patch_size"": 5}",60.0,0.9693895833333334,2.645558164585772,1.0,27260122,"NLM(0.6 sd): input ideal d'=2.91 < 5 (prespecified floor, Rose): the input does not meet the detectability requirement and post-processing cannot restore it.",False,27269122,
signal,120.0,25.0,,60.0,,20.0,5.0,NLM(0.6 sd),nlm,5.822012824902856,0.9999807902708996,5.129965961651867,0.9998923611111111,5.217755709574931,0.9999916666666666,4.184046318248883,0.9990513888888889,0.2942294060685143,28.56195742200535,14.938064366786426,-8.842915978846122e-05,0.00041595394043294386,True,0.7763948597725413,0.035833333333333335,0.7586737498468091,amber,5.8950234496151456e-05,0.00021187098296908177,0.000629102032696393,1.0,0.9609899434422707,0.3488258829124965,1200,"{""h"": 36.0, ""patch_distance"": 6, ""patch_size"": 5}",60.0,0.9999395833333333,5.594895775323571,0.39166666666666666,27260122,NLM(0.6 sd): input ideal d'=5.82 is within 1.2x of the floor (5): marginal — small dose changes cross it.,False,27269222,
signal,120.0,25.0,,60.0,,10.0,1.5,TV(0.4 sd),tv,0.8426561840065284,0.7243615801373218,0.6059437272518667,0.66445625,0.7956234726631263,0.7153777777777778,0.704036604845935,0.6922791666666667,0.10248231144944443,23.802716748354356,25.82612550670551,-0.0599053301373218,0.021551702404440296,True,0.5170871714993389,1.0,0.8656791317953545,red,0.010411852933866513,0.010995614271480218,0.01069801692396263,0.5,0.6964100219925092,3.21530140399521,1200,"{""max_num_iter"": 200, ""weight"": 24.0}",60.0,0.6630409722222222,0.5868342116361104,1.0,27260122,"TV(0.4 sd): input ideal d'=0.84 < 5 (prespecified floor, Rose): the input does not meet the detectability requirement and post-processing cannot restore it.",False,27263122,
signal,120.0,25.0,,60.0,,20.0,1.5,TV(0.4 sd),tv,1.6853123680130568,0.8833097279993577,1.3908623500395405,0.8372298611111111,1.5675273693901894,0.8669138888888889,1.4373694494182545,0.8434472222222222,0.10336415467936291,23.8037931206547,25.82319698433718,-0.04607986688824661,0.016125670162380205,True,0.6810946773913985,1.0,0.7991774977194631,red,0.007481432976665695,0.008227179603874108,0.008079481850924013,1.0,0.841404714721263,1.618342237950493,1200,"{""max_num_iter"": 200, ""weight"": 24.0}",60.0,0.8418041666666667,1.4180297722242423,1.0,27260122,"TV(0.4 sd): input ideal d'=1.69 < 5 (prespecified floor, Rose): the input does not meet the detectability requirement and post-processing cannot restore it.",False,27263222,
signal,120.0,25.0,,60.0,,10.0,3.0,TV(0.4 sd),tv,1.7329276368170845,0.8897811140599974,1.4643541781059797,0.848925,1.6791207496874754,0.8815166666666666,1.2360829803895834,0.8099430555555556,0.10405913634945406,23.80270785568191,25.82619318615794,-0.04085611405999734,0.015574121506766143,True,0.7140545740987938,1.0,0.9113307944079256,red,0.0070731341676929255,0.007945772057631112,0.008827984928958511,0.5,0.834892330975082,1.5489693914404954,1200,"{""max_num_iter"": 200, ""weight"": 24.0}",60.0,0.8463083333333333,1.446807994113356,1.0,27260122,"TV(0.4 sd): input ideal d'=1.73 < 5 (prespecified floor, Rose): the input does not meet the detectability requirement and post-processing cannot restore it.",False,27266122,
signal,120.0,25.0,,60.0,,20.0,3.0,TV(0.4 sd),tv,3.465855273634169,0.9928716529681852,3.2929535046220377,0.9902555555555556,3.2211447710557195,0.9898444444444444,2.599288564315485,0.9672194444444444,0.10882464565077053,23.793044386783336,25.854874765130397,-0.002616097412629692,0.003960519832079782,True,0.9027143580510295,1.0,0.9198364536340565,red,0.0020627136520038046,0.002020356199843433,0.003720189759300339,1.0,0.9425964034053413,0.7748876402085568,1200,"{""max_num_iter"": 200, ""weight"": 24.0}",60.0,0.9896180555555556,3.266902715651003,1.0,27260122,"TV(0.4 sd): input ideal d'=3.47 < 5 (prespecified floor, Rose): the input does not meet the detectability requirement and post-processing cannot restore it.",False,27266222,
signal,120.0,25.0,,60.0,,10.0,5.0,TV(0.4 sd),tv,2.911006412451428,0.9802237584170569,2.6690349757753804,0.9704222222222222,2.7894857518871254,0.9766694444444445,1.617372297229102,0.8742645833333333,0.10755248988745986,23.7970083268967,25.842760446426606,-0.009801536194834704,0.006923759153935279,True,0.8406635272078419,0.9983333333333333,0.93518626461123,red,0.003134128898530192,0.003532240777942394,0.007279668332031663,0.5,0.9088122077882625,0.8631042341262429,1200,"{""max_num_iter"": 200, ""weight"": 24.0}",60.0,0.9693895833333334,2.645558164585772,1.0,27260122,"TV(0.4 sd): input ideal d'=2.91 < 5 (prespecified floor, Rose): the input does not meet the detectability requirement and post-processing cannot restore it.",False,27269122,
signal,120.0,25.0,,60.0,,20.0,5.0,TV(0.4 sd),tv,5.822012824902856,0.9999807902708996,5.588520588757388,0.9999423611111111,5.578228967921034,0.9999861111111111,3.3688932409965497,0.9912791666666667,0.11861284760202007,23.80159392921698,25.829602179192072,-3.842915978846673e-05,0.0003045641289826158,True,0.9213982752343763,0.185,0.9377653528166178,amber,7.610453064041804e-05,0.00015503840220282446,0.0019108797346275286,1.0,0.9609899434422707,0.43440461456262247,1200,"{""max_num_iter"": 200, ""weight"": 24.0}",60.0,0.9999395833333333,5.594895775323571,0.39166666666666666,27260122,TV(0.4 sd): input ideal d'=5.82 is within 1.2x of the floor (5): marginal — small dose changes cross it.,False,27269222,
signal,120.0,25.0,,60.0,,10.0,1.5,gaussian(1.5 px),gaussian,0.8426561840065284,0.7243615801373218,0.3153279605039195,0.59371875,0.8007392472001151,0.7173166666666667,0.738711830200703,0.7013138888888889,0.32436765622774005,30.501889945751707,11.948431349095214,-0.1306428301373218,0.022605435283544636,True,0.14003098352352905,1.0,0.7107728045570411,red,0.010386167239091663,0.011533242966403212,0.010590401579984896,0.5,0.6964100219925092,2.656316480676803,1200,"{""sigma"": 1.5}",60.0,0.6630409722222222,0.5868342116361104,1.0,27260122,"gaussian(1.5 px): input ideal d'=0.84 < 5 (prespecified floor, Rose): the input does not meet the detectability requirement and post-processing cannot restore it.",False,27263122,
signal,120.0,25.0,,60.0,,20.0,1.5,gaussian(1.5 px),gaussian,1.6853123680130568,0.8833097279993577,0.8488955736266223,0.7295944444444444,1.5643152812832128,0.8660388888888889,1.4684487211541175,0.8478847222222222,0.32410345116045297,30.48107751346733,11.977189673960241,-0.15371528355491326,0.020026381480201604,True,0.2537159219288352,1.0,0.6450555472001989,red,0.007504964555040861,0.010217375009804885,0.007971428689598761,1.0,0.841404714721263,1.3346734635665696,1200,"{""sigma"": 1.5}",60.0,0.8418041666666667,1.4180297722242423,1.0,27260122,"gaussian(1.5 px): input ideal d'=1.69 < 5 (prespecified floor, Rose): the input does not meet the detectability requirement and post-processing cannot restore it.",False,27263222,
signal,120.0,25.0,,60.0,,10.0,3.0,gaussian(1.5 px),gaussian,1.7329276368170845,0.8897811140599974,1.0032011798487008,0.7625451388888889,1.6761935625113316,0.8811416666666667,1.363274404404345,0.8335694444444445,0.327812430980484,30.490545331505988,11.96370348354848,-0.12723597517110852,0.019031870457476622,True,0.33513147089226725,1.0,0.8366470635497323,red,0.007084003923311235,0.009709962102950699,0.008312177007257724,0.5,0.834892330975082,1.390269319016873,1200,"{""sigma"": 1.5}",60.0,0.8463083333333333,1.446807994113356,1.0,27260122,"gaussian(1.5 px): input ideal d'=1.73 < 5 (prespecified floor, Rose): the input does not meet the detectability requirement and post-processing cannot restore it.",False,27266122,
signal,120.0,25.0,,60.0,,20.0,3.0,gaussian(1.5 px),gaussian,3.465855273634169,0.9928716529681852,2.617507543420018,0.96795,3.2262577272009136,0.9899083333333333,2.7688524143385025,0.9752680555555555,0.3343677782201195,30.460344331524237,12.005810636428407,-0.02492165296818527,0.007209729954668785,True,0.5703678488451742,0.9841666666666666,0.8452749581392266,red,0.002056187467679767,0.003678146928764147,0.00322761130146765,1.0,0.9425964034053413,0.695626180823647,1200,"{""sigma"": 1.5}",60.0,0.9896180555555556,3.266902715651003,1.0,27260122,"gaussian(1.5 px): input ideal d'=3.47 < 5 (prespecified floor, Rose): the input does not meet the detectability requirement and post-processing cannot restore it.",False,27266222,
signal,120.0,25.0,,60.0,,10.0,5.0,gaussian(1.5 px),gaussian,2.911006412451428,0.9802237584170569,2.17869429694471,0.9386666666666666,2.7973864501692787,0.976875,1.85933421901149,0.9067013888888888,0.3374035239894367,30.48979522621558,11.965384504924277,-0.04155709175039024,0.00999844172747248,True,0.5601524875178643,0.9908333333333333,0.8905306182073165,red,0.003120186775584482,0.005100985202732801,0.006290022027076031,0.5,0.9088122077882625,0.7932561162826643,1200,"{""sigma"": 1.5}",60.0,0.9693895833333334,2.645558164585772,1.0,27260122,"gaussian(1.5 px): input ideal d'=2.91 < 5 (prespecified floor, Rose): the input does not meet the detectability requirement and post-processing cannot restore it.",False,27269122,
signal,120.0,25.0,,60.0,,20.0,5.0,gaussian(1.5 px),gaussian,5.822012824902856,0.9999807902708996,5.156204364556811,0.9998715277777778,5.585614395661819,0.9999888888888889,3.736563788682002,0.9960402777777778,0.3554405832998659,30.451859652120195,12.017715897463718,-0.00010926249312182001,0.0004543662962128599,True,0.7843572744656337,0.10666666666666667,0.8895866642457653,amber,6.806991453742286e-05,0.00023146948380017244,0.0012862408739663792,1.0,0.9609899434422707,0.3991525854966837,1200,"{""sigma"": 1.5}",60.0,0.9999395833333333,5.594895775323571,0.39166666666666666,27260122,gaussian(1.5 px): input ideal d'=5.82 is within 1.2x of the floor (5): marginal — small dose changes cross it.,False,27269222,
signal,120.0,25.0,,60.0,,10.0,1.5,raw,none,0.8426561840065284,0.7243615801373218,0.5868342116361104,0.6630409722222222,0.8032796867086056,0.7180055555555556,0.6453146106923161,0.6783027777777778,0.01684693611763551,16.475366203763762,60.02296202164998,-0.06132060791509952,0.02157875099066192,True,0.4849869187316072,1.0,1.0591421379626595,red,0.010376977930472148,0.011009414824161278,0.010853812224325942,0.5,0.6964100219925092,3.993304952992728,1200,{},60.0,0.6630409722222222,0.5868342116361104,1.0,27260122,"raw: input ideal d'=0.84 < 5 (prespecified floor, Rose): the input does not meet the detectability requirement and post-processing cannot restore it.",False,27263122,
signal,120.0,25.0,,60.0,,20.0,1.5,raw,none,1.6853123680130568,0.8833097279993577,1.4180297722242423,0.8418041666666667,1.5723764187429652,0.8673833333333333,1.3796012777792326,0.8337340277777778,0.017262573610540847,16.47673589237607,60.01379802888189,-0.04150556133269101,0.015913500272732584,True,0.70796189395517,1.0,0.9816548755465938,red,0.007468766313883276,0.008118927671021672,0.008308385836099986,1.0,0.841404714721263,2.001909710553105,1200,{},60.0,0.8418041666666667,1.4180297722242423,1.0,27260122,"raw: input ideal d'=1.69 < 5 (prespecified floor, Rose): the input does not meet the detectability requirement and post-processing cannot restore it.",False,27263222,
signal,120.0,25.0,,60.0,,10.0,3.0,raw,none,1.7329276368170845,0.8897811140599974,1.446807994113356,0.8463083333333333,1.6799273902781338,0.8816972222222222,1.0676379222598826,0.7758277777777778,0.01718494826920907,16.478755701061246,59.999686355736,-0.04347278072666405,0.015700143575007642,True,0.6970452043210058,1.0,1.0061791013018975,red,0.007067893015897521,0.008010070212717402,0.00948180443712168,0.5,0.834892330975082,1.787566073371285,1200,{},60.0,0.8463083333333333,1.446807994113356,1.0,27260122,"raw: input ideal d'=1.73 < 5 (prespecified floor, Rose): the input does not meet the detectability requirement and post-processing cannot restore it.",False,27266122,
signal,120.0,25.0,,60.0,,20.0,3.0,raw,none,3.465855273634169,0.9928716529681852,3.266902715651003,0.9896180555555556,3.2347572209689917,0.9899722222222223,2.33794716977708,0.9511479166666666,0.018637164327717847,16.47509183285802,60.02504424064642,-0.0032535974126296496,0.004088546636288687,True,0.888487979712685,1.0,1.0115643050782768,red,0.0020496408247692977,0.0020856771981978745,0.004549115317582731,1.0,0.9425964034053413,0.8953758839695289,1200,{},60.0,0.9896180555555556,3.266902715651003,1.0,27260122,"raw: input ideal d'=3.47 < 5 (prespecified floor, Rose): the input does not meet the detectability requirement and post-processing cannot restore it.",False,27266222,
signal,120.0,25.0,,60.0,,10.0,5.0,raw,none,2.911006412451428,0.9802237584170569,2.645558164585772,0.9693895833333334,2.801364931441204,0.9768944444444444,1.349587991302292,0.8313819444444445,0.017879379816482733,16.47525635913124,60.02372689451506,-0.01083417508372353,0.007044590760914053,True,0.8259396290249761,1.0,0.9935196268746392,red,0.003118864772565289,0.003593890689844795,0.008362295691733006,0.5,0.9088122077882625,0.971503132319778,1200,{},60.0,0.9693895833333334,2.645558164585772,1.0,27260122,"raw: input ideal d'=2.91 < 5 (prespecified floor, Rose): the input does not meet the detectability requirement and post-processing cannot restore it.",False,27269122,
signal,120.0,25.0,,60.0,,20.0,5.0,raw,none,5.822012824902856,0.9999807902708996,5.594895775323571,0.9999395833333333,5.5864367416200125,0.9999861111111111,2.9508823612900827,0.9810333333333333,0.02086051294060404,16.480414325354,59.98822633169737,-4.12069375662627e-05,0.000311800349827871,True,0.9235016713971786,0.39166666666666666,0.9961845903124527,amber,7.610453064041804e-05,0.00015873041945535236,0.002823749657040724,1.0,0.9609899434422707,0.4878784340319617,1200,{},60.0,0.9999395833333333,5.594895775323571,0.39166666666666666,27260122,raw: input ideal d'=5.82 is within 1.2x of the floor (5): marginal — small dose changes cross it.,False,27269222,
texture,120.0,25.0,,60.0,0.0,,,NLM(0.6 sd),nlm,3.465855273634169,0.9928716529681852,2.881680164388013,0.9797451388888889,3.060375113506119,0.9869333333333333,2.931789260487366,0.9832263888888889,0.2807739199369915,28.595594860383628,14.881037349416326,-0.013126514079296325,0.005721299648189689,True,0.6913066061888334,0.6716666666666666,0.6282974425304044,red,0.0023411471753444937,0.0029187297567040255,0.0026544238542306905,,0.968598395802547,0.5517236373332068,1200,"{""h"": 36.0, ""patch_distance"": 6, ""patch_size"": 5}",60.0,0.99050625,3.357021858125854,1.0,27260122,"NLM(0.6 sd): input ideal d'=3.47 < 5 (prespecified floor, Rose): the input does not meet the detectability requirement and post-processing cannot restore it.",False,27262122,0.0
texture,120.0,25.0,,60.0,0.25,,,NLM(0.6 sd),nlm,3.7547370518688785,0.9960345799373341,2.8123468513740963,0.9782048611111112,3.2519013116680746,0.9896305555555556,3.0255570538343584,0.9847590277777778,0.6052453739090389,36.957986498720324,5.696755808949131,-0.017829718826222973,0.005936390777134077,True,0.5610204693584765,0.37083333333333335,0.560442340891784,red,0.0020844157681422703,0.0030284721451565686,0.002529516334028687,,0.97736118758091,0.47880173512413704,1200,"{""h"": 36.0, ""patch_distance"": 6, ""patch_size"": 5}",33.50001999239478,0.9955666666666667,3.669734264068612,1.0,27260122,"NLM(0.6 sd): input ideal d'=3.75 < 5 (prespecified floor, Rose): the input does not meet the detectability requirement and post-processing cannot restore it.",False,27264122,6.0
texture,120.0,25.0,,60.0,0.5,,,NLM(0.6 sd),nlm,6.154588910664027,0.9999932534459398,2.2810151393045217,0.9467840277777778,3.3115694775329083,0.9887194444444445,3.0721018387520567,0.9849555555555556,0.6433212217307848,38.11553459457767,4.990074176306915,-0.053209225668162,0.009309421298206097,True,0.13735935267869828,0.22583333333333333,0.50884159172108,amber,0.0021744734913164915,0.004749437707625091,0.0025130598309256514,,0.963432278544876,0.44269651572008417,1200,"{""h"": 36.0, ""patch_distance"": 6, ""patch_size"": 5}",17.95755117152193,0.9999743055555556,5.92952961770807,0.9966666666666667,27260122,NLM(0.6 sd): task d' fell 62% against the unprocessed input (5.93 -> 2.28) while fidelity improved: fidelity-task discordance.,True,27266122,6.0
texture,120.0,25.0,,60.0,1.0,,,NLM(0.6 sd),nlm,9.97053385555633,0.9999999999991069,2.618109523060493,0.9696708333333334,3.7403158069801328,0.9952777777777778,3.338680075259532,0.9923826388888889,0.6708246211298194,39.00266051990988,4.508399250370208,-0.030329166665773566,0.007011883012029988,True,0.06895071844610369,0.12166666666666667,0.4926441283067919,red,0.00140488257608231,0.003577202756218433,0.0017854688709628575,,1.0054319916521819,0.4039769727821162,1200,"{""h"": 36.0, ""patch_distance"": 6, ""patch_size"": 5}",10.3739926928523,1.0,10.024693712227508,0.9025,27260122,NLM(0.6 sd): only 49% of the true lesion contrast survives: erasure.,True,27268122,6.0
texture,120.0,25.0,,60.0,0.0,,,TV(0.4 sd),tv,3.465855273634169,0.9928716529681852,3.35148781091605,0.990225,3.294438873284981,0.9895222222222222,2.72125763293062,0.9723284722222222,0.10909261041856337,23.803613055226585,25.823331451938824,-0.0026466529681852258,0.003966749036729435,True,0.9350922149024512,0.9991666666666666,0.9124429721849775,red,0.0020953233287871256,0.002023534423881624,0.003415577844641657,,0.968598395802547,0.7740730386306468,1200,"{""max_num_iter"": 200, ""weight"": 24.0}",60.0,0.99050625,3.357021858125854,1.0,27260122,"TV(0.4 sd): input ideal d'=3.47 < 5 (prespecified floor, Rose): the input does not meet the detectability requirement and post-processing cannot restore it.",False,27262122,0.0
texture,120.0,25.0,,60.0,0.25,,,TV(0.4 sd),tv,3.7547370518688785,0.9960345799373341,3.3775500910877847,0.9931138888888889,3.3974241819396997,0.9917027777777778,2.9891429369142606,0.9839861111111111,0.3543648200047209,30.694292597888865,11.69147691255206,-0.0029206910484452786,0.003327403926112435,True,0.8091788830262779,0.9583333333333334,0.8136083693573354,red,0.001863720988387977,0.0016973319448258491,0.0025932445593770193,,0.97736118758091,0.6587910703563284,1200,"{""max_num_iter"": 200, ""weight"": 24.0}",33.50001999239478,0.9955666666666667,3.669734264068612,1.0,27260122,"TV(0.4 sd): input ideal d'=3.75 < 5 (prespecified floor, Rose): the input does not meet the detectability requirement and post-processing cannot restore it.",False,27264122,6.0
texture,120.0,25.0,,60.0,0.5,,,TV(0.4 sd),tv,6.154588910664027,0.9999932534459398,3.4689235322028025,0.9944263888888889,3.3566129415675214,0.9903138888888889,2.923717190457291,0.9814006944444444,0.4687493312266749,33.74706555485711,8.424783041382527,-0.00556686455705091,0.002992738203378842,True,0.31768108184883836,0.7458333333333333,0.7814227182626078,amber,0.0020142749655660363,0.0015265809895157547,0.0027960856642116733,,0.963432278544876,0.5890119451936229,1200,"{""max_num_iter"": 200, ""weight"": 24.0}",17.95755117152193,0.9999743055555556,5.92952961770807,0.9966666666666667,27260122,TV(0.4 sd): task d' fell 41% against the unprocessed input (5.93 -> 3.47) while fidelity improved: fidelity-task discordance.,True,27266122,6.0
texture,120.0,25.0,,60.0,1.0,,,TV(0.4 sd),tv,9.97053385555633,0.9999999999991069,3.9369789258823293,0.9999319444444444,4.156369231759098,0.9992,3.6312210296505274,0.9960590277777778,0.608343072621112,37.52398398155109,5.344698552545752,-6.805555466249391e-05,0.0003308833607392032,True,0.15591552274903667,0.3983333333333333,0.6987238467255246,amber,0.0005777050201084396,0.00016846682842095405,0.0012831863482989955,,1.0054319916521819,0.48548356722410424,1200,"{""max_num_iter"": 200, ""weight"": 24.0}",10.3739926928523,1.0,10.024693712227508,0.9025,27260122,TV(0.4 sd): task d' fell 61% against the unprocessed input (10.02 -> 3.94) while fidelity improved: fidelity-task discordance.,True,27268122,6.0
texture,120.0,25.0,,60.0,0.0,,,gaussian(1.5 px),gaussian,3.465855273634169,0.9928716529681852,2.8602446917502196,0.9766347222222223,3.298040805088296,0.9893333333333333,2.8663014155291964,0.9778180555555556,0.33464273995070265,30.47305088622231,11.988275894334546,-0.016236930745962996,0.006148078375359227,True,0.6810602435743224,0.9791666666666666,0.833574735528481,red,0.002114209161316858,0.0031364780064350993,0.0030554259135550676,,0.968598395802547,0.6952013117837735,1200,"{""sigma"": 1.5}",60.0,0.99050625,3.357021858125854,1.0,27260122,"gaussian(1.5 px): input ideal d'=3.47 < 5 (prespecified floor, Rose): the input does not meet the detectability requirement and post-processing cannot restore it.",False,27262122,0.0
texture,120.0,25.0,,60.0,0.25,,,gaussian(1.5 px),gaussian,3.7547370518688785,0.9960345799373341,3.105668597068834,0.9867555555555556,3.437004046339002,0.9920027777777778,2.9581319528373307,0.9818298611111111,0.3529808597231414,31.076162789729132,11.184883100248532,-0.009279024381778522,0.004620531600043716,True,0.6841497377265097,0.9816666666666667,0.8350493325843561,red,0.001829598253195473,0.0023571030855872644,0.002763424365842993,,0.97736118758091,0.6824100726396916,1200,"{""sigma"": 1.5}",33.50001999239478,0.9955666666666667,3.669734264068612,1.0,27260122,"gaussian(1.5 px): input ideal d'=3.75 < 5 (prespecified floor, Rose): the input does not meet the detectability requirement and post-processing cannot restore it.",False,27264122,6.0
texture,120.0,25.0,,60.0,0.5,,,gaussian(1.5 px),gaussian,6.154588910664027,0.9999932534459398,2.9538566288759114,0.9807541666666667,3.5060481044021174,0.99225,3.0279416144482596,0.9825090277777778,0.40234149877261804,32.33082176742937,9.683074340647327,-0.019239086779273107,0.0055760005115784396,True,0.23034602615040523,0.9483333333333334,0.832215523165945,amber,0.001800999155652078,0.002844596181925432,0.0027109505798144523,,0.963432278544876,0.6537225944579061,1200,"{""sigma"": 1.5}",17.95755117152193,0.9999743055555556,5.92952961770807,0.9966666666666667,27260122,gaussian(1.5 px): task d' fell 50% against the unprocessed input (5.93 -> 2.95) while fidelity improved: fidelity-task discordance.,True,27266122,6.0
texture,120.0,25.0,,60.0,1.0,,,gaussian(1.5 px),gaussian,9.97053385555633,0.9999999999991069,3.9873289275255224,0.9971916666666667,4.672842572704885,0.9996805555555556,3.7850210763578,0.9961381944444444,0.5157774963280554,35.19067614394897,6.974254220114611,-0.002808333332440238,0.002123178670036125,True,0.15992902955024516,0.7533333333333333,0.814499976869809,amber,0.00036501217778494113,0.0010829200140071782,0.0012702090620005568,,1.0054319916521819,0.5734262790505333,1200,"{""sigma"": 1.5}",10.3739926928523,1.0,10.024693712227508,0.9025,27260122,gaussian(1.5 px): task d' fell 60% against the unprocessed input (10.02 -> 3.99) while fidelity improved: fidelity-task discordance.,True,27268122,6.0
texture,120.0,25.0,,60.0,0.0,,,raw,none,3.465855273634169,0.9928716529681852,3.357021858125854,0.99050625,3.3058889424953,0.9894638888888889,2.439597805216564,0.9582256944444445,0.018656513424133957,16.479837566020024,59.992162654658955,-0.002365402968185215,0.003909042823351343,True,0.9381828523512675,1.0,1.0074867615528826,red,0.0021011735466496245,0.0019940919372679563,0.00420401358393023,,0.968598395802547,0.8958605306613504,1200,{},60.0,0.99050625,3.357021858125854,1.0,27260122,"raw: input ideal d'=3.47 < 5 (prespecified floor, Rose): the input does not meet the detectability requirement and post-processing cannot restore it.",False,27262122,0.0
texture,120.0,25.0,,60.0,0.25,,,raw,none,3.7547370518688785,0.9960345799373341,3.669734264068612,0.9955666666666667,3.438464040067433,0.9920416666666667,2.63657587816782,0.9704388888888889,0.05930214506822317,21.5357121196973,33.52137446945792,-0.0004679132706674194,0.002668481057351731,True,0.9552348909895666,1.0,1.0124347485043312,red,0.0018251288415664767,0.0013611406301087402,0.00353123711845093,,0.97736118758091,0.8370045244844319,1200,{},33.50001999239478,0.9955666666666667,3.669734264068612,1.0,27260122,"raw: input ideal d'=3.75 < 5 (prespecified floor, Rose): the input does not meet the detectability requirement and post-processing cannot restore it.",False,27264122,6.0
texture,120.0,25.0,,60.0,0.5,,,raw,none,6.154588910664027,0.9999932534459398,5.92952961770807,0.9999743055555556,3.5410239148527953,0.9928027777777778,2.922147769625772,0.97989375,0.18287217054491942,26.95769775493061,17.96003340607996,-1.8947890384257704e-05,0.0002035774836757614,True,0.9282017553421715,0.9966666666666667,1.0046235679435185,green,0.0017353705275257125,0.0001035136567975904,0.002907927331858804,,0.963432278544876,0.7589033082715279,1200,{},17.95755117152193,0.9999743055555556,5.92952961770807,0.9966666666666667,27260122,raw: input ideal d'=6.15 meets the floor and the processed task d'=5.93 follows it; no excess false structure or erasure.,True,27266122,6.0
texture,120.0,25.0,,60.0,1.0,,,raw,none,9.97053385555633,0.9999999999991069,10.024693712227508,1.0,4.931771072896292,0.9998805555555556,4.5262223490784335,0.9991138888888889,0.3735846104544192,31.735805708098905,10.365165075127576,8.930634010084759e-13,6.944444444444445e-07,True,1.0108934898376731,0.9025,0.9862511064178685,green,0.00022318814826479183,0.0,0.0006080151770486258,,1.0054319916521819,0.6326145126395064,1200,{},10.3739926928523,1.0,10.024693712227508,0.9025,27260122,raw: input ideal d'=9.97 meets the floor and the processed task d'=10.02 follows it; no excess false structure or erasure.,True,27268122,6.0
atlas_demo,120.0,12.0,0.12,86.60254037844388,,20.0,,gaussian(1.5 px),gaussian,2.4012149702459653,0.9552381337941949,1.067834205529304,0.78144375,2.273296595934587,0.9476,1.9241306639122753,0.9121125,0.1986491984262975,27.331180965615985,17.213744593756992,-0.17379438379419487,0.03186898872443478,True,0.19776324159532882,1.0,0.8258943905125266,red,0.008168389909314212,0.016256798071680907,0.010583494696158434,,0.8038371838526102,1.008242550029067,400,"{""sigma"": 1.5}",86.60254037844388,0.91254375,1.930185879507246,1.0,28260125,"gaussian(1.5 px): input ideal d'=2.40 < 5 (prespecified floor, Rose): the input does not meet the detectability requirement and post-processing cannot restore it.",False,28272125,
atlas_demo,80.0,12.0,0.12,129.9038105676658,,36.742346141747674,,gaussian(1.5 px),gaussian,2.9408758377279614,0.9812148992675147,2.00525784845206,0.92118125,2.751282462082636,0.97615,2.2104436797894103,0.94191875,0.10078273122444395,23.7489692533329,25.999619578997454,-0.060033649267514755,0.019654743110155512,True,0.4649294657163192,1.0,0.8216690518283369,red,0.005493295457907815,0.01002492559309269,0.008602583034718402,,0.8415374624528422,0.8211323372847648,400,"{""sigma"": 1.5}",129.9038105676658,0.95916875,2.474857189870465,1.0,28260125,"gaussian(1.5 px): input ideal d'=2.94 < 5 (prespecified floor, Rose): the input does not meet the detectability requirement and post-processing cannot restore it.",False,28276125,
atlas_demo,120.0,12.0,0.12,86.60254037844388,,20.0,,raw,none,2.4012149702459653,0.9552381337941949,1.930185879507246,0.91254375,2.2748772518791984,0.948175,1.513826876344203,0.8593,0.007084229231086872,13.29256483042496,86.5884227823075,-0.04269438379419488,0.020698899864052198,True,0.646154218144095,1.0,1.0118386961735177,red,0.008123138997685032,0.010557668420069543,0.013314964865789817,,0.8038371838526102,1.2952607264286338,400,{},86.60254037844388,0.91254375,1.930185879507246,1.0,28260125,"raw: input ideal d'=2.40 < 5 (prespecified floor, Rose): the input does not meet the detectability requirement and post-processing cannot restore it.",False,28272125,
atlas_demo,80.0,12.0,0.12,129.9038105676658,,36.742346141747674,,raw,none,2.9408758377279614,0.9812148992675147,2.474857189870465,0.95916875,2.7618815350156827,0.976375,1.8035091964771728,0.90339375,0.0030516923897807983,9.762254053359305,130.0094190504187,-0.022046149267514692,0.01412494332651783,True,0.7081853007115688,1.0,0.9960245543133902,red,0.005467126058352656,0.0072035473293817045,0.011091189359288189,,0.8415374624528422,1.0551042787745462,400,{},129.9038105676658,0.95916875,2.474857189870465,1.0,28260125,"raw: input ideal d'=2.94 < 5 (prespecified floor, Rose): the input does not meet the detectability requirement and post-processing cannot restore it.",False,28276125,
atlas_demo,120.0,200.0,2.0,21.213203435596427,,20.0,,gaussian(1.5 px),gaussian,9.802919066391512,0.9999999999979211,8.821633872535319,1.0,9.372984187582052,1.0,7.975758396013512,1.0,0.7572620826738636,39.29673137849866,4.340724936175709,2.0788926136106056e-12,6.25e-06,True,0.8098176240838992,0.0,0.8193158665453241,green,0.0,0.0,0.0,,0.9636996058957855,0.24690666663349783,400,"{""sigma"": 1.5}",21.213203435596427,1.0,9.447069240909782,0.0,28260125,gaussian(1.5 px): input ideal d'=9.80 meets the floor and the processed task d'=8.82 follows it; no excess false structure or erasure.,True,28264125,
atlas_demo,120.0,200.0,2.0,21.213203435596427,,20.0,,raw,none,9.802919066391512,0.9999999999979211,9.447069240909782,1.0,9.419002144660421,1.0,6.944155074505344,1.0,0.19425198085180218,25.504086581695233,21.226836732136572,2.0788926136106056e-12,6.25e-06,True,0.9287169304036923,0.0,0.9905174768373652,green,0.0,0.0,0.0,,0.9636996058957855,0.31731290700498166,400,{},21.213203435596427,1.0,9.447069240909782,0.0,28260125,raw: input ideal d'=9.80 meets the floor and the processed task d'=9.45 follows it; no excess false structure or erasure.,True,28264125,
atlas_demo,120.0,50.0,0.5,42.42640687119285,,20.0,,gaussian(1.5 px),gaussian,4.901459533195756,0.9997357261459661,3.8523734661571356,0.99674375,4.736186578637601,0.999875,4.0148088900122945,0.9974,0.4856945465441919,33.47102451840789,8.489245719653908,-0.0029919761459660243,0.003968515614643607,True,0.6177402834155866,0.4075,0.8278069588355551,red,0.00039579067627177933,0.0020216012365010037,0.0018061603584471886,,0.9684647184710579,0.4921013509001812,400,"{""sigma"": 1.5}",42.42640687119285,0.9999,4.746890626913711,0.9625,28260125,"gaussian(1.5 px): input ideal d'=4.90 < 5 (prespecified floor, Rose): the input does not meet the detectability requirement and post-processing cannot restore it.",False,28268125,
atlas_demo,120.0,50.0,0.5,42.42640687119285,,20.0,,raw,none,4.901459533195756,0.9997357261459661,4.746890626913711,0.9999,4.747417222881677,0.99985,3.4290239763159263,0.99153125,0.04438474761817627,19.491772255678136,42.4129848370314,0.00016427385403394723,0.000700084634125067,True,0.9379239109232254,0.9625,1.0098462695352042,red,0.00043356962640452934,0.00035400376721100293,0.0032640240726922714,,0.9684647184710579,0.6334558457582209,400,{},42.42640687119285,0.9999,4.746890626913711,0.9625,28260125,"raw: input ideal d'=4.90 < 5 (prespecified floor, Rose): the input does not meet the detectability requirement and post-processing cannot restore it.",False,28268125,
dose,120.0,100.0,1.0,30.0,0.0,20.0,,NLM(0.6 sd),nlm,6.931710547268338,0.9999995243637675,5.97014377448435,0.9999965277777778,5.966860670666345,0.9999916666666666,5.513728630209179,0.9999916666666666,0.6118844934565251,34.49083732195037,7.547855515746551,-2.9965859896785574e-06,7.527532077779005e-05,True,0.7418032668122633,0.0016666666666666668,0.6741222657144386,green,5.8950234496151456e-05,3.805216673450637e-05,5.8950234496151456e-05,,0.9872030990136514,0.2791578460742681,1200,"{""h"": 18.0, ""patch_distance"": 6, ""patch_size"": 5}",30.0,0.9999972222222222,6.843006133728917,0.20166666666666666,28260125,NLM(0.6 sd): input ideal d'=6.93 meets the floor and the processed task d'=5.97 follows it; no excess false structure or erasure.,True,28261125,
dose,120.0,100.0,1.0,30.0,0.0,20.0,,TV(0.4 sd),tv,6.931710547268338,0.9999995243637675,6.767415499904897,0.9999979166666667,6.619683662151497,0.9999972222222222,5.342553394816761,0.9999131944444445,0.3627399580190475,29.80789717979204,12.935657925901197,-1.6076971007805696e-06,5.84645228801617e-05,True,0.9531578850936316,0.043333333333333335,0.9103313599331915,green,3.403488672524557e-05,2.9475071425495707e-05,0.00019026477490985245,,0.9872030990136514,0.3893198740616078,1200,"{""max_num_iter"": 200, ""weight"": 12.0}",30.0,0.9999972222222222,6.843006133728917,0.20166666666666666,28260125,TV(0.4 sd): input ideal d'=6.93 meets the floor and the processed task d'=6.77 follows it; no excess false structure or erasure.,True,28261125,
dose,120.0,100.0,1.0,30.0,0.0,20.0,,gaussian(1.5 px),gaussian,6.931710547268338,0.9999995243637675,6.256193312027554,0.9999895833333333,6.64262711382116,0.9999972222222222,5.6077738233608665,0.9999631944444445,0.6338804899890571,36.41233661398619,6.050223161369065,-9.941030434168496e-06,0.00012987253465012905,True,0.8145907624041037,0.0125,0.8273858317848182,green,3.403488672524557e-05,6.590839996276714e-05,0.0001238899060443774,,0.9872030990136514,0.34945763966569005,1200,"{""sigma"": 1.5}",30.0,0.9999972222222222,6.843006133728917,0.20166666666666666,28260125,gaussian(1.5 px): input ideal d'=6.93 meets the floor and the processed task d'=6.26 follows it; no excess false structure or erasure.,True,28261125,
dose,120.0,100.0,1.0,30.0,0.0,20.0,,raw,none,6.931710547268338,0.9999995243637675,6.843006133728917,0.9999972222222222,6.659883642906699,0.9999972222222222,4.917184554356431,0.9997222222222222,0.09773624872120606,22.50077118791151,29.99483866785806,-2.3021415452850746e-06,6.740159664382614e-05,True,0.9745699587021573,0.20166666666666666,1.0000165732451523,green,3.403488672524557e-05,3.403488672524557e-05,0.00034037209937016664,,0.9872030990136514,0.4500053786562652,1200,{},30.0,0.9999972222222222,6.843006133728917,0.20166666666666666,28260125,raw: input ideal d'=6.93 meets the floor and the processed task d'=6.84 follows it; no excess false structure or erasure.,True,28261125,
dose,120.0,12.500000000000002,0.12500000000000003,84.85281374238569,0.0,20.0,,NLM(0.6 sd),nlm,2.450729766597878,0.9584457342995427,1.9505089388078969,0.9155784722222222,2.234222524834859,0.9452444444444444,2.033653339530225,0.9256402777777778,0.15421322426285292,25.613382461783303,20.976432130951554,-0.0428672620773205,0.01173185840003279,True,0.6334393494241469,0.9958333333333333,0.6226153909287119,red,0.004818113757845727,0.005985397715530628,0.005618124758625933,,0.9078766354108638,0.7811764403103196,1200,"{""h"": 50.911688245431414, ""patch_distance"": 6, ""patch_size"": 5}",84.85281374238569,0.9419652777777778,2.224960294800133,1.0,28260125,"NLM(0.6 sd): input ideal d'=2.45 < 5 (prespecified floor, Rose): the input does not meet the detectability requirement and post-processing cannot restore it.",False,28264125,
dose,120.0,12.500000000000002,0.12500000000000003,84.85281374238569,0.0,20.0,,TV(0.4 sd),tv,2.450729766597878,0.9584457342995427,2.225282914547747,0.9427680555555555,2.3997877129553338,0.956,1.860378114446333,0.9060618055555556,0.04984869676086998,20.803750729513748,36.47605737114674,-0.015677678743987178,0.009656550981164295,True,0.8244790324243948,1.0,0.9084190178236777,red,0.004315489868833965,0.004926547943168352,0.006311333193124968,,0.9078766354108638,1.0977570826171605,1200,"{""max_num_iter"": 200, ""weight"": 33.94112549695428}",84.85281374238569,0.9419652777777778,2.224960294800133,1.0,28260125,"TV(0.4 sd): input ideal d'=2.45 < 5 (prespecified floor, Rose): the input does not meet the detectability requirement and post-processing cannot restore it.",False,28264125,
dose,120.0,12.500000000000002,0.12500000000000003,84.85281374238569,0.0,20.0,,gaussian(1.5 px),gaussian,2.450729766597878,0.9584457342995427,1.8006931831852457,0.8983368055555555,2.398592023774868,0.9556888888888889,1.9619207009923374,0.9180402777777777,0.2040096564893828,27.481799701903594,16.91677199377632,-0.06010892874398721,0.012862916963325866,True,0.5398692474122307,1.0,0.8348316624251335,red,0.004330845679689902,0.00656247901509262,0.005897825157591053,,0.9078766354108638,0.9875345334021847,1200,"{""sigma"": 1.5}",84.85281374238569,0.9419652777777778,2.224960294800133,1.0,28260125,"gaussian(1.5 px): input ideal d'=2.45 < 5 (prespecified floor, Rose): the input does not meet the detectability requirement and post-processing cannot restore it.",False,28264125,
dose,120.0,12.500000000000002,0.12500000000000003,84.85281374238569,0.0,20.0,,raw,none,2.450729766597878,0.9584457342995427,2.224960294800133,0.9419652777777778,2.4138731769459874,0.9568111111111111,1.6697704589031839,0.8818770833333334,0.007440819139597122,13.471428848679349,84.82328140466299,-0.016480456521764886,0.00972443518573535,True,0.8242399851249506,1.0,1.0060478322528323,red,0.004275197934015037,0.004961183377853131,0.007062667121339834,,0.9078766354108638,1.2691724479682929,1200,{},84.85281374238569,0.9419652777777778,2.224960294800133,1.0,28260125,"raw: input ideal d'=2.45 < 5 (prespecified floor, Rose): the input does not meet the detectability requirement and post-processing cannot restore it.",False,28264125,
dose,120.0,200.0,2.0,21.213203435596427,0.0,20.0,,NLM(0.6 sd),nlm,9.802919066391512,0.9999999999979211,7.904098983631346,1.0,7.923313091527626,1.0,7.049557649483455,1.0,0.7537161734740128,37.38309161979305,5.410349534001665,2.0788926136106056e-12,6.944444444444445e-07,True,0.6501205685068695,0.0,0.7325264121732238,green,0.0,0.0,0.0,,0.9819842920560299,0.19542329954112744,1200,"{""h"": 12.727922061357855, ""patch_distance"": 6, ""patch_size"": 5}",21.213203435596427,1.0,9.626312539493027,0.0008333333333333334,28260125,NLM(0.6 sd): input ideal d'=9.80 meets the floor and the processed task d'=7.90 follows it; no excess false structure or erasure.,True,28260125,
dose,120.0,200.0,2.0,21.213203435596427,0.0,20.0,,TV(0.4 sd),tv,9.802919066391512,0.9999999999979211,9.478675795013599,1.0,9.07989175815743,1.0,7.408980431472702,1.0,0.5357652568773116,32.795664435334096,9.1708948835858,2.0788926136106056e-12,6.944444444444445e-07,True,0.9349416429458478,0.0,0.9179089434074855,green,0.0,0.0,0.0,,0.9819842920560299,0.27284054875658514,1200,"{""max_num_iter"": 200, ""weight"": 8.485281374238571}",21.213203435596427,1.0,9.626312539493027,0.0008333333333333334,28260125,TV(0.4 sd): input ideal d'=9.80 meets the floor and the processed task d'=9.48 follows it; no excess false structure or erasure.,True,28260125,
dose,120.0,200.0,2.0,21.213203435596427,0.0,20.0,,gaussian(1.5 px),gaussian,9.802919066391512,0.9999999999979211,8.671415651765178,1.0,9.06378968104069,1.0,7.807113372498869,1.0,0.759268525154965,39.33686297143339,4.320427307881873,2.0788926136106056e-12,6.944444444444445e-07,True,0.782472663276315,0.0,0.8278343435153568,green,0.0,0.0,0.0,,0.9819842920560299,0.24483826154669144,1200,"{""sigma"": 1.5}",21.213203435596427,1.0,9.626312539493027,0.0008333333333333334,28260125,gaussian(1.5 px): input ideal d'=9.80 meets the floor and the processed task d'=8.67 follows it; no excess false structure or erasure.,True,28260125,
dose,120.0,200.0,2.0,21.213203435596427,0.0,20.0,,raw,none,9.802919066391512,0.9999999999979211,9.626312539493027,1.0,9.12185296409993,1.0,6.8694081731222365,1.0,0.19475129689162954,25.507783883474595,21.21772437156731,2.0788926136106056e-12,6.944444444444445e-07,True,0.9642931498447822,0.0008333333333333334,1.001720383337688,green,0.0,0.0,0.0,,0.9819842920560299,0.3162490288851121,1200,{},21.213203435596427,1.0,9.626312539493027,0.0008333333333333334,28260125,raw: input ideal d'=9.80 meets the floor and the processed task d'=9.63 follows it; no excess false structure or erasure.,True,28260125,
dose,120.0,25.000000000000007,0.25000000000000006,59.999999999999986,0.0,20.0,,NLM(0.6 sd),nlm,3.4658552736341695,0.9928716529681852,2.8797350803110766,0.9821673611111111,3.2643133633358734,0.9922916666666667,2.92145223412865,0.9831625,0.2815506532624912,28.59461439031067,14.881773720002396,-0.01070429185707411,0.005366039968608911,True,0.6903736812368785,0.6683333333333333,0.6388411314975863,red,0.0017961348166190016,0.002737471487479172,0.002659505891998064,,0.9710007784520625,0.5506524605187704,1200,"{""h"": 35.99999999999999, ""patch_distance"": 6, ""patch_size"": 5}",59.999999999999986,0.9922006944444445,3.3653481687009643,1.0,28260125,"NLM(0.6 sd): input ideal d'=3.47 < 5 (prespecified floor, Rose): the input does not meet the detectability requirement and post-processing cannot restore it.",False,28263125,
dose,120.0,25.000000000000007,0.25000000000000006,59.999999999999986,0.0,20.0,,TV(0.4 sd),tv,3.4658552736341695,0.9928716529681852,3.3409638766328547,0.9919993055555556,3.4904211284370414,0.9937333333333334,2.7118111357964687,0.9728166666666667,0.10941302536111867,23.80511771788171,25.819117077379886,-0.0008723474126296482,0.0035874222326139475,True,0.9292289093771067,0.9991666666666666,0.9244158658499992,red,0.00161896660020034,0.00182999678384968,0.0033850679986461856,,0.9710007784520625,0.7711292138575618,1200,"{""max_num_iter"": 200, ""weight"": 23.999999999999996}",59.999999999999986,0.9922006944444445,3.3653481687009643,1.0,28260125,"TV(0.4 sd): input ideal d'=3.47 < 5 (prespecified floor, Rose): the input does not meet the detectability requirement and post-processing cannot restore it.",False,28263125,
dose,120.0,25.000000000000007,0.25000000000000006,59.999999999999986,0.0,20.0,,gaussian(1.5 px),gaussian,3.4658552736341695,0.9928716529681852,2.4512959274560964,0.9590020833333334,3.484002618994433,0.9936444444444444,2.837642880039068,0.9781159722222222,0.33581550386685705,30.480535695750284,11.97810213347959,-0.03386956963485188,0.008162832848076063,True,0.5002310439373604,0.9833333333333333,0.847104041336416,red,0.001630440767013026,0.004164432850814365,0.0030346868975914573,,0.9710007784520625,0.6938460199994981,1200,"{""sigma"": 1.5}",59.999999999999986,0.9922006944444445,3.3653481687009643,1.0,28260125,"gaussian(1.5 px): input ideal d'=3.47 < 5 (prespecified floor, Rose): the input does not meet the detectability requirement and post-processing cannot restore it.",False,28263125,
dose,120.0,25.000000000000007,0.25000000000000006,59.999999999999986,0.0,20.0,,raw,none,3.4658552736341695,0.9928716529681852,3.3653481687009643,0.9922006944444445,3.5013656628670304,0.993825,2.465727241464897,0.9600284722222222,0.01872934224649171,16.479896701000914,59.99167975249171,-0.0006709585237407723,0.0035418370014033734,True,0.9428425117545113,1.0,1.0227097191943622,red,0.001607048982603861,0.0018067385854490235,0.004111529398216601,,0.9710007784520625,0.8931900562096458,1200,{},59.999999999999986,0.9922006944444445,3.3653481687009643,1.0,28260125,"raw: input ideal d'=3.47 < 5 (prespecified floor, Rose): the input does not meet the detectability requirement and post-processing cannot restore it.",False,28263125,
dose,120.0,3.125,0.03125,169.7056274847714,0.0,20.0,,NLM(0.6 sd),nlm,1.225364883298939,0.8068820701518937,0.8935485397700708,0.7305875,1.130140055914891,0.7876055555555556,1.013207331690387,0.7625416666666667,0.0321578390801829,19.622075373922755,41.81014782605476,-0.07629457015189378,0.01999870456961639,True,0.531747477872444,1.0,0.6111796245219511,red,0.009267454125570253,0.01020325387757821,0.009710019914703475,,0.73396454569715,1.5809022725860442,1200,"{""h"": 101.82337649086284, ""patch_distance"": 6, ""patch_size"": 5}",169.7056274847714,0.7364743055555556,0.8993743798837469,1.0,28260125,"NLM(0.6 sd): input ideal d'=1.23 < 5 (prespecified floor, Rose): the input does not meet the detectability requirement and post-processing cannot restore it.",False,28266125,
dose,120.0,3.125,0.03125,169.7056274847714,0.0,20.0,,TV(0.4 sd),tv,1.225364883298939,0.8068820701518937,0.9403524451041099,0.7477770833333334,1.184180463293175,0.7999944444444445,0.8611447451474907,0.7291319444444444,0.008152722723571811,14.781153631431188,72.96807063321076,-0.05910498681856036,0.01949730508929123,True,0.5889120708815124,1.0,0.896733465934991,red,0.009029212330967176,0.009947433115421284,0.01022392754340747,,0.73396454569715,2.2033899152515715,1200,"{""max_num_iter"": 200, ""weight"": 67.88225099390857}",169.7056274847714,0.7364743055555556,0.8993743798837469,1.0,28260125,"TV(0.4 sd): input ideal d'=1.23 < 5 (prespecified floor, Rose): the input does not meet the detectability requirement and post-processing cannot restore it.",False,28266125,
dose,120.0,3.125,0.03125,169.7056274847714,0.0,20.0,,gaussian(1.5 px),gaussian,1.225364883298939,0.8068820701518937,0.6191676351129242,0.6671576388888889,1.1796494524781433,0.7988055555555555,0.9493950897195079,0.7492340277777778,0.05174336958138109,21.472202534886673,33.789822277754915,-0.13972443126300482,0.021499377912126496,True,0.25532046917055845,1.0,0.8236910537201129,red,0.009052659819597826,0.010968917611374966,0.00992474432848722,,0.73396454569715,1.9815611107593718,1200,"{""sigma"": 1.5}",169.7056274847714,0.7364743055555556,0.8993743798837469,1.0,28260125,"gaussian(1.5 px): input ideal d'=1.23 < 5 (prespecified floor, Rose): the input does not meet the detectability requirement and post-processing cannot restore it.",False,28266125,
dose,120.0,3.125,0.03125,169.7056274847714,0.0,20.0,,raw,none,1.225364883298939,0.8068820701518937,0.8993743798837469,0.7364743055555556,1.1864778263522564,0.8006916666666667,0.7193397477316924,0.6937972222222222,0.0010500835218028263,7.449991043385031,169.66244770950763,-0.07040776459633813,0.019831771208003945,True,0.5387039543404237,1.0,0.9928447006554557,red,0.009015402798978356,0.01011808223007387,0.010680317220626451,,0.73396454569715,2.546993091295354,1200,{},169.7056274847714,0.7364743055555556,0.8993743798837469,1.0,28260125,"raw: input ideal d'=1.23 < 5 (prespecified floor, Rose): the input does not meet the detectability requirement and post-processing cannot restore it.",False,28266125,
dose,120.0,49.99999999999999,0.49999999999999994,42.42640687119285,0.0,20.0,,NLM(0.6 sd),nlm,4.901459533195756,0.9997357261459661,4.181808958495961,0.9987201388888889,4.37816915801767,0.9991444444444444,4.05175469028868,0.9986125,0.4441894764839098,31.553274953709842,10.586352893213197,-0.0010155872570771773,0.0014330197484832023,True,0.727909746440647,0.07166666666666667,0.6445680302990384,red,0.0005974357137547865,0.0007307916448142706,0.0007609218160004017,,1.0071994798210082,0.39149477668126736,1200,"{""h"": 25.45584412271571, ""patch_distance"": 6, ""patch_size"": 5}",42.42640687119285,0.9997923611111111,4.936747492198487,0.9641666666666666,28260125,"NLM(0.6 sd): input ideal d'=4.90 < 5 (prespecified floor, Rose): the input does not meet the detectability requirement and post-processing cannot restore it.",False,28262125,
dose,120.0,49.99999999999999,0.49999999999999994,42.42640687119285,0.0,20.0,,TV(0.4 sd),tv,4.901459533195756,0.9997357261459661,4.919822022016818,0.9997458333333333,4.826962744030544,0.99965,3.812784357451694,0.9961243055555555,0.21331770910778378,26.810656064595655,18.266549336786746,1.0107187367269788e-05,0.000638825750518171,True,1.0075066965972879,0.7025,0.9107909194248627,red,0.0003820735645094191,0.0003255831796437205,0.0012724952840585785,,1.0071994798210082,0.5480723709969235,1200,"{""max_num_iter"": 200, ""weight"": 16.970562748477143}",42.42640687119285,0.9997923611111111,4.936747492198487,0.9641666666666666,28260125,"TV(0.4 sd): input ideal d'=4.90 < 5 (prespecified floor, Rose): the input does not meet the detectability requirement and post-processing cannot restore it.",False,28262125,
dose,120.0,49.99999999999999,0.49999999999999994,42.42640687119285,0.0,20.0,,gaussian(1.5 px),gaussian,4.901459533195756,0.9997357261459661,4.437561232925614,0.9993604166666666,4.825549582370128,0.9996527777777777,4.000952957093815,0.9973347222222222,0.4861543371277129,33.46260319420102,8.497145726209204,-0.0003753094792994238,0.0010130677186918782,True,0.8196678006124755,0.4125,0.8311317902623893,red,0.0003805541177807563,0.000516526467951914,0.0010549417761556816,,1.0071994798210082,0.4920376121741369,1200,"{""sigma"": 1.5}",42.42640687119285,0.9997923611111111,4.936747492198487,0.9641666666666666,28260125,"gaussian(1.5 px): input ideal d'=4.90 < 5 (prespecified floor, Rose): the input does not meet the detectability requirement and post-processing cannot restore it.",False,28262125,
dose,120.0,49.99999999999999,0.49999999999999994,42.42640687119285,0.0,20.0,,raw,none,4.901459533195756,0.9997357261459661,4.936747492198487,0.9997923611111111,4.843136133140474,0.9997,3.4621676408856152,0.9926847222222223,0.044406293345941886,19.491116923938296,42.416210745935935,5.663496514507482e-05,0.0005774610329918217,True,1.0144507921517096,0.9641666666666666,1.0051073573591442,red,0.00035372700830329124,0.0002942740749813969,0.0017495908989952475,,1.0071994798210082,0.6336075736092234,1200,{},42.42640687119285,0.9997923611111111,4.936747492198487,0.9641666666666666,28260125,"raw: input ideal d'=4.90 < 5 (prespecified floor, Rose): the input does not meet the detectability requirement and post-processing cannot restore it.",False,28262125,
dose,120.0,6.25,0.0625,120.0,0.0,20.0,,NLM(0.6 sd),nlm,1.7329276368170845,0.8897811140599974,1.2547250917070063,0.8124361111111111,1.4710367809156986,0.8528472222222222,1.4272001698114323,0.8460513888888889,0.07382027747463449,22.607818993300086,29.647020422314302,-0.07734500294888624,0.017201584116842885,True,0.5242474300432278,1.0,0.5963606687432488,red,0.007847900778449468,0.008776125381933987,0.008016341675848847,,0.7960872748729229,1.1106548038127673,1200,"{""h"": 72.0, ""patch_distance"": 6, ""patch_size"": 5}",120.0,0.8357215277777778,1.379561639945687,1.0,28260125,"NLM(0.6 sd): input ideal d'=1.73 < 5 (prespecified floor, Rose): the input does not meet the detectability requirement and post-processing cannot restore it.",False,28265125,
dose,120.0,6.25,0.0625,120.0,0.0,20.0,,TV(0.4 sd),tv,1.7329276368170845,0.8897811140599974,1.38608601119137,0.8365638888888889,1.5537255739236697,0.8648277777777778,1.2137964193167372,0.8048708333333333,0.02062099227879312,17.787381890780633,51.62009018237809,-0.053217225171108495,0.016156188503750116,True,0.6397635681006802,1.0,0.869467314838865,red,0.0075373691328213385,0.008242750472324057,0.008931709324565483,,0.7960872748729229,1.55643058833356,1200,"{""max_num_iter"": 200, ""weight"": 48.0}",120.0,0.8357215277777778,1.379561639945687,1.0,28260125,"TV(0.4 sd): input ideal d'=1.73 < 5 (prespecified floor, Rose): the input does not meet the detectability requirement and post-processing cannot restore it.",False,28265125,
dose,120.0,6.25,0.0625,120.0,0.0,20.0,,gaussian(1.5 px),gaussian,1.7329276368170845,0.8897811140599974,1.1039508122137514,0.7850826388888889,1.553835310837311,0.8652944444444445,1.3298264321625524,0.8276388888888889,0.10899701059976664,24.47899627124011,23.902175030765367,-0.10469847517110853,0.018256480138123133,True,0.40582480703774715,1.0,0.8014017383947322,red,0.0075249057075452,0.009314347527647445,0.008446901378986805,,0.7960872748729229,1.3974199176083035,1200,"{""sigma"": 1.5}",120.0,0.8357215277777778,1.379561639945687,1.0,28260125,"gaussian(1.5 px): input ideal d'=1.73 < 5 (prespecified floor, Rose): the input does not meet the detectability requirement and post-processing cannot restore it.",False,28265125,
dose,120.0,6.25,0.0625,120.0,0.0,20.0,,raw,none,1.7329276368170845,0.8897811140599974,1.379561639945687,0.8357215277777778,1.5571129142138542,0.8658472222222222,1.044197025666283,0.7690555555555556,0.002815450694155613,10.457588255465572,120.00670223466076,-0.05405958628221963,0.01619465631753408,True,0.6337549492145966,1.0,0.9649234365497544,red,0.007510105612434206,0.008262377268575108,0.009599893807966118,,0.7960872748729229,1.7972320117473328,1200,{},120.0,0.8357215277777778,1.379561639945687,1.0,28260125,"raw: input ideal d'=1.73 < 5 (prespecified floor, Rose): the input does not meet the detectability requirement and post-processing cannot restore it.",False,28265125,
signal,120.0,25.0,,60.0,,10.0,1.5,NLM(0.6 sd),nlm,0.8426561840065284,0.7243615801373218,0.4756443673401036,0.6312444444444445,0.7345524195415658,0.7024861111111111,0.6528752772963597,0.6754416666666667,0.27460936493700433,28.6437228149527,14.797983142995777,-0.09311713569287727,0.02212135381591676,True,0.3186132933228451,1.0,0.3869206061303212,red,0.010576035915423627,0.011286258087371633,0.010884127616974059,0.5,0.6747086363972865,1.768893340492821,1200,"{""h"": 36.0, ""patch_distance"": 6, ""patch_size"": 5}",60.0,0.6591666666666667,0.5685474048627858,1.0,28260125,"NLM(0.6 sd): input ideal d'=0.84 < 5 (prespecified floor, Rose): the input does not meet the detectability requirement and post-processing cannot restore it.",False,28263125,
signal,120.0,25.0,,60.0,,20.0,1.5,NLM(0.6 sd),nlm,1.6853123680130568,0.8833097279993577,1.1986133111943043,0.8019041666666666,1.4038402345444134,0.8482888888888889,1.302201724693535,0.8241972222222222,0.2735153997524237,28.61038435868699,14.855422869803176,-0.08140556133269106,0.017623286198758244,True,0.5058216069613524,1.0,0.360864926137134,red,0.00796147548413022,0.008991283458940345,0.008523432204336549,1.0,0.8636225811482636,0.8837193482124955,1200,"{""h"": 36.0, ""patch_distance"": 6, ""patch_size"": 5}",60.0,0.8478416666666667,1.4554738173045285,1.0,28260125,"NLM(0.6 sd): input ideal d'=1.69 < 5 (prespecified floor, Rose): the input does not meet the detectability requirement and post-processing cannot restore it.",False,28263225,
signal,120.0,25.0,,60.0,,10.0,3.0,NLM(0.6 sd),nlm,1.7329276368170845,0.8897811140599974,1.33469489509469,0.8249965277777778,1.609959230975252,0.8773527777777778,1.4572661005588543,0.8515159722222222,0.278006608996541,28.645465089897954,14.794876048758054,-0.06478458628221961,0.016671687503668157,True,0.5932027325817553,1.0,0.6126403310998557,red,0.007192655093441837,0.008505764999113442,0.00788132255224508,0.5,0.834207129211213,1.1178667178948865,1200,"{""h"": 36.0, ""patch_distance"": 6, ""patch_size"": 5}",60.0,0.8493180555555555,1.4456205890399516,1.0,28260125,"NLM(0.6 sd): input ideal d'=1.73 < 5 (prespecified floor, Rose): the input does not meet the detectability requirement and post-processing cannot restore it.",False,28266125,
signal,120.0,25.0,,60.0,,20.0,3.0,NLM(0.6 sd),nlm,3.465855273634169,0.9928716529681852,2.802390792646422,0.9768333333333333,3.0632732208207263,0.9851166666666666,2.889515068988091,0.9808659722222223,0.2815997770196619,28.599395441111252,14.873284142534581,-0.016038319634851916,0.006121696850331476,True,0.653787401808446,0.6816666666666666,0.6355309496066526,red,0.002499489773951979,0.003123017797351746,0.0028362651937538026,1.0,0.9419051811570992,0.5568024232165288,1200,"{""h"": 36.0, ""patch_distance"": 6, ""patch_size"": 5}",60.0,0.98879375,3.2645070393766797,1.0,28260125,"NLM(0.6 sd): input ideal d'=3.47 < 5 (prespecified floor, Rose): the input does not meet the detectability requirement and post-processing cannot restore it.",False,28266225,
signal,120.0,25.0,,60.0,,10.0,5.0,NLM(0.6 sd),nlm,2.911006412451428,0.9802237584170569,2.461132112466018,0.9572506944444444,2.6056452803452017,0.9658777777777777,2.0886413834042643,0.9302861111111111,0.2830981759471369,28.602373743232615,14.86923084090488,-0.02297306397261245,0.008336820360018236,True,0.7147983311629976,0.9208333333333333,0.7556242692295834,red,0.0037962122166561104,0.004253203620744101,0.00543958076211826,0.5,0.9007330592593884,0.6894603828296265,1200,"{""h"": 36.0, ""patch_distance"": 6, ""patch_size"": 5}",60.0,0.9675909722222222,2.622039711411072,1.0,28260125,"NLM(0.6 sd): input ideal d'=2.91 < 5 (prespecified floor, Rose): the input does not meet the detectability requirement and post-processing cannot restore it.",False,28269125,
signal,120.0,25.0,,60.0,,20.0,5.0,NLM(0.6 sd),nlm,5.822012824902856,0.9999807902708996,5.087466143213236,0.9998548611111111,5.2772350661817,0.9998916666666666,4.338837202471525,0.9991020833333333,0.29366212576415224,28.563726071490375,14.934162721057577,-0.00012592915978848485,0.00048289855664938685,True,0.7635838748619335,0.0325,0.76410203260682,amber,0.0002125533756036305,0.0002460270270313674,0.0006120538062400259,1.0,0.962345337190997,0.3462880334893032,1200,"{""h"": 36.0, ""patch_distance"": 6, ""patch_size"": 5}",60.0,0.9999569444444445,5.602786895111448,0.3925,28260125,NLM(0.6 sd): input ideal d'=5.82 is within 1.2x of the floor (5): marginal — small dose changes cross it.,False,28269225,
signal,120.0,25.0,,60.0,,10.0,1.5,TV(0.4 sd),tv,0.8426561840065284,0.7243615801373218,0.5800706687457222,0.6594784722222222,0.8620089530363743,0.7299638888888889,0.7355282137295521,0.6971986111111111,0.1024523141508654,23.810606654069453,25.80282762420075,-0.06488310791509955,0.02164573106221765,True,0.47387193375483394,1.0,0.8762278407372899,red,0.010212129827816696,0.011043588958014786,0.010640099588320526,0.5,0.6747086363972865,3.246123398031515,1200,"{""max_num_iter"": 200, ""weight"": 24.0}",60.0,0.6591666666666667,0.5685474048627858,1.0,28260125,"TV(0.4 sd): input ideal d'=0.84 < 5 (prespecified floor, Rose): the input does not meet the detectability requirement and post-processing cannot restore it.",False,28263125,
signal,120.0,25.0,,60.0,,20.0,1.5,TV(0.4 sd),tv,1.6853123680130568,0.8833097279993577,1.4759655759585666,0.8519805555555555,1.623934995063396,0.8755361111111111,1.4114489686555411,0.8409979166666667,0.10344310068147655,23.801810855759648,25.828381670896356,-0.03132917244380218,0.015424989301926324,True,0.7669934252413626,1.0,0.8239992083892519,red,0.007244006785923951,0.007869682799860993,0.008138174207320466,1.0,0.8636225811482636,1.6205693825293075,1200,"{""max_num_iter"": 200, ""weight"": 24.0}",60.0,0.8478416666666667,1.4554738173045285,1.0,28260125,"TV(0.4 sd): input ideal d'=1.69 < 5 (prespecified floor, Rose): the input does not meet the detectability requirement and post-processing cannot restore it.",False,28263225,
signal,120.0,25.0,,60.0,,10.0,3.0,TV(0.4 sd),tv,1.7329276368170845,0.8897811140599974,1.4825585305228093,0.8550048611111111,1.6908393690147314,0.8866138888888889,1.2926236453946574,0.8193340277777778,0.10445226655950644,23.81125950495459,25.800463864546114,-0.03477625294888631,0.015275247636709847,True,0.7319186950376342,1.0,0.8987501359361697,red,0.0069232478216802095,0.00779328258720524,0.008629554377479861,0.5,0.834207129211213,1.558031950152774,1200,"{""max_num_iter"": 200, ""weight"": 24.0}",60.0,0.8493180555555555,1.4456205890399516,1.0,28260125,"TV(0.4 sd): input ideal d'=1.73 < 5 (prespecified floor, Rose): the input does not meet the detectability requirement and post-processing cannot restore it.",False,28266125,
signal,120.0,25.0,,60.0,,20.0,3.0,TV(0.4 sd),tv,3.465855273634169,0.9928716529681852,3.2760491211882603,0.9888034722222222,3.3216487356694855,0.9892777777777778,2.696218157523729,0.9700201388888889,0.10939861935707389,23.805544252060443,25.817172304369333,-0.004068180745963046,0.004246607663719231,True,0.8934699751982225,0.9991666666666666,0.9208270030304233,red,0.002119732304483885,0.002166322061408275,0.0035563700434059634,1.0,0.9419051811570992,0.7802261789908239,1200,"{""max_num_iter"": 200, ""weight"": 24.0}",60.0,0.98879375,3.2645070393766797,1.0,28260125,"TV(0.4 sd): input ideal d'=3.47 < 5 (prespecified floor, Rose): the input does not meet the detectability requirement and post-processing cannot restore it.",False,28266225,
signal,120.0,25.0,,60.0,,10.0,5.0,TV(0.4 sd),tv,2.911006412451428,0.9802237584170569,2.634797411691012,0.9677131944444445,2.7281501553345686,0.9709083333333334,1.5869130679540342,0.8673423611111111,0.10773125597244916,23.791997477311266,25.857876939486896,-0.01251056397261241,0.00723654098850923,True,0.8192343091121708,1.0,0.942159321655708,red,0.0035028518009789485,0.0036918262790236046,0.007469873002599776,0.5,0.9007330592593884,0.8629114279167736,1200,"{""max_num_iter"": 200, ""weight"": 24.0}",60.0,0.9675909722222222,2.622039711411072,1.0,28260125,"TV(0.4 sd): input ideal d'=2.91 < 5 (prespecified floor, Rose): the input does not meet the detectability requirement and post-processing cannot restore it.",False,28269125,
signal,120.0,25.0,,60.0,,20.0,5.0,TV(0.4 sd),tv,5.822012824902856,0.9999807902708996,5.590932856634552,0.9999555555555556,5.597651806528699,0.9999388888888889,3.366086461823883,0.9911611111111112,0.11839263952131965,23.803772655139838,25.822471186972187,-2.5234715343991354e-05,0.0002675258178154843,True,0.9221938844222484,0.20166666666666666,0.9401476139515527,amber,0.00015964008436359771,0.0001361409574235913,0.0019238191616246314,1.0,0.962345337190997,0.4342015820907291,1200,"{""max_num_iter"": 200, ""weight"": 24.0}",60.0,0.9999569444444445,5.602786895111448,0.3925,28260125,TV(0.4 sd): input ideal d'=5.82 is within 1.2x of the floor (5): marginal — small dose changes cross it.,False,28269225,
signal,120.0,25.0,,60.0,,10.0,1.5,gaussian(1.5 px),gaussian,0.8426561840065284,0.7243615801373218,0.24012389463471157,0.5717006944444445,0.8588621997687019,0.728475,0.7613507548889353,0.7032173611111111,0.3240642327653424,30.503593240294165,11.946386043698649,-0.15266088569287728,0.0228127657922078,True,0.08120259958468518,1.0,0.7212778996957888,red,0.010233208544176094,0.011639025781954191,0.010567027205506651,0.5,0.6747086363972865,2.6766850501728223,1200,"{""sigma"": 1.5}",60.0,0.6591666666666667,0.5685474048627858,1.0,28260125,"gaussian(1.5 px): input ideal d'=0.84 < 5 (prespecified floor, Rose): the input does not meet the detectability requirement and post-processing cannot restore it.",False,28263125,
signal,120.0,25.0,,60.0,,20.0,1.5,gaussian(1.5 px),gaussian,1.6853123680130568,0.8833097279993577,0.8537413829000328,0.7299597222222223,1.6367404879300853,0.8774166666666666,1.4317912144366227,0.8446597222222222,0.3242414520039447,30.481829578623827,11.976089827108508,-0.15335000577713542,0.02001621716349097,True,0.25662079764829515,1.0,0.667296879182162,red,0.00719084047574893,0.010212189038638677,0.008050179006943521,1.0,0.8636225811482636,1.3337352576937587,1200,"{""sigma"": 1.5}",60.0,0.8478416666666667,1.4554738173045285,1.0,28260125,"gaussian(1.5 px): input ideal d'=1.69 < 5 (prespecified floor, Rose): the input does not meet the detectability requirement and post-processing cannot restore it.",False,28263225,
signal,120.0,25.0,,60.0,,10.0,3.0,gaussian(1.5 px),gaussian,1.7329276368170845,0.8897811140599974,1.131168118161883,0.7868951388888888,1.6852670973969,0.8860861111111111,1.387910428607072,0.8376486111111111,0.32820022526847215,30.49966533541234,11.951224781194474,-0.10288597517110853,0.018190558168727215,True,0.4260822635932566,1.0,0.8248293167585469,red,0.006938955318006579,0.009280713251754672,0.008217364493208593,0.5,0.834207129211213,1.4011752982429069,1200,"{""sigma"": 1.5}",60.0,0.8493180555555555,1.4456205890399516,1.0,28260125,"gaussian(1.5 px): input ideal d'=1.73 < 5 (prespecified floor, Rose): the input does not meet the detectability requirement and post-processing cannot restore it.",False,28266125,
signal,120.0,25.0,,60.0,,20.0,3.0,gaussian(1.5 px),gaussian,3.465855273634169,0.9928716529681852,2.8415160128107027,0.9772881944444445,3.313822575946279,0.98885,2.8281953106337974,0.9749493055555556,0.3357110409237611,30.4686050906684,11.994717800409315,-0.015583458523740767,0.006060854800056878,True,0.6721703761541188,0.9875,0.842133609616702,red,0.0021617954576439447,0.0030919753645547595,0.0032485070129127792,1.0,0.9419051811570992,0.7015739929038431,1200,"{""sigma"": 1.5}",60.0,0.98879375,3.2645070393766797,1.0,28260125,"gaussian(1.5 px): input ideal d'=3.47 < 5 (prespecified floor, Rose): the input does not meet the detectability requirement and post-processing cannot restore it.",False,28266225,
signal,120.0,25.0,,60.0,,10.0,5.0,gaussian(1.5 px),gaussian,2.911006412451428,0.9802237584170569,2.3537120851196844,0.9495805555555555,2.726912039734334,0.9706972222222222,1.8045661488016371,0.8986138888888889,0.3378815366177013,30.48228618057352,11.975260192929737,-0.03064320286150135,0.00905977818246123,True,0.6537630186174449,0.9916666666666667,0.8972204883928486,red,0.0035156445442000254,0.0046220664305434605,0.0065536638367481295,0.5,0.9007330592593884,0.7954724562010628,1200,"{""sigma"": 1.5}",60.0,0.9675909722222222,2.622039711411072,1.0,28260125,"gaussian(1.5 px): input ideal d'=2.91 < 5 (prespecified floor, Rose): the input does not meet the detectability requirement and post-processing cannot restore it.",False,28269125,
signal,120.0,25.0,,60.0,,20.0,5.0,gaussian(1.5 px),gaussian,5.822012824902856,0.9999807902708996,5.35335294028861,0.9998958333333333,5.600111803610021,0.9999388888888889,3.806821792611551,0.99623125,0.35551313859446104,30.473773102052753,11.986484003554652,-8.495693756627176e-05,0.00040920095122606046,True,0.8454840871286058,0.1075,0.8953537995139513,amber,0.00015964008436359771,0.0002084255170012629,0.0012547846816307845,1.0,0.962345337190997,0.39944968498891514,1200,"{""sigma"": 1.5}",60.0,0.9999569444444445,5.602786895111448,0.3925,28260125,gaussian(1.5 px): input ideal d'=5.82 is within 1.2x of the floor (5): marginal — small dose changes cross it.,False,28269225,
signal,120.0,25.0,,60.0,,10.0,1.5,raw,none,0.8426561840065284,0.7243615801373218,0.5685474048627858,0.6591666666666667,0.8568752244179649,0.728025,0.6583810254201212,0.6783118055555556,0.016859758046431368,16.479896701000914,59.99167975249171,-0.06519491347065509,0.02165151828960354,True,0.4552317440290858,1.0,1.052590576731583,red,0.010239548103893997,0.011046541679305352,0.01085371572664633,0.5,0.6747086363972865,4.000741042425233,1200,{},60.0,0.6591666666666667,0.5685474048627858,1.0,28260125,"raw: input ideal d'=0.84 < 5 (prespecified floor, Rose): the input does not meet the detectability requirement and post-processing cannot restore it.",False,28263125,
signal,120.0,25.0,,60.0,,20.0,1.5,raw,none,1.6853123680130568,0.8833097279993577,1.4554738173045285,0.8478416666666667,1.6447158984919343,0.8784861111111111,1.3699005864713552,0.8332763888888889,0.01729654698817892,16.47804384790592,60.0045951188466,-0.03546806133269098,0.015626483569251216,True,0.7458439626691892,1.0,1.0153767836402705,red,0.007160377082829946,0.007972487886543325,0.008318920460455273,1.0,0.8636225811482636,1.9998983396705596,1200,{},60.0,0.8478416666666667,1.4554738173045285,1.0,28260125,"raw: input ideal d'=1.69 < 5 (prespecified floor, Rose): the input does not meet the detectability requirement and post-processing cannot restore it.",False,28263225,
signal,120.0,25.0,,60.0,,10.0,3.0,raw,none,1.7329276368170845,0.8897811140599974,1.4456205890399516,0.8493180555555555,1.6929884624776954,0.8867805555555556,1.1207121799157362,0.7843736111111111,0.01722413382722794,16.48089091286065,59.98473364711441,-0.04046305850444187,0.015555057598567738,True,0.6959015344268134,1.0,0.994940439974298,red,0.006918278379146606,0.00793604539512671,0.009327429298912634,0.5,0.834207129211213,1.8009960854396927,1200,{},60.0,0.8493180555555555,1.4456205890399516,1.0,28260125,"raw: input ideal d'=1.73 < 5 (prespecified floor, Rose): the input does not meet the detectability requirement and post-processing cannot restore it.",False,28266125,
signal,120.0,25.0,,60.0,,20.0,3.0,raw,none,3.465855273634169,0.9928716529681852,3.2645070393766797,0.98879375,3.3238702284173978,0.9890222222222222,2.4315230797792315,0.9559756944444444,0.01873449716805997,16.482244248063495,59.9754014398111,-0.004077902968185221,0.004248459208493077,True,0.8871853702905879,1.0,1.0174578595681336,red,0.0021449585245682163,0.00216726674446799,0.004316691492835322,1.0,0.9419051811570992,0.8995413048012881,1200,{},60.0,0.98879375,3.2645070393766797,1.0,28260125,"raw: input ideal d'=3.47 < 5 (prespecified floor, Rose): the input does not meet the detectability requirement and post-processing cannot restore it.",False,28266225,
signal,120.0,25.0,,60.0,,10.0,5.0,raw,none,2.911006412451428,0.9802237584170569,2.622039711411072,0.9675909722222222,2.725244249005285,0.9706472222222222,1.3463900778925493,0.8274520833333333,0.017900570654174233,16.473146341676237,60.038281411279314,-0.012632786194834655,0.007250340921144884,True,0.8113200440427769,1.0,1.0011396954819047,red,0.0035186677385348366,0.0036988671903589693,0.008451086114506134,0.5,0.9007330592593884,0.9701362473557393,1200,{},60.0,0.9675909722222222,2.622039711411072,1.0,28260125,"raw: input ideal d'=2.91 < 5 (prespecified floor, Rose): the input does not meet the detectability requirement and post-processing cannot restore it.",False,28269125,
signal,120.0,25.0,,60.0,,20.0,5.0,raw,none,5.822012824902856,0.9999807902708996,5.602786895111448,0.9999569444444445,5.600306874750766,0.9999361111111111,2.9051019666275955,0.9802284722222222,0.020788773735765716,16.480343389660653,59.9885480195191,-2.3845826455093366e-05,0.00026332339564005136,True,0.9261085480132537,0.3925,0.9958760793771636,amber,0.0001632280626452522,0.00013399682507800683,0.0028834517119173367,1.0,0.962345337190997,0.48817827536835495,1200,{},60.0,0.9999569444444445,5.602786895111448,0.3925,28260125,raw: input ideal d'=5.82 is within 1.2x of the floor (5): marginal — small dose changes cross it.,False,28269225,
texture,120.0,25.0,,60.0,0.0,,,NLM(0.6 sd),nlm,3.465855273634169,0.9928716529681852,2.907610304773096,0.9808118055555556,3.130968816585993,0.9895666666666667,2.939300099794252,0.9849972222222222,0.2817799535320488,28.592696790889544,14.886073678894924,-0.012059847412629665,0.005567588596314296,True,0.7038037095284683,0.6858333333333333,0.6289904531279538,red,0.0020908552073285675,0.002840304309559156,0.0025095572296491286,,0.9885728816852379,0.5536572221873969,1200,"{""h"": 36.0, ""patch_distance"": 6, ""patch_size"": 5}",60.0,0.9926416666666666,3.4262505353605093,1.0,28260125,"NLM(0.6 sd): input ideal d'=3.47 < 5 (prespecified floor, Rose): the input does not meet the detectability requirement and post-processing cannot restore it.",False,28262125,0.0
texture,120.0,25.0,,60.0,0.25,,,NLM(0.6 sd),nlm,3.7547370518688785,0.9960345799373341,2.7328004727098776,0.9728041666666667,3.12254278212013,0.9899777777777777,2.9045226246825737,0.98163125,0.6057026095866197,36.97579702900279,5.686159132791103,-0.023230413270667438,0.006636843485559125,True,0.5297327112283169,0.38333333333333336,0.5649968777990574,red,0.0020490705781974904,0.0033858525429343485,0.0027785861617866912,,0.9532942409738885,0.4832463936039613,1200,"{""h"": 36.0, ""patch_distance"": 6, ""patch_size"": 5}",33.50001999239478,0.9943513888888889,3.5793692079178783,1.0,28260125,"NLM(0.6 sd): input ideal d'=3.75 < 5 (prespecified floor, Rose): the input does not meet the detectability requirement and post-processing cannot restore it.",False,28264125,6.0
texture,120.0,25.0,,60.0,0.5,,,NLM(0.6 sd),nlm,6.154588910664027,0.9999932534459398,2.5274127764716496,0.9643666666666667,3.339378520782631,0.9915611111111111,3.029902865146368,0.9849555555555556,0.643688838264542,38.14314351104624,4.974999157897593,-0.035626586779273106,0.007605521998523888,True,0.16863753801436324,0.26166666666666666,0.5035791547621291,amber,0.0018796220049491666,0.003880085355682734,0.0025130598309256514,,0.9473420673905801,0.4465391825932401,1200,"{""h"": 36.0, ""patch_distance"": 6, ""patch_size"": 5}",17.95755117152193,0.9999993055555556,5.830500982567598,0.9991666666666666,28260125,NLM(0.6 sd): task d' fell 57% against the unprocessed input (5.83 -> 2.53) while fidelity improved: fidelity-task discordance.,True,28266125,6.0
texture,120.0,25.0,,60.0,1.0,,,NLM(0.6 sd),nlm,9.97053385555633,0.9999999999991069,1.923101530442474,0.9131680555555556,3.7459597578492208,0.9963416666666667,3.428946953546743,0.9920868055555555,0.6738515615714668,39.05562011559197,4.480298694619827,-0.08683194444355136,0.011897282030330828,True,0.037202112519416554,0.11166666666666666,0.49257299898751766,red,0.001236234714913512,0.0060697990778020156,0.0018199275458910787,,0.9596065452564159,0.4034505971194507,1200,"{""h"": 36.0, ""patch_distance"": 6, ""patch_size"": 5}",10.3739926928523,1.0,9.567789547492541,0.9216666666666666,28260125,NLM(0.6 sd): only 49% of the true lesion contrast survives: erasure.,True,28268125,6.0
texture,120.0,25.0,,60.0,0.0,,,TV(0.4 sd),tv,3.465855273634169,0.9928716529681852,3.436428249450755,0.9928666666666667,3.403649550676649,0.9930111111111111,2.688105364592254,0.9713125,0.10937075881526048,23.806130014662063,25.815655924145975,-4.986301518572489e-06,0.003386780302455269,True,0.9830909856116418,0.9991666666666666,0.910436352473558,red,0.0017099907635612962,0.0017276265710593857,0.003478232021322969,,0.9885728816852379,0.7750913806481805,1200,"{""max_num_iter"": 200, ""weight"": 24.0}",60.0,0.9926416666666666,3.4262505353605093,1.0,28260125,"TV(0.4 sd): input ideal d'=3.47 < 5 (prespecified floor, Rose): the input does not meet the detectability requirement and post-processing cannot restore it.",False,28262125,0.0
texture,120.0,25.0,,60.0,0.25,,,TV(0.4 sd),tv,3.7547370518688785,0.9960345799373341,3.304086173280039,0.9908618055555556,3.3614281107419464,0.9927694444444445,2.889601919828151,0.9804430555555556,0.35588399944816973,30.711817432636558,11.667959351092815,-0.005172774381778544,0.0038348665662612433,True,0.7743613610354315,0.9641666666666666,0.8135954427293489,red,0.0017393973286478912,0.0019562462127162843,0.0028676534609849104,,0.9532942409738885,0.6641646482212835,1200,"{""max_num_iter"": 200, ""weight"": 24.0}",33.50001999239478,0.9943513888888889,3.5793692079178783,1.0,28260125,"TV(0.4 sd): input ideal d'=3.75 < 5 (prespecified floor, Rose): the input does not meet the detectability requirement and post-processing cannot restore it.",False,28264125,6.0
texture,120.0,25.0,,60.0,0.5,,,TV(0.4 sd),tv,6.154588910664027,0.9999932534459398,3.467194294696206,0.9966791666666667,3.422816562532215,0.9943055555555556,2.956049871204397,0.9842986111111112,0.4689634327576679,33.74696146995373,8.429188548329615,-0.00331408677927314,0.002309016655063093,True,0.31736443657607716,0.7516666666666667,0.776350018691493,amber,0.0015430824197930977,0.0011777370547756997,0.0025676650814552677,,0.9473420673905801,0.5954225046037119,1200,"{""max_num_iter"": 200, ""weight"": 24.0}",17.95755117152193,0.9999993055555556,5.830500982567598,0.9991666666666666,28260125,TV(0.4 sd): task d' fell 41% against the unprocessed input (5.83 -> 3.47) while fidelity improved: fidelity-task discordance.,True,28266125,6.0
texture,120.0,25.0,,60.0,1.0,,,TV(0.4 sd),tv,9.97053385555633,0.9999999999991069,3.704367344131629,0.9989875,4.005270540502392,0.9987777777777778,3.717502552825684,0.99643125,0.6101731628712413,37.53374505681445,5.337192482202214,-0.0010124999991069084,0.0012745769950965808,True,0.13803565139153715,0.38416666666666666,0.7019148233927023,amber,0.0007141363403806425,0.0006499520198842221,0.0012209790774977112,,0.9596065452564159,0.48485052455013145,1200,"{""max_num_iter"": 200, ""weight"": 24.0}",10.3739926928523,1.0,9.567789547492541,0.9216666666666666,28260125,TV(0.4 sd): task d' fell 61% against the unprocessed input (9.57 -> 3.70) while fidelity improved: fidelity-task discordance.,True,28268125,6.0
texture,120.0,25.0,,60.0,0.0,,,gaussian(1.5 px),gaussian,3.465855273634169,0.9928716529681852,2.8919273076026517,0.9815006944444444,3.4014727966028433,0.9929666666666667,2.824765763703247,0.9776388888888888,0.3352304337776339,30.47971623905294,11.978985824660851,-0.011370958523740815,0.005466071094412571,True,0.6962318667749331,0.9758333333333333,0.8326040983582353,red,0.0017154362502208086,0.0027885087139755222,0.003067832331630336,,0.9885728816852379,0.6958462643841498,1200,"{""sigma"": 1.5}",60.0,0.9926416666666666,3.4262505353605093,1.0,28260125,"gaussian(1.5 px): input ideal d'=3.47 < 5 (prespecified floor, Rose): the input does not meet the detectability requirement and post-processing cannot restore it.",False,28262125,0.0
texture,120.0,25.0,,60.0,0.25,,,gaussian(1.5 px),gaussian,3.7547370518688785,0.9960345799373341,2.9187255222321995,0.97999375,3.408961098423548,0.9933638888888889,2.856541557021477,0.9784083333333333,0.35378699963295995,31.081390682049005,11.17850779299362,-0.016040829937334133,0.005685837065712231,True,0.6042650207313502,0.9783333333333334,0.8338613439577328,red,0.0016661434257123381,0.0029006362699067257,0.003014199040524697,,0.9532942409738885,0.6881744561365143,1200,"{""sigma"": 1.5}",33.50001999239478,0.9943513888888889,3.5793692079178783,1.0,28260125,"gaussian(1.5 px): input ideal d'=3.75 < 5 (prespecified floor, Rose): the input does not meet the detectability requirement and post-processing cannot restore it.",False,28264125,6.0
texture,120.0,25.0,,60.0,0.5,,,gaussian(1.5 px),gaussian,6.154588910664027,0.9999932534459398,3.2206444687178646,0.9904430555555556,3.585820099939446,0.9953444444444445,3.0886711117235013,0.9854013888888888,0.4032424811143491,32.34398314191499,9.668496764160404,-0.009550197890384249,0.0039220817753389745,True,0.273834062973654,0.9508333333333333,0.8239763031426368,amber,0.0013949090437735798,0.00200074458603624,0.0024753299038041696,,0.9473420673905801,0.6590071833806468,1200,"{""sigma"": 1.5}",17.95755117152193,0.9999993055555556,5.830500982567598,0.9991666666666666,28260125,gaussian(1.5 px): task d' fell 45% against the unprocessed input (5.83 -> 3.22) while fidelity improved: fidelity-task discordance.,True,28266125,6.0
texture,120.0,25.0,,60.0,1.0,,,gaussian(1.5 px),gaussian,9.97053385555633,0.9999999999991069,3.5660210379050894,0.9925048611111111,4.462105283616132,0.999275,3.837757286902999,0.9966548611111111,0.517244122087085,35.194452446428826,6.969975667416121,-0.0074951388879958,0.00347186749032461,True,0.12791779864318495,0.7625,0.8180532783405847,amber,0.0005499486557096094,0.0017710391993221997,0.0011820459718423152,,0.9596065452564159,0.5732400824832362,1200,"{""sigma"": 1.5}",10.3739926928523,1.0,9.567789547492541,0.9216666666666666,28260125,gaussian(1.5 px): task d' fell 63% against the unprocessed input (9.57 -> 3.57) while fidelity improved: fidelity-task discordance.,True,28268125,6.0
texture,120.0,25.0,,60.0,0.0,,,raw,none,3.465855273634169,0.9928716529681852,3.4262505353605093,0.9926416666666666,3.4150221089486075,0.9932388888888889,2.417455845167982,0.9559368055555556,0.018699243364747355,16.48081696759695,59.98558049931716,-0.00022998630151860322,0.003439938928350665,True,0.9772763424034554,1.0,1.0072228943357768,red,0.001681809165406303,0.00175474881734284,0.004318613401469624,,0.9885728816852379,0.8960564241574656,1200,{},60.0,0.9926416666666666,3.4262505353605093,1.0,28260125,"raw: input ideal d'=3.47 < 5 (prespecified floor, Rose): the input does not meet the detectability requirement and post-processing cannot restore it.",False,28262125,0.0
texture,120.0,25.0,,60.0,0.25,,,raw,none,3.7547370518688785,0.9960345799373341,3.5793692079178783,0.9943513888888889,3.436704180345648,0.9936722222222222,2.5794949810199608,0.9652791666666667,0.05954583595241341,21.545002500060193,33.485332046934445,-0.0016831910484452761,0.0030128531596916104,True,0.9087699098739822,1.0,1.0066524527728182,red,0.0016268636901750554,0.0015368439109119808,0.0038296534011921803,,0.9532942409738885,0.8431386467536905,1200,{},33.50001999239478,0.9943513888888889,3.5793692079178783,1.0,28260125,"raw: input ideal d'=3.75 < 5 (prespecified floor, Rose): the input does not meet the detectability requirement and post-processing cannot restore it.",False,28264125,6.0
texture,120.0,25.0,,60.0,0.5,,,raw,none,6.154588910664027,0.9999932534459398,5.830500982567598,0.9999993055555556,3.61541842079825,0.9954861111111111,3.0433048123675435,0.9846631944444444,0.18337388662411858,26.96248618878508,17.950209661918436,6.052109615795054e-06,3.404800325296122e-05,True,0.8974569926478585,0.9991666666666666,0.9966996753620264,green,0.0013734768396359575,1.7017434540433082e-05,0.002537503114874124,,0.9473420673905801,0.7647196250574706,1200,{},17.95755117152193,0.9999993055555556,5.830500982567598,0.9991666666666666,28260125,raw: input ideal d'=6.15 meets the floor and the processed task d'=5.83 follows it; no excess false structure or erasure.,True,28266125,6.0
texture,120.0,25.0,,60.0,1.0,,,raw,none,9.97053385555633,0.9999999999991069,9.567789547492541,1.0,4.742674309537534,0.9996722222222222,4.503643414843912,0.9992416666666667,0.3745872817423263,31.734403559999517,10.366433893495953,8.930634010084759e-13,6.944444444444445e-07,True,0.9208447216989537,0.9216666666666666,0.9900857529080328,green,0.00036974331711912074,0.0,0.0005624536950607329,,0.9596065452564159,0.6316774074758145,1200,{},10.3739926928523,1.0,9.567789547492541,0.9216666666666666,28260125,raw: input ideal d'=9.97 meets the floor and the processed task d'=9.57 follows it; no excess false structure or erasure.,True,28268125,6.0
atlas_demo,120.0,12.0,0.12,86.60254037844388,,20.0,,gaussian(1.5 px),gaussian,2.4012149702459653,0.9552381337941949,0.9375403490851748,0.7553625,2.416008767603495,0.95505,1.8842175828303571,0.9080375,0.19632205347211368,27.286059989801153,17.30286865616707,-0.19987563379419482,0.03338492257434034,True,0.15244663786606474,1.0,0.8290405845277657,red,0.007561115786357873,0.01703024792171032,0.010824137948036019,,0.7621596686186037,1.0042694706585416,400,"{""sigma"": 1.5}",86.60254037844388,0.90185625,1.8301092060046953,1.0,29260128,"gaussian(1.5 px): input ideal d'=2.40 < 5 (prespecified floor, Rose): the input does not meet the detectability requirement and post-processing cannot restore it.",False,29272128,
atlas_demo,80.0,12.0,0.12,129.9038105676658,,36.742346141747674,,gaussian(1.5 px),gaussian,2.9408758377279614,0.9812148992675147,1.722002229929594,0.894775,2.79815734580149,0.98075,2.405529556680661,0.95555625,0.10203269195963938,23.800129598935072,25.84749381564512,-0.08643989926751472,0.022679186979940157,True,0.3428578051516465,0.9975,0.8412511662277035,red,0.0049313996444045,0.011568037555170092,0.007518074916561621,,0.9109959449934139,0.8147238825318399,400,"{""sigma"": 1.5}",129.9038105676658,0.9720375,2.6791259628992816,1.0,29260128,"gaussian(1.5 px): input ideal d'=2.94 < 5 (prespecified floor, Rose): the input does not meet the detectability requirement and post-processing cannot restore it.",False,29276128,
atlas_demo,120.0,12.0,0.12,86.60254037844388,,20.0,,raw,none,2.4012149702459653,0.9552381337941949,1.8301092060046953,0.90185625,2.4533814261085096,0.95795,1.4949524341809213,0.8564375,0.006991301092124148,13.282735232069317,86.68607779352322,-0.05338188379419484,0.021914723777317915,True,0.5808873604688198,1.0,1.0004144181029722,red,0.007311157425276859,0.011177998141868505,0.013442883654693625,,0.7621596686186037,1.2968634799457004,400,{},86.60254037844388,0.90185625,1.8301092060046953,1.0,29260128,"raw: input ideal d'=2.40 < 5 (prespecified floor, Rose): the input does not meet the detectability requirement and post-processing cannot restore it.",False,29272128,
atlas_demo,80.0,12.0,0.12,129.9038105676658,,36.742346141747674,,raw,none,2.9408758377279614,0.9812148992675147,2.6791259628992816,0.9720375,2.8248131438786346,0.981375,1.9828573826506348,0.91873125,0.003068824175636093,9.770460648113993,129.88627877774158,-0.009177399267514708,0.011671563042225452,True,0.8299136117944431,1.0,1.0354299184077576,red,0.0048501493107978065,0.0059517996933821,0.010179133598960444,,0.9109959449934139,1.0453519332520838,400,{},129.9038105676658,0.9720375,2.6791259628992816,1.0,29260128,"raw: input ideal d'=2.94 < 5 (prespecified floor, Rose): the input does not meet the detectability requirement and post-processing cannot restore it.",False,29276128,
atlas_demo,120.0,200.0,2.0,21.213203435596427,,20.0,,gaussian(1.5 px),gaussian,9.802919066391512,0.9999999999979211,7.95873497849559,1.0,9.066223778257894,1.0,7.775515585151295,1.0,0.7581564622155803,39.31886573288712,4.329233565270967,2.0788926136106056e-12,6.25e-06,True,0.6591393694133403,0.0,0.8247653573330062,green,0.0,0.0,0.0,,0.9497586142590768,0.2439895194937349,400,"{""sigma"": 1.5}",21.213203435596427,1.0,9.310406828189885,0.0,29260128,gaussian(1.5 px): input ideal d'=9.80 meets the floor and the processed task d'=7.96 follows it; no excess false structure or erasure.,True,29264128,
atlas_demo,120.0,200.0,2.0,21.213203435596427,,20.0,,raw,none,9.802919066391512,0.9999999999979211,9.310406828189885,1.0,9.094190860122069,1.0,6.922997683753815,1.0,0.1944503826544133,25.506553994159443,21.220802817745042,2.0788926136106056e-12,6.25e-06,True,0.9020414253593219,0.0,0.9953561010093268,green,0.0,0.0,0.0,,0.9497586142590768,0.3135525054487902,400,{},21.213203435596427,1.0,9.310406828189885,0.0,29260128,raw: input ideal d'=9.80 meets the floor and the processed task d'=9.31 follows it; no excess false structure or erasure.,True,29264128,
atlas_demo,120.0,50.0,0.5,42.42640687119285,,20.0,,gaussian(1.5 px),gaussian,4.901459533195756,0.9997357261459661,3.7617971250529463,0.99433125,4.445066686829414,0.9994,4.002784871470795,0.9984125,0.48663828677084114,33.442261859691314,8.51658041951668,-0.005404476145966064,0.005237055338645917,True,0.5890333677838278,0.395,0.8347023830137696,red,0.0008672347883922715,0.0026688272743304684,0.0014109828746053734,,0.9409794877130299,0.48635528518231397,400,"{""sigma"": 1.5}",42.42640687119285,0.9996625,4.612172880592689,0.96,29260128,"gaussian(1.5 px): input ideal d'=4.90 < 5 (prespecified floor, Rose): the input does not meet the detectability requirement and post-processing cannot restore it.",False,29268128,
atlas_demo,120.0,50.0,0.5,42.42640687119285,,20.0,,raw,none,4.901459533195756,0.9997357261459661,4.612172880592689,0.9996625,4.480678361983497,0.9995,3.479151626156111,0.9946875,0.04433235296900726,19.484400623621156,42.44898198340771,-7.322614596605437e-05,0.0012809799120571312,True,0.8854423962966761,0.96,1.0090262672380301,red,0.0007916540991641539,0.0006503843550759291,0.0025833985863605857,,0.9409794877130299,0.6267216407143266,400,{},42.42640687119285,0.9996625,4.612172880592689,0.96,29260128,"raw: input ideal d'=4.90 < 5 (prespecified floor, Rose): the input does not meet the detectability requirement and post-processing cannot restore it.",False,29268128,
dose,120.0,100.0,1.0,30.0,0.0,20.0,,NLM(0.6 sd),nlm,6.931710547268338,0.9999995243637675,5.857943407369998,0.9999909722222222,5.903369698951308,1.0,5.300563015406154,0.9999833333333333,0.6117955591298803,34.486726559258166,7.551964573442498,-8.552141545270509e-06,0.00012095266023728527,True,0.7141829944802348,0.0008333333333333334,0.6783378003972539,green,0.0,6.135736000325633e-05,8.33683939114832e-05,,0.9812029155320999,0.2784517161104226,1200,"{""h"": 18.0, ""patch_distance"": 6, ""patch_size"": 5}",30.0,1.0,6.8014145986043015,0.19416666666666665,29260128,NLM(0.6 sd): input ideal d'=6.93 meets the floor and the processed task d'=5.86 follows it; no excess false structure or erasure.,True,29261128,
dose,120.0,100.0,1.0,30.0,0.0,20.0,,TV(0.4 sd),tv,6.931710547268338,0.9999995243637675,6.739321735273537,1.0,6.593715809742791,1.0,5.289987729247413,0.9998722222222223,0.3633115624819744,29.81391561968449,12.927084543363028,4.756362325109009e-07,6.944444444444445e-07,True,0.945260568437688,0.045,0.9129499468461939,green,0.0,0.0,0.00023084300311454099,,0.9812029155320999,0.38766588529896134,1200,"{""max_num_iter"": 200, ""weight"": 12.0}",30.0,1.0,6.8014145986043015,0.19416666666666665,29260128,TV(0.4 sd): input ideal d'=6.93 meets the floor and the processed task d'=6.74 follows it; no excess false structure or erasure.,True,29261128,
dose,120.0,100.0,1.0,30.0,0.0,20.0,,gaussian(1.5 px),gaussian,6.931710547268338,0.9999995243637675,6.319550394547942,0.9999958333333333,6.574254029709561,1.0,5.52691027669042,0.99995625,0.6342203087212729,36.43475474974469,6.034841056987401,-3.6910304341830624e-06,8.239371520908889e-05,True,0.8311731861900955,0.0125,0.8311638906823288,green,0.0,4.168406736505256e-05,0.0001350731454052995,,0.9812029155320999,0.3481486802494524,1200,"{""sigma"": 1.5}",30.0,1.0,6.8014145986043015,0.19416666666666665,29260128,gaussian(1.5 px): input ideal d'=6.93 meets the floor and the processed task d'=6.32 follows it; no excess false structure or erasure.,True,29261128,
dose,120.0,100.0,1.0,30.0,0.0,20.0,,raw,none,6.931710547268338,0.9999995243637675,6.8014145986043015,1.0,6.613810672880401,1.0,4.86899068891172,0.9995854166666667,0.09788595467339081,22.500412475522502,29.99624827552386,4.756362325109009e-07,6.944444444444445e-07,True,0.9627591614486932,0.19416666666666665,1.0023559540563023,green,0.0,0.0,0.00041583957952472496,,0.9812029155320999,0.4491339268735677,1200,{},30.0,1.0,6.8014145986043015,0.19416666666666665,29260128,raw: input ideal d'=6.93 meets the floor and the processed task d'=6.80 follows it; no excess false structure or erasure.,True,29261128,
dose,120.0,12.500000000000002,0.12500000000000003,84.85281374238569,0.0,20.0,,NLM(0.6 sd),nlm,2.450729766597878,0.9584457342995427,1.9069717113476978,0.90934375,2.187735360501862,0.9386222222222222,2.039836589169482,0.9255604166666667,0.1537833443938436,25.600268195133424,21.008034094681072,-0.04910198429954271,0.012154620890523498,True,0.6054769990284988,0.9941666666666666,0.5967225312261698,red,0.005102842106914039,0.006201096827261969,0.005621141477322989,,0.8943575403075509,0.784495912658106,1200,"{""h"": 50.911688245431414, ""patch_distance"": 6, ""patch_size"": 5}",84.85281374238569,0.9379020833333334,2.1918286460129766,1.0,29260128,"NLM(0.6 sd): input ideal d'=2.45 < 5 (prespecified floor, Rose): the input does not meet the detectability requirement and post-processing cannot restore it.",False,29264128,
dose,120.0,12.500000000000002,0.12500000000000003,84.85281374238569,0.0,20.0,,TV(0.4 sd),tv,2.450729766597878,0.9584457342995427,2.197826752670412,0.9388736111111111,2.336921447283701,0.9491277777777778,1.79062239044176,0.8982416666666667,0.04962559868583802,20.785715759132998,36.551585596844646,-0.0195721231884316,0.009981477547514876,True,0.804259240473528,1.0,0.8836247829391188,red,0.004642926796056176,0.00509232984983274,0.006565502573951032,,0.8943575403075509,1.0983593383948689,1200,"{""max_num_iter"": 200, ""weight"": 33.94112549695428}",84.85281374238569,0.9379020833333334,2.1918286460129766,1.0,29260128,"TV(0.4 sd): input ideal d'=2.45 < 5 (prespecified floor, Rose): the input does not meet the detectability requirement and post-processing cannot restore it.",False,29264128,
dose,120.0,12.500000000000002,0.12500000000000003,84.85281374238569,0.0,20.0,,gaussian(1.5 px),gaussian,2.450729766597878,0.9584457342995427,1.6816466718826866,0.8845263888888889,2.3288407207880053,0.9486805555555555,1.9035232057061224,0.9101972222222222,0.2041217527643174,27.46729228559982,16.945093875976536,-0.07391934541065381,0.013691275761439517,True,0.47084574786390243,1.0,0.8104604588173084,red,0.004663439341047974,0.006985118821052138,0.006172065548608471,,0.8943575403075509,0.9850965066942082,1200,"{""sigma"": 1.5}",84.85281374238569,0.9379020833333334,2.1918286460129766,1.0,29260128,"gaussian(1.5 px): input ideal d'=2.45 < 5 (prespecified floor, Rose): the input does not meet the detectability requirement and post-processing cannot restore it.",False,29264128,
dose,120.0,12.500000000000002,0.12500000000000003,84.85281374238569,0.0,20.0,,raw,none,2.450729766597878,0.9584457342995427,2.1918286460129766,0.9379020833333334,2.3499034386360917,0.9503,1.6073194451239203,0.8734326388888889,0.007409659198401727,13.466579232622172,84.8705379764394,-0.02054365096620936,0.010060863623566209,True,0.7998754099049725,1.0,0.9757491033430368,red,0.004588724777240041,0.005132833694126574,0.007302877586798956,,0.8943575403075509,1.268677777628187,1200,{},84.85281374238569,0.9379020833333334,2.1918286460129766,1.0,29260128,"raw: input ideal d'=2.45 < 5 (prespecified floor, Rose): the input does not meet the detectability requirement and post-processing cannot restore it.",False,29264128,
dose,120.0,200.0,2.0,21.213203435596427,0.0,20.0,,NLM(0.6 sd),nlm,9.802919066391512,0.9999999999979211,7.864675449661463,1.0,8.235070053636639,1.0,6.952246630173366,1.0,0.7529819894354426,37.395163467390226,5.403179746675153,2.0788926136106056e-12,6.944444444444445e-07,True,0.6436514864651764,0.0,0.7357164919427082,green,0.0,0.0,0.0,,0.982199626661774,0.1937418694230977,1200,"{""h"": 12.727922061357855, ""patch_distance"": 6, ""patch_size"": 5}",21.213203435596427,1.0,9.628423447205329,0.0,29260128,NLM(0.6 sd): input ideal d'=9.80 meets the floor and the processed task d'=7.86 follows it; no excess false structure or erasure.,True,29260128,
dose,120.0,200.0,2.0,21.213203435596427,0.0,20.0,,TV(0.4 sd),tv,9.802919066391512,0.9999999999979211,9.529199329245234,1.0,9.406111660656515,1.0,7.362438189920451,1.0,0.5355118046154141,32.80097461904949,9.165183432366712,2.0788926136106056e-12,6.944444444444445e-07,True,0.944935116298182,0.0,0.9181058525722439,green,0.0,0.0,0.0,,0.982199626661774,0.27073720070869156,1200,"{""max_num_iter"": 200, ""weight"": 8.485281374238571}",21.213203435596427,1.0,9.628423447205329,0.0,29260128,TV(0.4 sd): input ideal d'=9.80 meets the floor and the processed task d'=9.53 follows it; no excess false structure or erasure.,True,29260128,
dose,120.0,200.0,2.0,21.213203435596427,0.0,20.0,,gaussian(1.5 px),gaussian,9.802919066391512,0.9999999999979211,9.28244872387501,1.0,9.407679857586091,1.0,7.854694275537609,1.0,0.7581028221232928,39.314615368987944,4.331685652683071,2.0788926136106056e-12,6.944444444444445e-07,True,0.8966321015202418,0.0,0.8283607837466053,green,0.0,0.0,0.0,,0.982199626661774,0.2429521359011296,1200,"{""sigma"": 1.5}",21.213203435596427,1.0,9.628423447205329,0.0,29260128,gaussian(1.5 px): input ideal d'=9.80 meets the floor and the processed task d'=9.28 follows it; no excess false structure or erasure.,True,29260128,
dose,120.0,200.0,2.0,21.213203435596427,0.0,20.0,,raw,none,9.802919066391512,0.9999999999979211,9.628423447205329,1.0,9.422747887077822,1.0,6.763917957397965,1.0,0.1947009358861764,25.51231596624323,21.20665643844318,2.0788926136106056e-12,6.944444444444445e-07,True,0.9647161066145281,0.0,1.0015317940449422,green,0.0,0.0,0.0,,0.982199626661774,0.3131094306401717,1200,{},21.213203435596427,1.0,9.628423447205329,0.0,29260128,raw: input ideal d'=9.80 meets the floor and the processed task d'=9.63 follows it; no excess false structure or erasure.,True,29260128,
dose,120.0,25.000000000000007,0.25000000000000006,59.999999999999986,0.0,20.0,,NLM(0.6 sd),nlm,3.4658552736341695,0.9928716529681852,2.8668500141108915,0.9790361111111111,2.991474193724926,0.9854638888888889,2.8823050647311366,0.9830611111111112,0.2807474650064814,28.595486141725438,14.880508230820018,-0.01383554185707414,0.005821276689063381,True,0.6842094964536474,0.6708333333333333,0.625105700081355,red,0.002469995506266583,0.0029697393883412896,0.002667551403671339,,0.9615840121935695,0.5527885793683607,1200,"{""h"": 35.99999999999999, ""patch_distance"": 6, ""patch_size"": 5}",59.999999999999986,0.9911020833333334,3.3327110197033862,1.0,29260128,"NLM(0.6 sd): input ideal d'=3.47 < 5 (prespecified floor, Rose): the input does not meet the detectability requirement and post-processing cannot restore it.",False,29263128,
dose,120.0,25.000000000000007,0.25000000000000006,59.999999999999986,0.0,20.0,,TV(0.4 sd),tv,3.4658552736341695,0.9928716529681852,3.3164930778066655,0.9906805555555556,3.264962501986077,0.9899277777777777,2.682507198691498,0.9726763888888889,0.10915023234935449,23.80503252731761,25.81902481455457,-0.0021910974126296834,0.0038728540451697705,True,0.9156665369331357,1.0,0.9149172362998028,red,0.0020541971858547958,0.0019756279356500563,0.0033938621569375594,,0.9615840121935695,0.7721551539797364,1200,"{""max_num_iter"": 200, ""weight"": 23.999999999999996}",59.999999999999986,0.9911020833333334,3.3327110197033862,1.0,29260128,"TV(0.4 sd): input ideal d'=3.47 < 5 (prespecified floor, Rose): the input does not meet the detectability requirement and post-processing cannot restore it.",False,29263128,
dose,120.0,25.000000000000007,0.25000000000000006,59.999999999999986,0.0,20.0,,gaussian(1.5 px),gaussian,3.4658552736341695,0.9928716529681852,2.812344784813554,0.9761263888888889,3.2652189051660034,0.9897388888888888,2.8307633846804747,0.9782451388888889,0.33483261837914513,30.468320494042857,11.9949973924329,-0.01674526407929633,0.006215101634149744,True,0.6584401093615788,0.985,0.8345845556072762,red,0.002073451733727455,0.0031706741749969645,0.0030256519774583563,,0.9615840121935695,0.6943035622472128,1200,"{""sigma"": 1.5}",59.999999999999986,0.9911020833333334,3.3327110197033862,1.0,29260128,"gaussian(1.5 px): input ideal d'=3.47 < 5 (prespecified floor, Rose): the input does not meet the detectability requirement and post-processing cannot restore it.",False,29263128,
dose,120.0,25.000000000000007,0.25000000000000006,59.999999999999986,0.0,20.0,,raw,none,3.4658552736341695,0.9928716529681852,3.3327110197033862,0.9911020833333334,3.2793569929838338,0.9903333333333333,2.441186384222844,0.9588340277777778,0.01866478040090578,16.479749406546908,59.99268284119691,-0.0017695696348518641,0.003783928253866143,True,0.9246438125062828,1.0,1.0152765425769286,red,0.0020122438646848237,0.0019302568002592722,0.004173031878673484,,0.9615840121935695,0.8932931895960985,1200,{},59.999999999999986,0.9911020833333334,3.3327110197033862,1.0,29260128,"raw: input ideal d'=3.47 < 5 (prespecified floor, Rose): the input does not meet the detectability requirement and post-processing cannot restore it.",False,29263128,
dose,120.0,3.125,0.03125,169.7056274847714,0.0,20.0,,NLM(0.6 sd),nlm,1.225364883298939,0.8068820701518937,0.8889804256506908,0.7365854166666667,1.1102773599189664,0.7840861111111112,0.9516762810761313,0.7496604166666667,0.03201562343142789,19.609171470428997,41.873678150503686,-0.07029665348522707,0.01982857299464637,True,0.5263244394640706,1.0,0.5876638124722489,red,0.009332721693859089,0.010116450458580721,0.00991807400196209,,0.7406698800183463,1.567532015188915,1200,"{""h"": 101.82337649086284, ""patch_distance"": 6, ""patch_size"": 5}",169.7056274847714,0.7393194444444444,0.9075908610917202,1.0,29260128,"NLM(0.6 sd): input ideal d'=1.23 < 5 (prespecified floor, Rose): the input does not meet the detectability requirement and post-processing cannot restore it.",False,29266128,
dose,120.0,3.125,0.03125,169.7056274847714,0.0,20.0,,TV(0.4 sd),tv,1.225364883298939,0.8068820701518937,0.9471813176876768,0.7487756944444445,1.187776729795844,0.7972222222222223,0.8198925701800182,0.7207868055555555,0.008099995900117282,14.779148368336886,72.98444557258927,-0.058106375707449254,0.0194668589901893,True,0.597496528839544,1.0,0.8851311889625725,red,0.009083691339825764,0.009931899105948617,0.010339539937261236,,0.7406698800183463,2.169690163366202,1200,"{""max_num_iter"": 200, ""weight"": 67.88225099390857}",169.7056274847714,0.7393194444444444,0.9075908610917202,1.0,29260128,"TV(0.4 sd): input ideal d'=1.23 < 5 (prespecified floor, Rose): the input does not meet the detectability requirement and post-processing cannot restore it.",False,29266128,
dose,120.0,3.125,0.03125,169.7056274847714,0.0,20.0,,gaussian(1.5 px),gaussian,1.225364883298939,0.8068820701518937,0.5539530639295275,0.6544069444444445,1.191699212753122,0.7981611111111111,0.9208429858941516,0.7426222222222222,0.051635986125753375,21.460346783629916,33.83818531123678,-0.15247512570744925,0.021738364243959616,True,0.20436902707704674,1.0,0.815936302302082,red,0.009065317043200117,0.011090851653897284,0.010026433828459197,,0.7406698800183463,1.9513253231255674,1200,"{""sigma"": 1.5}",169.7056274847714,0.7393194444444444,0.9075908610917202,1.0,29260128,"gaussian(1.5 px): input ideal d'=1.23 < 5 (prespecified floor, Rose): the input does not meet the detectability requirement and post-processing cannot restore it.",False,29266128,
dose,120.0,3.125,0.03125,169.7056274847714,0.0,20.0,,raw,none,1.225364883298939,0.8068820701518937,0.9075908610917202,0.7393194444444444,1.1937472626375294,0.7985166666666667,0.6930302068857225,0.6893055555555555,0.00104321489629845,7.449228793877713,169.67714574678783,-0.06756262570744931,0.019749319631581396,True,0.5485918711663915,1.0,0.9733804591708518,red,0.009058338313673435,0.010076014326238435,0.010732243206944934,,0.7406698800183463,2.514446007803019,1200,{},169.7056274847714,0.7393194444444444,0.9075908610917202,1.0,29260128,"raw: input ideal d'=1.23 < 5 (prespecified floor, Rose): the input does not meet the detectability requirement and post-processing cannot restore it.",False,29266128,
dose,120.0,49.99999999999999,0.49999999999999994,42.42640687119285,0.0,20.0,,NLM(0.6 sd),nlm,4.901459533195756,0.9997357261459661,4.144304071597535,0.9983270833333333,4.30448564685008,0.999,3.8911303742676173,0.9971868055555556,0.4447575606227259,31.552379171279718,10.586767339996708,-0.0014086428126327544,0.0016384115597500126,True,0.7149116630298673,0.08333333333333333,0.6394556049827185,red,0.0006459255333894229,0.000835585310864726,0.001083858107793621,,0.9710303263475019,0.3917001392158842,1200,"{""h"": 25.45584412271571, ""patch_distance"": 6, ""patch_size"": 5}",42.42640687119285,0.9995194444444444,4.759465850098149,0.9616666666666667,29260128,"NLM(0.6 sd): input ideal d'=4.90 < 5 (prespecified floor, Rose): the input does not meet the detectability requirement and post-processing cannot restore it.",False,29262128,
dose,120.0,49.99999999999999,0.49999999999999994,42.42640687119285,0.0,20.0,,TV(0.4 sd),tv,4.901459533195756,0.9997357261459661,4.712447606431382,0.9994923611111111,4.72324756024666,0.9996527777777777,3.668242214965219,0.9950541666666667,0.21326778429226353,26.802102854597862,18.284572649353613,-0.00024336503485500316,0.0009025882786138641,True,0.9243623043341417,0.67,0.8997860962560745,red,0.0003805541177807563,0.00046015837091061023,0.0014378345532988911,,0.9710303263475019,0.5470215571039012,1200,"{""max_num_iter"": 200, ""weight"": 16.970562748477143}",42.42640687119285,0.9995194444444444,4.759465850098149,0.9616666666666667,29260128,"TV(0.4 sd): input ideal d'=4.90 < 5 (prespecified floor, Rose): the input does not meet the detectability requirement and post-processing cannot restore it.",False,29262128,
dose,120.0,49.99999999999999,0.49999999999999994,42.42640687119285,0.0,20.0,,gaussian(1.5 px),gaussian,4.901459533195756,0.9997357261459661,4.272348646849481,0.99835,4.743537249506527,0.9996527777777777,3.889508535054836,0.9964145833333333,0.48707158784972326,33.46399140261965,8.496231847733332,-0.001385726145966104,0.001627146605526049,True,0.7597706796571957,0.4025,0.821793520052196,red,0.0003805541177807563,0.0008298377796280195,0.0012238316399408506,,0.9710303263475019,0.4915304830479836,1200,"{""sigma"": 1.5}",42.42640687119285,0.9995194444444444,4.759465850098149,0.9616666666666667,29260128,"gaussian(1.5 px): input ideal d'=4.90 < 5 (prespecified floor, Rose): the input does not meet the detectability requirement and post-processing cannot restore it.",False,29262128,
dose,120.0,49.99999999999999,0.49999999999999994,42.42640687119285,0.0,20.0,,raw,none,4.901459533195756,0.9997357261459661,4.759465850098149,0.9995194444444444,4.750533553252516,0.9996444444444444,3.341011444132644,0.9913833333333333,0.04439482627123582,19.487618904995724,42.43314539385272,-0.00021628170152165893,0.0008781939354411416,True,0.942899894686536,0.9616666666666667,0.994520948688245,red,0.0003850944851594029,0.0004477120487510491,0.0018993904113657081,,0.9710303263475019,0.6336613400563108,1200,{},42.42640687119285,0.9995194444444444,4.759465850098149,0.9616666666666667,29260128,"raw: input ideal d'=4.90 < 5 (prespecified floor, Rose): the input does not meet the detectability requirement and post-processing cannot restore it.",False,29262128,
dose,120.0,6.25,0.0625,120.0,0.0,20.0,,NLM(0.6 sd),nlm,1.7329276368170845,0.8897811140599974,1.3622102467450097,0.8308548611111111,1.6059906709880503,0.8728722222222223,1.4319453410746457,0.8456111111111111,0.07397763825941872,22.609934921430728,29.64253904441837,-0.058926252948886315,0.016414015252350384,True,0.6179131386906602,1.0,0.6177748995634031,red,0.007318457169318778,0.008374297149015043,0.00802707044726905,,0.854346398456151,1.1152621055645922,1200,"{""h"": 72.0, ""patch_distance"": 6, ""patch_size"": 5}",120.0,0.85223125,1.480520485299805,1.0,29260128,"NLM(0.6 sd): input ideal d'=1.73 < 5 (prespecified floor, Rose): the input does not meet the detectability requirement and post-processing cannot restore it.",False,29265128,
dose,120.0,6.25,0.0625,120.0,0.0,20.0,,TV(0.4 sd),tv,1.7329276368170845,0.8897811140599974,1.5061739194415977,0.8567861111111111,1.672524926341553,0.8824194444444444,1.2948521874196033,0.8203458333333333,0.020693961592591754,17.788079181638757,51.61731035193723,-0.03299500294888624,0.015186040861855364,True,0.7554215859801086,1.0,0.9202247526411257,red,0.007046879027421563,0.007747768090225635,0.00860766759036853,,0.854346398456151,1.5489148148618008,1200,"{""max_num_iter"": 200, ""weight"": 48.0}",120.0,0.85223125,1.480520485299805,1.0,29260128,"TV(0.4 sd): input ideal d'=1.73 < 5 (prespecified floor, Rose): the input does not meet the detectability requirement and post-processing cannot restore it.",False,29265128,
dose,120.0,6.25,0.0625,120.0,0.0,20.0,,gaussian(1.5 px),gaussian,1.7329276368170845,0.8897811140599974,1.0347860329518903,0.7674243055555555,1.6669069278378408,0.8823861111111111,1.3718695935875764,0.8337194444444445,0.109216106507543,24.484238649092394,23.889058132214227,-0.12235680850444186,0.01887081171407676,True,0.3565662721084381,1.0,0.842259006781526,red,0.0070478506478884,0.009627787764712716,0.008308721878089226,,0.854346398456151,1.3935830635968507,1200,"{""sigma"": 1.5}",120.0,0.85223125,1.480520485299805,1.0,29260128,"gaussian(1.5 px): input ideal d'=1.73 < 5 (prespecified floor, Rose): the input does not meet the detectability requirement and post-processing cannot restore it.",False,29265128,
dose,120.0,6.25,0.0625,120.0,0.0,20.0,,raw,none,1.7329276368170845,0.8897811140599974,1.480520485299805,0.85223125,1.6748193058376963,0.8835194444444444,1.13435615785836,0.7892854166666666,0.0028268093727521993,10.456224839850972,120.02621337061937,-0.037549864059997384,0.01541265807364239,True,0.7299077685549964,1.0,1.0208839655855104,red,0.00701472029967761,0.00786339124125012,0.009235930175122635,,0.854346398456151,1.7919023406575285,1200,{},120.0,0.85223125,1.480520485299805,1.0,29260128,"raw: input ideal d'=1.73 < 5 (prespecified floor, Rose): the input does not meet the detectability requirement and post-processing cannot restore it.",False,29265128,
signal,120.0,25.0,,60.0,,10.0,1.5,NLM(0.6 sd),nlm,0.8426561840065284,0.7243615801373218,0.49296277256855603,0.6398590277777778,0.6644334953130112,0.682775,0.6738030474839775,0.6851520833333333,0.27397663690110446,28.645491103038704,14.795338332419378,-0.08450255235954396,0.021986535193969575,True,0.34223736430259977,1.0,0.3529396472631997,red,0.0108053574473358,0.01121747181221014,0.010779069516740798,0.5,0.7041026886873014,1.7653967704098652,1200,"{""h"": 36.0, ""patch_distance"": 6, ""patch_size"": 5}",60.0,0.6656715277777778,0.593316484797978,1.0,29260128,"NLM(0.6 sd): input ideal d'=0.84 < 5 (prespecified floor, Rose): the input does not meet the detectability requirement and post-processing cannot restore it.",False,29263128,
signal,120.0,25.0,,60.0,,20.0,1.5,NLM(0.6 sd),nlm,1.6853123680130568,0.8833097279993577,1.072859275799329,0.7742208333333334,1.2951712259721684,0.8224444444444444,1.2025045102502276,0.8040770833333334,0.27538711816986267,28.629956309333544,14.821511379851836,-0.10908889466602434,0.018640267750600483,True,0.40525156893957737,1.0,0.3551313745858932,red,0.008561950465564194,0.009510161132134373,0.008947727102063237,1.0,0.7894072581453977,0.8814584638470951,1200,"{""h"": 36.0, ""patch_distance"": 6, ""patch_size"": 5}",60.0,0.8248041666666667,1.3303978155517147,1.0,29260128,"NLM(0.6 sd): input ideal d'=1.69 < 5 (prespecified floor, Rose): the input does not meet the detectability requirement and post-processing cannot restore it.",False,29263228,
signal,120.0,25.0,,60.0,,10.0,3.0,NLM(0.6 sd),nlm,1.7329276368170845,0.8897811140599974,1.331258754502824,0.8276104166666667,1.5807833402144627,0.8661972222222222,1.3941322078219982,0.83805625,0.277582421421059,28.632462903293106,14.817522265644373,-0.0621706973933307,0.01655756748729442,True,0.5901522913424923,1.0,0.595062272163246,red,0.007500713948091559,0.008447539431055098,0.008207791622319726,0.5,0.8456183253786126,1.1084125163329963,1200,"{""h"": 36.0, ""patch_distance"": 6, ""patch_size"": 5}",60.0,0.8495909722222222,1.4653953662475796,1.0,29260128,"NLM(0.6 sd): input ideal d'=1.73 < 5 (prespecified floor, Rose): the input does not meet the detectability requirement and post-processing cannot restore it.",False,29266128,
signal,120.0,25.0,,60.0,,20.0,3.0,NLM(0.6 sd),nlm,3.465855273634169,0.9928716529681852,2.8620432349038345,0.97895,3.142991220426683,0.9880638888888889,2.902373980975418,0.9819805555555555,0.2800461399672394,28.574803724097208,14.915873542524418,-0.01392165296818526,0.005833304737220292,True,0.6819170243665662,0.6666666666666666,0.6355323245573976,red,0.0022370653592879756,0.002975876260371483,0.0027518659510098954,1.0,0.9839637464945666,0.5545487288759268,1200,"{""h"": 36.0, ""patch_distance"": 6, ""patch_size"": 5}",60.0,0.9921673611111111,3.4102759398530282,1.0,29260128,"NLM(0.6 sd): input ideal d'=3.47 < 5 (prespecified floor, Rose): the input does not meet the detectability requirement and post-processing cannot restore it.",False,29266228,
signal,120.0,25.0,,60.0,,10.0,5.0,NLM(0.6 sd),nlm,2.911006412451428,0.9802237584170569,2.564548183767112,0.9665006944444444,2.6180518708744525,0.9690416666666667,2.0958567200046763,0.9320319444444445,0.28476741739111994,28.630479972058843,14.821626333228567,-0.01372306397261247,0.007372321862095035,True,0.7761316645837325,0.9275,0.7637537921900256,red,0.0036144298919543513,0.0037611035079200676,0.005370872308848923,0.5,0.9469977050118987,0.6933201269094895,1200,"{""h"": 36.0, ""patch_distance"": 6, ""patch_size"": 5}",60.0,0.9761729166666666,2.7567163918664233,1.0,29260128,"NLM(0.6 sd): input ideal d'=2.91 < 5 (prespecified floor, Rose): the input does not meet the detectability requirement and post-processing cannot restore it.",False,29269128,
signal,120.0,25.0,,60.0,,20.0,5.0,NLM(0.6 sd),nlm,5.822012824902856,0.9999807902708996,5.030540726161597,0.9998645833333333,5.07568910764327,0.9999916666666666,4.09433423259504,0.9986458333333333,0.29376741890835206,28.546545505328123,14.964855565381315,-0.00011620693756630995,0.00046646713838422154,True,0.7465914688896013,0.03333333333333333,0.7632005515149469,amber,5.8950234496151456e-05,0.0002376434963161225,0.0007517199477760921,1.0,0.9519649593781858,0.3440598638585249,1200,"{""h"": 36.0, ""patch_distance"": 6, ""patch_size"": 5}",60.0,0.9999590277777778,5.542352202357924,0.4033333333333333,29260128,NLM(0.6 sd): input ideal d'=5.82 is within 1.2x of the floor (5): marginal — small dose changes cross it.,False,29269228,
signal,120.0,25.0,,60.0,,10.0,1.5,TV(0.4 sd),tv,0.8426561840065284,0.7243615801373218,0.604092309220293,0.6662909722222222,0.749344575447623,0.7030166666666666,0.6873425315005317,0.6887854166666667,0.10220295994621426,23.810491379844407,25.80283280225985,-0.05807060791509955,0.021516264448911224,True,0.5139321525722376,1.0,0.8125933842994907,red,0.010569503295268862,0.010977533349683388,0.010738169715408818,0.5,0.7041026886873014,3.2435652355154185,1200,"{""max_num_iter"": 200, ""weight"": 24.0}",60.0,0.6656715277777778,0.593316484797978,1.0,29260128,"TV(0.4 sd): input ideal d'=0.84 < 5 (prespecified floor, Rose): the input does not meet the detectability requirement and post-processing cannot restore it.",False,29263128,
signal,120.0,25.0,,60.0,,20.0,1.5,TV(0.4 sd),tv,1.6853123680130568,0.8833097279993577,1.3172402720671947,0.822325,1.4672753933842757,0.8478083333333334,1.3139757049890062,0.82298125,0.10408859769930785,23.81300788513494,25.7956550295215,-0.060984727999357724,0.016786931801077026,True,0.6108986761545592,1.0,0.7898696895257166,red,0.007973307763334138,0.008564564190485274,0.00855018639874839,1.0,0.7894072581453977,1.6244005452787982,1200,"{""max_num_iter"": 200, ""weight"": 24.0}",60.0,0.8248041666666667,1.3303978155517147,1.0,29260128,"TV(0.4 sd): input ideal d'=1.69 < 5 (prespecified floor, Rose): the input does not meet the detectability requirement and post-processing cannot restore it.",False,29263228,
signal,120.0,25.0,,60.0,,10.0,3.0,TV(0.4 sd),tv,1.7329276368170845,0.8897811140599974,1.5018248636752685,0.8554361111111111,1.686704652807831,0.880725,1.2434583403252875,0.8117416666666667,0.10425792198965236,23.80924061428952,25.80629361144313,-0.034345002948886316,0.015253719617605934,True,0.7510653461970026,1.0,0.8904643761160546,red,0.007096056627609236,0.007782298702157493,0.008790629680711858,0.5,0.8456183253786126,1.5342026269865996,1200,"{""max_num_iter"": 200, ""weight"": 24.0}",60.0,0.8495909722222222,1.4653953662475796,1.0,29260128,"TV(0.4 sd): input ideal d'=1.73 < 5 (prespecified floor, Rose): the input does not meet the detectability requirement and post-processing cannot restore it.",False,29266128,
signal,120.0,25.0,,60.0,,20.0,3.0,TV(0.4 sd),tv,3.465855273634169,0.9928716529681852,3.3763898074291654,0.9918805555555555,3.4227547195191725,0.9918083333333333,2.689362874858147,0.9710736111111111,0.10886423932678777,23.79554657324627,25.847181989439953,-0.0009910974126297045,0.003614035728697573,True,0.9490395554076968,0.9958333333333333,0.915301070609125,red,0.0018517855975436024,0.0018435753476873573,0.0034928044372720614,1.0,0.9839637464945666,0.7678564591830163,1200,"{""max_num_iter"": 200, ""weight"": 24.0}",60.0,0.9921673611111111,3.4102759398530282,1.0,29260128,"TV(0.4 sd): input ideal d'=3.47 < 5 (prespecified floor, Rose): the input does not meet the detectability requirement and post-processing cannot restore it.",False,29266228,
signal,120.0,25.0,,60.0,,10.0,5.0,TV(0.4 sd),tv,2.911006412451428,0.9802237584170569,2.779286817855306,0.9773229166666667,2.757990581906565,0.9748194444444445,1.613060973397428,0.8727013888888889,0.10847644194163862,23.81120964367477,25.800979165643046,-0.0029008417503901818,0.006056185824978033,True,0.9115498226512726,0.9983333333333333,0.9498321677803635,red,0.0032569825106884076,0.0030895931906394876,0.007323197618866391,0.5,0.9469977050118987,0.8647915549808832,1200,"{""max_num_iter"": 200, ""weight"": 24.0}",60.0,0.9761729166666666,2.7567163918664233,1.0,29260128,"TV(0.4 sd): input ideal d'=2.91 < 5 (prespecified floor, Rose): the input does not meet the detectability requirement and post-processing cannot restore it.",False,29269128,
signal,120.0,25.0,,60.0,,20.0,5.0,TV(0.4 sd),tv,5.822012824902856,0.9999807902708996,5.508096223706484,0.9999604166666667,5.435398865142303,1.0,3.3556154653920887,0.9907736111111111,0.11845643927843663,23.786554204411793,25.874335634825947,-2.0373604232903908e-05,0.00025251072653077256,True,0.8950694237622999,0.18583333333333332,0.9397731648519945,amber,0.0,0.00012848005579317928,0.0019657006921725982,1.0,0.9519649593781858,0.4322901731373357,1200,"{""max_num_iter"": 200, ""weight"": 24.0}",60.0,0.9999590277777778,5.542352202357924,0.4033333333333333,29260128,TV(0.4 sd): input ideal d'=5.82 is within 1.2x of the floor (5): marginal — small dose changes cross it.,False,29269228,
signal,120.0,25.0,,60.0,,10.0,1.5,gaussian(1.5 px),gaussian,0.8426561840065284,0.7243615801373218,0.2493500638635277,0.5706333333333333,0.742611748829128,0.7016694444444445,0.7146882377562399,0.6943972222222222,0.32306649039653945,30.491533696062714,11.963081466780622,-0.15372824680398844,0.02282139436923636,True,0.0875624980559348,1.0,0.6605785674643857,red,0.010586054057113013,0.011643428198068273,0.010673279139024156,0.5,0.7041026886873014,2.6794186187770377,1200,"{""sigma"": 1.5}",60.0,0.6656715277777778,0.593316484797978,1.0,29260128,"gaussian(1.5 px): input ideal d'=0.84 < 5 (prespecified floor, Rose): the input does not meet the detectability requirement and post-processing cannot restore it.",False,29263128,
signal,120.0,25.0,,60.0,,20.0,1.5,gaussian(1.5 px),gaussian,1.6853123680130568,0.8833097279993577,0.7143503804643058,0.6969458333333334,1.4659602650605346,0.8463916666666667,1.3465441276280383,0.8281909722222223,0.32555917354417524,30.49958426829346,11.951665228541737,-0.18636389466602432,0.020860816681877656,True,0.17966428145234178,1.0,0.6392014842031264,red,0.008008034608571551,0.010643115078631646,0.008434513024763873,1.0,0.7894072581453977,1.3364345722075939,1200,"{""sigma"": 1.5}",60.0,0.8248041666666667,1.3303978155517147,1.0,29260128,"gaussian(1.5 px): input ideal d'=1.69 < 5 (prespecified floor, Rose): the input does not meet the detectability requirement and post-processing cannot restore it.",False,29263228,
signal,120.0,25.0,,60.0,,10.0,3.0,gaussian(1.5 px),gaussian,1.7329276368170845,0.8897811140599974,1.022166126993709,0.7664388888888889,1.6895343408846173,0.8808722222222222,1.3533127926641044,0.8312333333333334,0.3278617251611644,30.487691947916257,11.968487626599662,-0.12334222517110849,0.018903636856517688,True,0.34792217864768427,1.0,0.8193458789524102,red,0.007091800981868655,0.009644535594111546,0.008365682427719378,0.5,0.8456183253786126,1.379795367915618,1200,"{""sigma"": 1.5}",60.0,0.8495909722222222,1.4653953662475796,1.0,29260128,"gaussian(1.5 px): input ideal d'=1.73 < 5 (prespecified floor, Rose): the input does not meet the detectability requirement and post-processing cannot restore it.",False,29266128,
signal,120.0,25.0,,60.0,,20.0,3.0,gaussian(1.5 px),gaussian,3.465855273634169,0.9928716529681852,2.525070858609373,0.9630020833333334,3.422079440145306,0.9916583333333333,2.84680043253386,0.9768263888888888,0.3343124877132749,30.46469920846008,11.999086476470392,-0.029869569634851878,0.007751026351761048,True,0.5307943512668024,0.9733333333333334,0.8382202733463607,red,0.0018687239126403629,0.003954323634745451,0.0031234893904852554,1.0,0.9839637464945666,0.6896170474656215,1200,"{""sigma"": 1.5}",60.0,0.9921673611111111,3.4102759398530282,1.0,29260128,"gaussian(1.5 px): input ideal d'=3.47 < 5 (prespecified floor, Rose): the input does not meet the detectability requirement and post-processing cannot restore it.",False,29266228,
signal,120.0,25.0,,60.0,,10.0,5.0,gaussian(1.5 px),gaussian,2.911006412451428,0.9802237584170569,2.0971227039087825,0.9320465277777777,2.772879513625131,0.975725,1.8596579041040673,0.9054451388888889,0.3391788609140668,30.50098891951117,11.950110944978535,-0.048177230639279145,0.010526278255807478,True,0.5189928321868096,0.9908333333333333,0.9033856402098972,red,0.0031974234655877537,0.0053702945025457085,0.006331803464082442,0.5,0.9469977050118987,0.7957686601274321,1200,"{""sigma"": 1.5}",60.0,0.9761729166666666,2.7567163918664233,1.0,29260128,"gaussian(1.5 px): input ideal d'=2.91 < 5 (prespecified floor, Rose): the input does not meet the detectability requirement and post-processing cannot restore it.",False,29269128,
signal,120.0,25.0,,60.0,,20.0,5.0,gaussian(1.5 px),gaussian,5.822012824902856,0.9999807902708996,5.334838627920971,0.9999284722222223,5.445249765643828,1.0,3.7394339264602254,0.9951666666666666,0.3557270706530334,30.458044963607275,12.00919114219392,-5.231804867733558e-05,0.0003392020572226498,True,0.8396460681782235,0.10083333333333333,0.8933765369193658,amber,0.0,0.0001727111393108803,0.0014213509080826389,1.0,0.9519649593781858,0.3977446665070489,1200,"{""sigma"": 1.5}",60.0,0.9999590277777778,5.542352202357924,0.4033333333333333,29260128,gaussian(1.5 px): input ideal d'=5.82 is within 1.2x of the floor (5): marginal — small dose changes cross it.,False,29269228,
signal,120.0,25.0,,60.0,,10.0,1.5,raw,none,0.8426561840065284,0.7243615801373218,0.593316484797978,0.6656715277777778,0.7504238065307555,0.7034638888888889,0.6337523447958316,0.6753625,0.01680545635048319,16.479749406546908,59.99268284119691,-0.05869005235954394,0.021528276266086714,True,0.4957605962166869,1.0,0.9967491515736899,red,0.01056398189780117,0.010983661940448442,0.01088495888521957,0.5,0.7041026886873014,4.005101610354136,1200,{},60.0,0.6656715277777778,0.593316484797978,1.0,29260128,"raw: input ideal d'=0.84 < 5 (prespecified floor, Rose): the input does not meet the detectability requirement and post-processing cannot restore it.",False,29263128,
signal,120.0,25.0,,60.0,,20.0,1.5,raw,none,1.6853123680130568,0.8833097279993577,1.3303978155517147,0.8248041666666667,1.4724749246617517,0.847525,1.2617778853044013,0.8134618055555556,0.017345430373506596,16.481234237577063,59.98259711763157,-0.058505561332691025,0.016680032360292522,True,0.6231638192126345,1.0,0.9783356830589179,red,0.007980271552744224,0.0085100226572593,0.008754619100931492,1.0,0.7894072581453977,2.004619513376888,1200,{},60.0,0.8248041666666667,1.3303978155517147,1.0,29260128,"raw: input ideal d'=1.69 < 5 (prespecified floor, Rose): the input does not meet the detectability requirement and post-processing cannot restore it.",False,29263228,
signal,120.0,25.0,,60.0,,10.0,3.0,raw,none,1.7329276368170845,0.8897811140599974,1.4653953662475796,0.8495909722222222,1.6942314591116079,0.8813388888888889,1.0775828229796076,0.7783361111111111,0.017191100497073578,16.48012866373767,59.98993018538025,-0.04019014183777514,0.015541799930378103,True,0.7150703522161291,1.0,0.9811771426539984,red,0.007078289878489734,0.007929281154408916,0.00943711945664807,0.5,0.8456183253786126,1.777981822589934,1200,{},60.0,0.8495909722222222,1.4653953662475796,1.0,29260128,"raw: input ideal d'=1.73 < 5 (prespecified floor, Rose): the input does not meet the detectability requirement and post-processing cannot restore it.",False,29266128,
signal,120.0,25.0,,60.0,,20.0,3.0,raw,none,3.465855273634169,0.9928716529681852,3.4102759398530282,0.9921673611111111,3.431230751011451,0.9918416666666666,2.4223728207940356,0.9559298611111111,0.01863583206197866,16.477075320063815,60.011321966691185,-0.0007042918570741019,0.0035494220638129623,True,0.9681846544156238,1.0,1.0152347044843126,red,0.0018480007244147134,0.0018106085863620089,0.004318956510174261,1.0,0.9839637464945666,0.8886628835631939,1200,{},60.0,0.9921673611111111,3.4102759398530282,1.0,29260128,"raw: input ideal d'=3.47 < 5 (prespecified floor, Rose): the input does not meet the detectability requirement and post-processing cannot restore it.",False,29266228,
signal,120.0,25.0,,60.0,,10.0,5.0,raw,none,2.911006412451428,0.9802237584170569,2.7567163918664233,0.9761729166666666,2.768239531569747,0.9751694444444444,1.3516790442604611,0.8312444444444445,0.01799248992818469,16.480781390248193,59.98582058503666,-0.004050841750390277,0.006208996396128517,True,0.8968046532978031,1.0,1.0111673855500207,red,0.003234089867009955,0.0031675592004008065,0.008365429293347278,0.5,0.9469977050118987,0.9730274480954453,1200,{},60.0,0.9761729166666666,2.7567163918664233,1.0,29260128,"raw: input ideal d'=2.91 < 5 (prespecified floor, Rose): the input does not meet the detectability requirement and post-processing cannot restore it.",False,29269128,
signal,120.0,25.0,,60.0,,20.0,5.0,raw,none,5.822012824902856,0.9999807902708996,5.542352202357924,0.9999590277777778,5.44815430267196,1.0,2.890286762981992,0.9787625,0.02085060875519448,16.473941592228414,60.0329671950055,-2.1762493121801896e-05,0.0002568905569311517,True,0.906237283883911,0.4033333333333333,0.996531533526188,amber,0.0,0.0001307147042025004,0.0029891961916467327,1.0,0.9519649593781858,0.4858601858455847,1200,{},60.0,0.9999590277777778,5.542352202357924,0.4033333333333333,29260128,raw: input ideal d'=5.82 is within 1.2x of the floor (5): marginal — small dose changes cross it.,False,29269228,
texture,120.0,25.0,,60.0,0.0,,,NLM(0.6 sd),nlm,3.465855273634169,0.9928716529681852,2.8641096084243354,0.977175,3.098893476426053,0.9864972222222222,2.7928094623284134,0.9766270833333334,0.2821493561894391,28.59176840663839,14.88670734074608,-0.015696652968185232,0.006076051305115309,True,0.6829020576764723,0.6608333333333334,0.621036396721441,red,0.002380101854630016,0.003099728825933795,0.0031369945794399454,,0.9461104378764668,0.5539476492967258,1200,"{""h"": 36.0, ""patch_distance"": 6, ""patch_size"": 5}",60.0,0.9884611111111111,3.279081850554485,1.0,29260128,"NLM(0.6 sd): input ideal d'=3.47 < 5 (prespecified floor, Rose): the input does not meet the detectability requirement and post-processing cannot restore it.",False,29262128,0.0
texture,120.0,25.0,,60.0,0.25,,,NLM(0.6 sd),nlm,3.7547370518688785,0.9960345799373341,2.6811227457261873,0.9695590277777778,3.1390927916980966,0.9873888888888889,2.9636114840576333,0.98194375,0.6053096130056427,36.96216329495462,5.694428086930138,-0.026475552159556326,0.007024903206899894,True,0.5098874674201076,0.395,0.5516672582102916,red,0.0022997642184040047,0.00358384583485284,0.0027546933541222553,,0.9426227620133752,0.48414599003982917,1200,"{""h"": 36.0, ""patch_distance"": 6, ""patch_size"": 5}",33.50001999239478,0.9928451388888889,3.5393006104666003,1.0,29260128,"NLM(0.6 sd): input ideal d'=3.75 < 5 (prespecified floor, Rose): the input does not meet the detectability requirement and post-processing cannot restore it.",False,29264128,6.0
texture,120.0,25.0,,60.0,0.5,,,NLM(0.6 sd),nlm,6.154588910664027,0.9999932534459398,2.5467094126794185,0.964175,3.4104850683452415,0.9921444444444445,3.0486595718714424,0.98390625,0.6447255069538227,38.13428178804652,4.97905843218219,-0.03581825344593981,0.007626123970918813,True,0.17122244208549017,0.23916666666666667,0.5075048352611812,amber,0.001813264481692966,0.003890596759237814,0.00259974197525769,,0.9542654649225961,0.4445339373845955,1200,"{""h"": 36.0, ""patch_distance"": 6, ""patch_size"": 5}",17.95755117152193,0.9999840277777777,5.873111648242262,0.9991666666666666,29260128,NLM(0.6 sd): task d' fell 57% against the unprocessed input (5.87 -> 2.55) while fidelity improved: fidelity-task discordance.,True,29266128,6.0
texture,120.0,25.0,,60.0,1.0,,,NLM(0.6 sd),nlm,9.97053385555633,0.9999999999991069,2.3869618687164578,0.9573930555555555,3.776421498591349,0.9953,3.2981877089779608,0.9896027777777778,0.6750616900385631,39.077499865057256,4.470288104675542,-0.0426069444435514,0.008322812213855993,True,0.05731313140539987,0.12083333333333333,0.49974452671373926,red,0.0014015658856319632,0.0042460564760655566,0.0020872179270025755,,0.9860934081010077,0.40487114088844656,1200,"{""h"": 36.0, ""patch_distance"": 6, ""patch_size"": 5}",10.3739926928523,1.0,9.831877710212021,0.9183333333333333,29260128,NLM(0.6 sd): only 50% of the true lesion contrast survives: erasure.,True,29268128,6.0
texture,120.0,25.0,,60.0,0.0,,,TV(0.4 sd),tv,3.465855273634169,0.9928716529681852,3.258883896119086,0.9877076388888889,3.3348621468120685,0.9905111111111111,2.5554607545179495,0.9655888888888889,0.10931065661548554,23.797556543637484,25.841194366337284,-0.005164014079296342,0.004450534770115598,True,0.8841316327604225,0.9991666666666666,0.8947147626678872,red,0.001993579289116123,0.002270368415323407,0.003812386829897029,,0.9461104378764668,0.7736053046068887,1200,"{""max_num_iter"": 200, ""weight"": 24.0}",60.0,0.9884611111111111,3.279081850554485,1.0,29260128,"TV(0.4 sd): input ideal d'=3.47 < 5 (prespecified floor, Rose): the input does not meet the detectability requirement and post-processing cannot restore it.",False,29262128,0.0
texture,120.0,25.0,,60.0,0.25,,,TV(0.4 sd),tv,3.7547370518688785,0.9960345799373341,3.279365359968876,0.9902375,3.325865459110764,0.9894416666666667,2.8113591454586015,0.9759861111111111,0.355305199164271,30.681647290843884,11.708673644332732,-0.0057970799373341375,0.003964201891243011,True,0.7628173338471125,0.9441666666666667,0.797471835367758,red,0.002103397988880776,0.002022234835977706,0.003180047540728151,,0.9426227620133752,0.6640142243753561,1200,"{""max_num_iter"": 200, ""weight"": 24.0}",33.50001999239478,0.9928451388888889,3.5393006104666003,1.0,29260128,"TV(0.4 sd): input ideal d'=3.75 < 5 (prespecified floor, Rose): the input does not meet the detectability requirement and post-processing cannot restore it.",False,29264128,6.0
texture,120.0,25.0,,60.0,0.5,,,TV(0.4 sd),tv,6.154588910664027,0.9999932534459398,3.4813835292474593,0.9945777777777778,3.3918711678226887,0.9925055555555555,2.9251969177607386,0.9844826388888889,0.4729811218757999,33.83108754717171,8.352869276938806,-0.005415475668162029,0.0029517221787217305,True,0.3199673324426474,0.7291666666666666,0.7726062603676763,amber,0.0017709568808048292,0.0015056540617861432,0.0025524841249518967,,0.9542654649225961,0.5849354861275082,1200,"{""max_num_iter"": 200, ""weight"": 24.0}",17.95755117152193,0.9999840277777777,5.873111648242262,0.9991666666666666,29260128,TV(0.4 sd): task d' fell 41% against the unprocessed input (5.87 -> 3.48) while fidelity improved: fidelity-task discordance.,True,29266128,6.0
texture,120.0,25.0,,60.0,1.0,,,TV(0.4 sd),tv,9.97053385555633,0.9999999999991069,4.0374447536822,0.9997180555555556,4.140090411887642,0.9982638888888888,3.6410394923005427,0.9954020833333334,0.6111161843268078,37.55825662730422,5.3232257446230316,-0.00028194444355134074,0.0006727969487997818,True,0.16397451703641505,0.39916666666666667,0.707728144980778,amber,0.0008512341684121822,0.00034291574215485396,0.001386228736358236,,0.9860934081010077,0.48609554773204317,1200,"{""max_num_iter"": 200, ""weight"": 24.0}",10.3739926928523,1.0,9.831877710212021,0.9183333333333333,29260128,TV(0.4 sd): task d' fell 59% against the unprocessed input (9.83 -> 4.04) while fidelity improved: fidelity-task discordance.,True,29268128,6.0
texture,120.0,25.0,,60.0,0.0,,,gaussian(1.5 px),gaussian,3.465855273634169,0.9928716529681852,2.7644717934397,0.9732208333333333,3.349502962851138,0.9908722222222223,2.7176187064552133,0.9727784722222222,0.33615228121221746,30.480982126682903,11.977878459352844,-0.019650819634851935,0.006585398353097225,True,0.6362143770650176,0.98,0.819397789722254,red,0.0019551265665085187,0.003359604544059016,0.003387464659338178,,0.9461104378764668,0.6951290749730525,1200,"{""sigma"": 1.5}",60.0,0.9884611111111111,3.279081850554485,1.0,29260128,"gaussian(1.5 px): input ideal d'=3.47 < 5 (prespecified floor, Rose): the input does not meet the detectability requirement and post-processing cannot restore it.",False,29262128,0.0
texture,120.0,25.0,,60.0,0.25,,,gaussian(1.5 px),gaussian,3.7547370518688785,0.9960345799373341,2.785815392296904,0.9756402777777777,3.343191131896724,0.9897083333333333,2.7811128620292136,0.9743277777777778,0.35374145438341137,31.06795185982023,11.195593305898813,-0.0203943021595564,0.0062785406237632485,True,0.5504851535514873,0.97,0.8174046208053966,red,0.0020765499232341476,0.003203041601191478,0.0032888781035564935,,0.9426227620133752,0.6863144073588394,1200,"{""sigma"": 1.5}",33.50001999239478,0.9928451388888889,3.5393006104666003,1.0,29260128,"gaussian(1.5 px): input ideal d'=3.75 < 5 (prespecified floor, Rose): the input does not meet the detectability requirement and post-processing cannot restore it.",False,29264128,6.0
texture,120.0,25.0,,60.0,0.5,,,gaussian(1.5 px),gaussian,6.154588910664027,0.9999932534459398,3.0054885853697693,0.9831166666666666,3.567370855146089,0.9943805555555556,3.059424199219602,0.9856201388888889,0.4026512551467439,32.330804023812426,9.683620372654406,-0.016876586779273173,0.005220364399338856,True,0.23846907427491418,0.9325,0.8249132569208304,amber,0.001532860860671905,0.00266314585169243,0.002456609821132032,,0.9542654649225961,0.6490030457151913,1200,"{""sigma"": 1.5}",17.95755117152193,0.9999840277777777,5.873111648242262,0.9991666666666666,29260128,gaussian(1.5 px): task d' fell 49% against the unprocessed input (5.87 -> 3.01) while fidelity improved: fidelity-task discordance.,True,29266128,6.0
texture,120.0,25.0,,60.0,1.0,,,gaussian(1.5 px),gaussian,9.97053385555633,0.9999999999991069,4.618843444006595,0.9989534722222222,4.49470597935229,0.9984833333333333,3.803919803759532,0.9962666666666666,0.5174798891118022,35.20892254649367,6.959435682292443,-0.0010465277768847425,0.001295817009846717,True,0.21459997107939238,0.7508333333333334,0.8256027787871726,amber,0.0007955770578769118,0.0006607889612350198,0.0012488645055665996,,0.9860934081010077,0.5745296929377253,1200,"{""sigma"": 1.5}",10.3739926928523,1.0,9.831877710212021,0.9183333333333333,29260128,gaussian(1.5 px): task d' fell 53% against the unprocessed input (9.83 -> 4.62) while fidelity improved: fidelity-task discordance.,True,29268128,6.0
texture,120.0,25.0,,60.0,0.0,,,raw,none,3.465855273634169,0.9928716529681852,3.279081850554485,0.9884611111111111,3.3541746836915274,0.9908555555555556,2.30995320067015,0.9500020833333334,0.018691227000403307,16.47731894811427,60.00952971178912,-0.004410541857074124,0.0043113373243143915,True,0.8951249606587997,1.0,0.9922514512907007,red,0.0019569176973568293,0.0021993480053060913,0.0046025606525951805,,0.9461104378764668,0.8961324608576604,1200,{},60.0,0.9884611111111111,3.279081850554485,1.0,29260128,"raw: input ideal d'=3.47 < 5 (prespecified floor, Rose): the input does not meet the detectability requirement and post-processing cannot restore it.",False,29262128,0.0
texture,120.0,25.0,,60.0,0.25,,,raw,none,3.7547370518688785,0.9960345799373341,3.5393006104666003,0.9928451388888889,3.3736654410678453,0.9903222222222222,2.4888981731166613,0.96225625,0.05936660394240813,21.534301555071433,33.52670456350839,-0.0031894410484452074,0.003391902085045767,True,0.8885376714657243,1.0,0.9859767393235772,red,0.0020134047409018085,0.0017302397734605,0.0039943260680215835,,0.9426227620133752,0.8426193277115334,1200,{},33.50001999239478,0.9928451388888889,3.5393006104666003,1.0,29260128,"raw: input ideal d'=3.75 < 5 (prespecified floor, Rose): the input does not meet the detectability requirement and post-processing cannot restore it.",False,29264128,6.0
texture,120.0,25.0,,60.0,0.5,,,raw,none,6.154588910664027,0.9999932534459398,5.873111648242262,0.9999840277777777,3.6007496882597287,0.9948722222222223,2.993016690801285,0.9828076388888889,0.18325111235042613,26.9616188020594,17.95215941047602,-9.225668162082812e-06,0.00016065310104443277,True,0.9106225775439385,0.9991666666666666,0.994432771329692,green,0.0014641039413123317,8.161305914890366e-05,0.0026875620010510443,,0.9542654649225961,0.7517611543638627,1200,{},17.95755117152193,0.9999840277777777,5.873111648242262,0.9991666666666666,29260128,raw: input ideal d'=6.15 meets the floor and the processed task d'=5.87 follows it; no excess false structure or erasure.,True,29266128,6.0
texture,120.0,25.0,,60.0,1.0,,,raw,none,9.97053385555633,0.9999999999991069,9.831877710212021,1.0,4.773729312879369,0.9990027777777778,4.536302591584256,0.9993222222222222,0.37474430553091187,31.746639288678775,10.352315677157128,8.930634010084759e-13,6.944444444444445e-07,True,0.9723802095002604,0.9183333333333333,0.9985157211358584,green,0.0006450273519329221,0.0,0.0005317307280427317,,0.9860934081010077,0.6331907415038835,1200,{},10.3739926928523,1.0,9.831877710212021,0.9183333333333333,29260128,raw: input ideal d'=9.97 meets the floor and the processed task d'=9.83 follows it; no excess false structure or erasure.,True,29268128,6.0
